datetime,head
2016-11-15 12:00,136.831
2016-11-15 16:00,136.8264114
2016-11-15 20:00,136.8062213
2016-11-16 00:00,136.8321217
2016-11-16 04:00,136.8289606
2016-11-16 08:00,136.8574102
2016-11-16 12:00,136.8599595
2016-11-16 16:00,136.8519039
2016-11-16 20:00,136.8418088
2016-11-17 00:00,136.8435423
2016-11-17 04:00,136.8317138
2016-11-17 08:00,136.8386478
2016-11-17 12:00,136.8419108
2016-11-17 16:00,136.8368123
2016-11-17 20:00,136.8402793
2016-11-18 00:00,136.834365
2016-11-18 04:00,136.8441541
2016-11-18 08:00,136.8508842
2016-11-18 12:00,136.8500684
2016-11-18 16:00,136.8422167
2016-11-18 20:00,136.8554728
2016-11-19 00:00,136.8498645
2016-11-19 04:00,136.858328
2016-11-19 08:00,136.8586339
2016-11-19 12:00,136.8629166
2016-11-19 16:00,136.8618969
2016-11-19 20:00,136.8498645
2016-11-20 00:00,136.8682191
2016-11-20 04:00,136.8681171
2016-11-20 08:00,136.8592457
2016-11-20 12:00,136.8569004
2016-11-20 16:00,136.8518019
2016-11-20 20:00,136.8608772
2016-11-21 00:00,136.87189
2016-11-21 04:00,136.8714821
2016-11-21 08:00,136.8666895
2016-11-21 12:00,136.8671994
2016-11-21 16:00,136.8576142
2016-11-21 20:00,136.8757648
2016-11-22 00:00,136.868525
2016-11-22 04:00,136.875357
2016-11-22 08:00,136.8680151
2016-11-22 12:00,136.8762747
2016-11-22 16:00,136.8781101
2016-11-22 20:00,136.8767845
2016-11-23 00:00,136.8725018
2016-11-23 04:00,136.8713801
2016-11-23 08:00,136.8745412
2016-11-23 12:00,136.8758668
2016-11-23 16:00,136.8749491
2016-11-23 20:00,136.8712782
2016-11-24 00:00,136.8726038
2016-11-24 04:00,136.8668934
2016-11-24 08:00,136.8730116
2016-11-24 12:00,136.8682191
2016-11-24 16:00,136.8726038
2016-11-24 20:00,136.8662816
2016-11-25 00:00,136.8625087
2016-11-25 04:00,136.8666895
2016-11-25 08:00,136.8587358
2016-11-25 12:00,136.865058
2016-11-25 16:00,136.8665875
2016-11-25 20:00,136.8619989
2016-11-26 00:00,136.8694427
2016-11-26 04:00,136.8745412
2016-11-26 08:00,136.868423
2016-11-26 12:00,136.8741333
2016-11-26 16:00,136.8659757
2016-11-26 20:00,136.8627127
2016-11-27 00:00,136.8572063
2016-11-27 04:00,136.8613871
2016-11-27 08:00,136.8515979
2016-11-27 12:00,136.858226
2016-11-27 16:00,136.8534334
2016-11-27 20:00,136.8466014
2016-11-28 00:00,136.8392596
2016-11-28 04:00,136.8459896
2016-11-28 08:00,136.8534334
2016-11-28 12:00,136.8466014
2016-11-28 16:00,136.8624068
2016-11-28 20:00,136.8606733
2016-11-29 00:00,136.8518019
2016-11-29 04:00,136.8501704
2016-11-29 08:00,136.854657
2016-11-29 12:00,136.8498645
2016-11-29 16:00,136.8504763
2016-11-29 20:00,136.8420128
2016-11-30 00:00,136.8471113
2016-11-30 04:00,136.8453778
2016-11-30 08:00,136.8420128
2016-11-30 12:00,136.8469073
2016-11-30 16:00,136.8420128
2016-11-30 20:00,136.8359965
2016-12-01 00:00,136.8435423
2016-12-01 04:00,136.8372202
2016-12-01 08:00,136.83773
2016-12-01 12:00,136.8473152
2016-12-01 16:00,136.841299
2016-12-01 20:00,136.8420128
2016-12-02 00:00,136.8427266
2016-12-02 04:00,136.8371182
2016-12-02 08:00,136.8340591
2016-12-02 12:00,136.8291645
2016-12-02 16:00,136.8370162
2016-12-02 20:00,136.8364044
2016-12-03 00:00,136.8305921
2016-12-03 04:00,136.8338552
2016-12-03 08:00,136.8341611
2016-12-03 12:00,136.8284508
2016-12-03 16:00,136.8294705
2016-12-03 20:00,136.8314079
2016-12-04 00:00,136.8303882
2016-12-04 04:00,136.8357926
2016-12-04 08:00,136.8363024
2016-12-04 12:00,136.8381379
2016-12-04 16:00,136.8357926
2016-12-04 20:00,136.8380359
2016-12-05 00:00,136.8382399
2016-12-05 04:00,136.844664
2016-12-05 08:00,136.8269212
2016-12-05 12:00,136.8272271
2016-12-05 16:00,136.834263
2016-12-05 20:00,136.8292665
2016-12-06 00:00,136.8384438
2016-12-06 04:00,136.8295724
2016-12-06 08:00,136.8289606
2016-12-06 12:00,136.8210069
2016-12-06 16:00,136.8316118
2016-12-06 20:00,136.8331414
2016-12-07 00:00,136.8230463
2016-12-07 04:00,136.8223326
2016-12-07 08:00,136.8287567
2016-12-07 12:00,136.8401773
2016-12-07 16:00,136.8385458
2016-12-07 20:00,136.837934
2016-12-08 00:00,136.8398714
2016-12-08 04:00,136.8384438
2016-12-08 08:00,136.8292665
2016-12-08 12:00,136.8330394
2016-12-08 16:00,136.8257995
2016-12-08 20:00,136.8245759
2016-12-09 00:00,136.8358946
2016-12-09 04:00,136.8286547
2016-12-09 08:00,136.8313059
2016-12-09 12:00,136.8281448
2016-12-09 16:00,136.8295724
2016-12-09 20:00,136.8284508
2016-12-10 00:00,136.8290626
2016-12-10 04:00,136.8383418
2016-12-10 08:00,136.8265133
2016-12-10 12:00,136.820905
2016-12-10 16:00,136.8230463
2016-12-10 20:00,136.824372
2016-12-11 00:00,136.8284508
2016-12-11 04:00,136.824066
2016-12-11 08:00,136.8297764
2016-12-11 12:00,136.8307961
2016-12-11 16:00,136.8266153
2016-12-11 20:00,136.820701
2016-12-12 00:00,136.8287567
2016-12-12 04:00,136.8303882
2016-12-12 08:00,136.8229444
2016-12-12 12:00,136.8294705
2016-12-12 16:00,136.834365
2016-12-12 20:00,136.8256976
2016-12-13 00:00,136.8292665
2016-12-13 04:00,136.8347729
2016-12-13 08:00,136.8336512
2016-12-13 12:00,136.8329374
2016-12-13 16:00,136.8249838
2016-12-13 20:00,136.8231483
2016-12-14 00:00,136.8189675
2016-12-14 04:00,136.8202932
2016-12-14 08:00,136.8281448
2016-12-14 12:00,136.8244739
2016-12-14 16:00,136.8232503
2016-12-14 20:00,136.824168
2016-12-15 00:00,136.8285527
2016-12-15 04:00,136.8298783
2016-12-15 08:00,136.8279409
2016-12-15 12:00,136.8263094
2016-12-15 16:00,136.8254936
2016-12-15 20:00,136.8244739
2016-12-16 00:00,136.8247798
2016-12-16 04:00,136.8286547
2016-12-16 08:00,136.8225365
2016-12-16 12:00,136.8264114
2016-12-16 16:00,136.8249838
2016-12-16 20:00,136.8223326
2016-12-17 00:00,136.8223326
2016-12-17 04:00,136.8315099
2016-12-17 08:00,136.8302862
2016-12-17 12:00,136.8262074
2016-12-17 16:00,136.8282468
2016-12-17 20:00,136.8331414
2016-12-18 00:00,136.8282468
2016-12-18 04:00,136.824066
2016-12-18 08:00,136.8266153
2016-12-18 12:00,136.8260035
2016-12-18 16:00,136.8225365
2016-12-18 20:00,136.8229444
2016-12-19 00:00,136.8253917
2016-12-19 04:00,136.8273291
2016-12-19 08:00,136.8218227
2016-12-19 12:00,136.8306941
2016-12-19 16:00,136.8305921
2016-12-19 20:00,136.8283488
2016-12-20 00:00,136.8257995
2016-12-20 04:00,136.8254936
2016-12-20 08:00,136.8301842
2016-12-20 12:00,136.8351808
2016-12-20 16:00,136.8251877
2016-12-20 20:00,136.8233523
2016-12-21 00:00,136.8288586
2016-12-21 04:00,136.8364044
2016-12-21 08:00,136.8400753
2016-12-21 12:00,136.8403812
2016-12-21 16:00,136.8372202
2016-12-21 20:00,136.8384438
2016-12-22 00:00,136.8442561
2016-12-22 04:00,136.834365
2016-12-22 08:00,136.8418088
2016-12-22 12:00,136.8387497
2016-12-22 16:00,136.8473152
2016-12-22 20:00,136.8464994
2016-12-23 00:00,136.8397694
2016-12-23 04:00,136.8431344
2016-12-23 08:00,136.8370162
2016-12-23 12:00,136.8358946
2016-12-23 16:00,136.8438482
2016-12-23 20:00,136.8402793
2016-12-24 00:00,136.8557787
2016-12-24 04:00,136.8556767
2016-12-24 08:00,136.8430325
2016-12-24 12:00,136.8463975
2016-12-24 16:00,136.8484369
2016-12-24 20:00,136.8510881
2016-12-25 00:00,136.8511901
2016-12-25 04:00,136.8518019
2016-12-25 08:00,136.8499664
2016-12-25 12:00,136.8491507
2016-12-25 16:00,136.854657
2016-12-25 20:00,136.8466014
2016-12-26 00:00,136.851496
2016-12-26 04:00,136.8542492
2016-12-26 08:00,136.8483349
2016-12-26 12:00,136.8494566
2016-12-26 16:00,136.8590418
2016-12-26 20:00,136.8559827
2016-12-27 00:00,136.8454797
2016-12-27 04:00,136.834365
2016-12-27 08:00,136.8356906
2016-12-27 12:00,136.8327335
2016-12-27 16:00,136.8396675
2016-12-27 20:00,136.8396675
2016-12-28 00:00,136.8402793
2016-12-28 04:00,136.8358946
2016-12-28 08:00,136.8355887
2016-12-28 12:00,136.8380359
2016-12-28 16:00,136.8423187
2016-12-28 20:00,136.8416049
2016-12-29 00:00,136.8357926
2016-12-29 04:00,136.8402793
2016-12-29 08:00,136.8407891
2016-12-29 12:00,136.8429305
2016-12-29 16:00,136.8436443
2016-12-29 20:00,136.8472132
2016-12-30 00:00,136.8423187
2016-12-30 04:00,136.8416049
2016-12-30 08:00,136.851496
2016-12-30 12:00,136.841197
2016-12-30 16:00,136.8434403
2016-12-30 20:00,136.8399734
2016-12-31 00:00,136.841095
2016-12-31 04:00,136.8451738
2016-12-31 08:00,136.8455817
2016-12-31 12:00,136.8476211
2016-12-31 16:00,136.8428285
2016-12-31 20:00,136.837832
2017-01-01 00:00,136.844766
2017-01-01 04:00,136.8421147
2017-01-01 08:00,136.8404832
2017-01-01 12:00,136.8427266
2017-01-01 16:00,136.8337532
2017-01-01 20:00,136.8329374
2017-01-02 00:00,136.8358946
2017-01-02 04:00,136.8380359
2017-01-02 08:00,136.8441541
2017-01-02 12:00,136.8332433
2017-01-02 16:00,136.8400753
2017-01-02 20:00,136.8372202
2017-01-03 00:00,136.8388517
2017-01-03 04:00,136.8333453
2017-01-03 08:00,136.8368123
2017-01-03 12:00,136.8484369
2017-01-03 16:00,136.8433384
2017-01-03 20:00,136.8395655
2017-01-04 00:00,136.8384438
2017-01-04 04:00,136.8299803
2017-01-04 08:00,136.8256976
2017-01-04 12:00,136.8246779
2017-01-04 16:00,136.8200892
2017-01-04 20:00,136.827635
2017-01-05 00:00,136.8150927
2017-01-05 04:00,136.8267173
2017-01-05 08:00,136.8200892
2017-01-05 12:00,136.8297764
2017-01-05 16:00,136.827737
2017-01-05 20:00,136.8264114
2017-01-06 00:00,136.8315099
2017-01-06 04:00,136.8339571
2017-01-06 08:00,136.8338552
2017-01-06 12:00,136.8362005
2017-01-06 16:00,136.8398714
2017-01-06 20:00,136.8371182
2017-01-07 00:00,136.8416049
2017-01-07 04:00,136.8429305
2017-01-07 08:00,136.8416049
2017-01-07 12:00,136.8428285
2017-01-07 16:00,136.8425226
2017-01-07 20:00,136.8368123
2017-01-08 00:00,136.8393615
2017-01-08 04:00,136.8438482
2017-01-08 08:00,136.8461935
2017-01-08 12:00,136.8391576
2017-01-08 16:00,136.8450719
2017-01-08 20:00,136.8373221
2017-01-09 00:00,136.8415029
2017-01-09 04:00,136.8430325
2017-01-09 08:00,136.8448679
2017-01-09 12:00,136.8439502
2017-01-09 16:00,136.8416049
2017-01-09 20:00,136.8401773
2017-01-10 00:00,136.8484369
2017-01-10 04:00,136.844664
2017-01-10 08:00,136.841299
2017-01-10 12:00,136.8321217
2017-01-10 16:00,136.8358946
2017-01-10 20:00,136.8421147
2017-01-11 00:00,136.8450719
2017-01-11 04:00,136.8404832
2017-01-11 08:00,136.8436443
2017-01-11 12:00,136.8500684
2017-01-11 16:00,136.8521078
2017-01-11 20:00,136.8563905
2017-01-12 00:00,136.8500684
2017-01-12 04:00,136.8468054
2017-01-12 08:00,136.8506802
2017-01-12 12:00,136.8473152
2017-01-12 16:00,136.8469073
2017-01-12 20:00,136.848131
2017-01-13 00:00,136.8395655
2017-01-13 04:00,136.8424206
2017-01-13 08:00,136.8360985
2017-01-13 12:00,136.8373221
2017-01-13 16:00,136.8418088
2017-01-13 20:00,136.8408911
2017-01-14 00:00,136.8485388
2017-01-14 04:00,136.8351808
2017-01-14 08:00,136.8460916
2017-01-14 12:00,136.8270232
2017-01-14 16:00,136.8283488
2017-01-14 20:00,136.8319177
2017-01-15 00:00,136.830898
2017-01-15 04:00,136.8239641
2017-01-15 08:00,136.8325296
2017-01-15 12:00,136.8283488
2017-01-15 16:00,136.8261054
2017-01-15 20:00,136.8274311
2017-01-16 00:00,136.8282468
2017-01-16 04:00,136.8211089
2017-01-16 08:00,136.8181518
2017-01-16 12:00,136.820803
2017-01-16 16:00,136.8222306
2017-01-16 20:00,136.8196813
2017-01-17 00:00,136.820905
2017-01-17 04:00,136.82427
2017-01-17 08:00,136.8292665
2017-01-17 12:00,136.8200892
2017-01-17 16:00,136.8278389
2017-01-17 20:00,136.8218227
2017-01-18 00:00,136.8203951
2017-01-18 04:00,136.8282468
2017-01-18 08:00,136.8232503
2017-01-18 12:00,136.8224345
2017-01-18 16:00,136.8152966
2017-01-18 20:00,136.8260035
2017-01-19 00:00,136.8193754
2017-01-19 04:00,136.8198853
2017-01-19 08:00,136.8222306
2017-01-19 12:00,136.8180498
2017-01-19 16:00,136.8204971
2017-01-19 20:00,136.8169281
2017-01-20 00:00,136.8183557
2017-01-20 04:00,136.8120336
2017-01-20 08:00,136.8119316
2017-01-20 12:00,136.8222306
2017-01-20 16:00,136.8159084
2017-01-20 20:00,136.8247798
2017-01-21 00:00,136.8170301
2017-01-21 04:00,136.8149907
2017-01-21 08:00,136.8213129
2017-01-21 12:00,136.8204971
2017-01-21 16:00,136.8170301
2017-01-21 20:00,136.8153986
2017-01-22 00:00,136.8211089
2017-01-22 04:00,136.8204971
2017-01-22 08:00,136.8137671
2017-01-22 12:00,136.8152966
2017-01-22 16:00,136.8132572
2017-01-22 20:00,136.817438
2017-01-23 00:00,136.8150927
2017-01-23 04:00,136.8151947
2017-01-23 08:00,136.8127474
2017-01-23 12:00,136.8156025
2017-01-23 16:00,136.8153986
2017-01-23 20:00,136.8082607
2017-01-24 00:00,136.8070371
2017-01-24 04:00,136.8058134
2017-01-24 08:00,136.8094843
2017-01-24 12:00,136.8047937
2017-01-24 16:00,136.7882746
2017-01-24 20:00,136.7840938
2017-01-25 00:00,136.793679
2017-01-25 04:00,136.7904159
2017-01-25 08:00,136.7916396
2017-01-25 12:00,136.79011
2017-01-25 16:00,136.7877647
2017-01-25 20:00,136.78338
2017-01-26 00:00,136.7928632
2017-01-26 04:00,136.7919455
2017-01-26 08:00,136.7879687
2017-01-26 12:00,136.803978
2017-01-26 16:00,136.7950046
2017-01-26 20:00,136.7980637
2017-01-27 00:00,136.7881726
2017-01-27 04:00,136.7866431
2017-01-27 08:00,136.7977578
2017-01-27 12:00,136.790314
2017-01-27 16:00,136.7951066
2017-01-27 20:00,136.7960243
2017-01-28 00:00,136.800307
2017-01-28 04:00,136.7837879
2017-01-28 08:00,136.7897022
2017-01-28 12:00,136.8007149
2017-01-28 16:00,136.7875608
2017-01-28 20:00,136.7884785
2017-01-29 00:00,136.7863371
2017-01-29 04:00,136.8019386
2017-01-29 08:00,136.7959223
2017-01-29 12:00,136.7956164
2017-01-29 16:00,136.79011
2017-01-29 20:00,136.7883765
2017-01-30 00:00,136.7946987
2017-01-30 04:00,136.7849096
2017-01-30 08:00,136.7872549
2017-01-30 12:00,136.7811367
2017-01-30 16:00,136.7942908
2017-01-30 20:00,136.7911297
2017-01-31 00:00,136.7880706
2017-01-31 04:00,136.7908238
2017-01-31 08:00,136.7855214
2017-01-31 12:00,136.7960243
2017-01-31 16:00,136.7857253
2017-01-31 20:00,136.7876628
2017-02-01 00:00,136.7805249
2017-02-01 04:00,136.7874588
2017-02-01 08:00,136.7911297
2017-02-01 12:00,136.7855214
2017-02-01 16:00,136.7871529
2017-02-01 20:00,136.7864391
2017-02-02 00:00,136.7911297
2017-02-02 04:00,136.7817485
2017-02-02 08:00,136.78338
2017-02-02 12:00,136.7798111
2017-02-02 16:00,136.7856234
2017-02-02 20:00,136.7824623
2017-02-03 00:00,136.7877647
2017-02-03 04:00,136.7826662
2017-02-03 08:00,136.7841958
2017-02-03 12:00,136.7794032
2017-02-03 16:00,136.7863371
2017-02-03 20:00,136.7861332
2017-02-04 00:00,136.7817485
2017-02-04 04:00,136.7887844
2017-02-04 08:00,136.7925573
2017-02-04 12:00,136.7923534
2017-02-04 16:00,136.7821564
2017-02-04 20:00,136.7825643
2017-02-05 00:00,136.7776697
2017-02-05 04:00,136.7782815
2017-02-05 08:00,136.7829721
2017-02-05 12:00,136.7822583
2017-02-05 16:00,136.7774658
2017-02-05 20:00,136.7770579
2017-02-06 00:00,136.7762421
2017-02-06 04:00,136.7728771
2017-02-06 08:00,136.7788933
2017-02-06 12:00,136.7710416
2017-02-06 16:00,136.7743047
2017-02-06 20:00,136.7810347
2017-02-07 00:00,136.773387
2017-02-07 04:00,136.7824623
2017-02-07 08:00,136.7773638
2017-02-07 12:00,136.7704298
2017-02-07 16:00,136.773183
2017-02-07 20:00,136.7807288
2017-02-08 00:00,136.7744067
2017-02-08 04:00,136.7785874
2017-02-08 08:00,136.7755283
2017-02-08 12:00,136.7780776
2017-02-08 16:00,136.7668609
2017-02-08 20:00,136.783278
2017-02-09 00:00,136.7687983
2017-02-09 04:00,136.7674727
2017-02-09 08:00,136.776548
2017-02-09 12:00,136.7712456
2017-02-09 16:00,136.7741007
2017-02-09 20:00,136.7758342
2017-02-10 00:00,136.7749165
2017-02-10 04:00,136.762986
2017-02-10 08:00,136.7696141
2017-02-10 12:00,136.7652294
2017-02-10 16:00,136.773387
2017-02-10 20:00,136.7635978
2017-02-11 00:00,136.7692062
2017-02-11 04:00,136.7703279
2017-02-11 08:00,136.7627821
2017-02-11 12:00,136.7655353
2017-02-11 16:00,136.7607427
2017-02-11 20:00,136.7717554
2017-02-12 00:00,136.7658412
2017-02-12 04:00,136.7649234
2017-02-12 08:00,136.7659431
2017-02-12 12:00,136.7658412
2017-02-12 16:00,136.7621703
2017-02-12 20:00,136.7621703
2017-02-13 00:00,136.7621703
2017-02-13 04:00,136.7673707
2017-02-13 08:00,136.7619663
2017-02-13 12:00,136.752891
2017-02-13 16:00,136.7728771
2017-02-13 20:00,136.7685944
2017-02-14 00:00,136.7636998
2017-02-14 04:00,136.76319
2017-02-14 08:00,136.7504437
2017-02-14 12:00,136.7604368
2017-02-14 16:00,136.7542166
2017-02-14 20:00,136.7602328
2017-02-15 00:00,136.7523811
2017-02-15 04:00,136.7633939
2017-02-15 08:00,136.752891
2017-02-15 12:00,136.7508516
2017-02-15 16:00,136.7578875
2017-02-15 20:00,136.7543186
2017-02-16 00:00,136.7602328
2017-02-16 04:00,136.7550324
2017-02-16 08:00,136.756358
2017-02-16 12:00,136.7620683
2017-02-16 16:00,136.7605387
2017-02-16 20:00,136.7540127
2017-02-17 00:00,136.749322
2017-02-17 04:00,136.752993
2017-02-17 08:00,136.7491181
2017-02-17 12:00,136.7452432
2017-02-17 16:00,136.7453452
2017-02-17 20:00,136.7482004
2017-02-18 00:00,136.7486082
2017-02-18 04:00,136.7554402
2017-02-18 08:00,136.7559501
2017-02-18 12:00,136.7466708
2017-02-18 16:00,136.7566639
2017-02-18 20:00,136.7625781
2017-02-19 00:00,136.7421841
2017-02-19 04:00,136.7443255
2017-02-19 08:00,136.7410625
2017-02-19 12:00,136.7382073
2017-02-19 16:00,136.7544205
2017-02-19 20:00,136.7499339
2017-02-20 00:00,136.7435097
2017-02-20 04:00,136.7557461
2017-02-20 08:00,136.7470787
2017-02-20 12:00,136.7422861
2017-02-20 16:00,136.7540127
2017-02-20 20:00,136.7522792
2017-02-21 00:00,136.7432038
2017-02-21 04:00,136.7522792
2017-02-21 08:00,136.7394309
2017-02-21 12:00,136.7450393
2017-02-21 16:00,136.7486082
2017-02-21 20:00,136.7524831
2017-02-22 00:00,136.7479964
2017-02-22 04:00,136.7531969
2017-02-22 08:00,136.76319
2017-02-22 12:00,136.7517693
2017-02-22 16:00,136.7538087
2017-02-22 20:00,136.7464669
2017-02-23 00:00,136.7483023
2017-02-23 04:00,136.7400428
2017-02-23 08:00,136.7416743
2017-02-23 12:00,136.7504437
2017-02-23 16:00,136.7537067
2017-02-23 20:00,136.7470787
2017-02-24 00:00,136.7345364
2017-02-24 04:00,136.7354541
2017-02-24 08:00,136.7394309
2017-02-24 12:00,136.7387172
2017-02-24 16:00,136.7439176
2017-02-24 20:00,136.7398388
2017-02-25 00:00,136.7349443
2017-02-25 04:00,136.7411644
2017-02-25 08:00,136.7447334
2017-02-25 12:00,136.7367797
2017-02-25 16:00,136.7448354
2017-02-25 20:00,136.7438157
2017-02-26 00:00,136.7407566
2017-02-26 04:00,136.7374935
2017-02-26 08:00,136.7390231
2017-02-26 12:00,136.7386152
2017-02-26 16:00,136.7383093
2017-02-26 20:00,136.7374935
2017-02-27 00:00,136.7422861
2017-02-27 04:00,136.7379014
2017-02-27 08:00,136.7409605
2017-02-27 12:00,136.7319871
2017-02-27 16:00,136.7403487
2017-02-27 20:00,136.7370856
2017-02-28 00:00,136.7473846
2017-02-28 04:00,136.7532989
2017-02-28 08:00,136.7545225
2017-02-28 12:00,136.7656372
2017-02-28 16:00,136.7860312
2017-02-28 20:00,136.7826662
2017-03-01 00:00,136.786847
2017-03-01 04:00,136.7932711
2017-03-01 08:00,136.7892943
2017-03-01 12:00,136.7846037
2017-03-01 16:00,136.790314
2017-03-01 20:00,136.7914356
2017-03-02 00:00,136.7891923
2017-03-02 04:00,136.8024484
2017-03-02 08:00,136.7933731
2017-03-02 12:00,136.7851135
2017-03-02 16:00,136.7985735
2017-03-02 20:00,136.7830741
2017-03-03 00:00,136.7927613
2017-03-03 04:00,136.7959223
2017-03-03 08:00,136.7904159
2017-03-03 12:00,136.7838899
2017-03-03 16:00,136.7925573
2017-03-03 20:00,136.7847056
2017-03-04 00:00,136.793577
2017-03-04 04:00,136.7908238
2017-03-04 08:00,136.7810347
2017-03-04 12:00,136.7909258
2017-03-04 16:00,136.7886825
2017-03-04 20:00,136.7793012
2017-03-05 00:00,136.7789953
2017-03-05 04:00,136.7841958
2017-03-05 08:00,136.769818
2017-03-05 12:00,136.7836859
2017-03-05 16:00,136.7852155
2017-03-05 20:00,136.7678806
2017-03-06 00:00,136.773081
2017-03-06 04:00,136.7673707
2017-03-06 08:00,136.7737948
2017-03-06 12:00,136.7779756
2017-03-06 16:00,136.7737948
2017-03-06 20:00,136.7712456
2017-03-07 00:00,136.7690022
2017-03-07 04:00,136.7706338
2017-03-07 08:00,136.7701239
2017-03-07 12:00,136.7702259
2017-03-07 16:00,136.7775677
2017-03-07 20:00,136.7720613
2017-03-08 00:00,136.7658412
2017-03-08 04:00,136.7702259
2017-03-08 08:00,136.773387
2017-03-08 12:00,136.7701239
2017-03-08 16:00,136.7717554
2017-03-08 20:00,136.7644136
2017-03-09 00:00,136.7657392
2017-03-09 04:00,136.7685944
2017-03-09 08:00,136.7705318
2017-03-09 12:00,136.766555
2017-03-09 16:00,136.759519
2017-03-09 20:00,136.7589072
2017-03-10 00:00,136.7604368
2017-03-10 04:00,136.7555422
2017-03-10 08:00,136.7539107
2017-03-10 12:00,136.7573777
2017-03-10 16:00,136.7584993
2017-03-10 20:00,136.7549304
2017-03-11 00:00,136.7668609
2017-03-11 04:00,136.7644136
2017-03-11 08:00,136.7558481
2017-03-11 12:00,136.7613545
2017-03-11 16:00,136.7573777
2017-03-11 20:00,136.7679825
2017-03-12 00:00,136.7625781
2017-03-12 04:00,136.752687
2017-03-12 08:00,136.7598249
2017-03-12 12:00,136.7507496
2017-03-12 16:00,136.7584993
2017-03-12 20:00,136.7549304
2017-03-13 00:00,136.7577855
2017-03-13 04:00,136.7524831
2017-03-13 08:00,136.7568678
2017-03-13 12:00,136.7618643
2017-03-13 16:00,136.7589072
2017-03-13 20:00,136.7588052
2017-03-14 00:00,136.7588052
2017-03-14 04:00,136.7567658
2017-03-14 08:00,136.7572757
2017-03-14 12:00,136.763088
2017-03-14 16:00,136.7676766
2017-03-14 20:00,136.7617624
2017-03-15 00:00,136.7680845
2017-03-15 04:00,136.773387
2017-03-15 08:00,136.7709397
2017-03-15 12:00,136.7524831
2017-03-15 16:00,136.7610486
2017-03-15 20:00,136.7672688
2017-03-16 00:00,136.773285
2017-03-16 04:00,136.766351
2017-03-16 08:00,136.7727751
2017-03-16 12:00,136.7773638
2017-03-16 16:00,136.7687983
2017-03-16 20:00,136.7872549
2017-03-17 00:00,136.7919455
2017-03-17 04:00,136.7863371
2017-03-17 08:00,136.7933731
2017-03-17 12:00,136.7886825
2017-03-17 16:00,136.800307
2017-03-17 20:00,136.7907219
2017-03-18 00:00,136.7944947
2017-03-18 04:00,136.800511
2017-03-18 08:00,136.7995932
2017-03-18 12:00,136.7906199
2017-03-18 16:00,136.7942908
2017-03-18 20:00,136.7841958
2017-03-19 00:00,136.7876628
2017-03-19 04:00,136.7890903
2017-03-19 08:00,136.7886825
2017-03-19 12:00,136.7807288
2017-03-19 16:00,136.7941888
2017-03-19 20:00,136.7908238
2017-03-20 00:00,136.783584
2017-03-20 04:00,136.7843997
2017-03-20 08:00,136.786949
2017-03-20 12:00,136.7883765
2017-03-20 16:00,136.7822583
2017-03-20 20:00,136.7841958
2017-03-21 00:00,136.7795052
2017-03-21 04:00,136.7883765
2017-03-21 08:00,136.7882746
2017-03-21 12:00,136.7892943
2017-03-21 16:00,136.8047937
2017-03-21 20:00,136.800307
2017-03-22 00:00,136.8056095
2017-03-22 04:00,136.7966361
2017-03-22 08:00,136.7849096
2017-03-22 12:00,136.7939849
2017-03-22 16:00,136.7949026
2017-03-22 20:00,136.797044
2017-03-23 00:00,136.7823603
2017-03-23 04:00,136.7960243
2017-03-23 08:00,136.7978598
2017-03-23 12:00,136.7967381
2017-03-23 16:00,136.7954125
2017-03-23 20:00,136.7891923
2017-03-24 00:00,136.7889884
2017-03-24 04:00,136.7908238
2017-03-24 08:00,136.7886825
2017-03-24 12:00,136.7851135
2017-03-24 16:00,136.790212
2017-03-24 20:00,136.7870509
2017-03-25 00:00,136.786847
2017-03-25 04:00,136.783482
2017-03-25 08:00,136.7872549
2017-03-25 12:00,136.7806268
2017-03-25 16:00,136.779913
2017-03-25 20:00,136.7814426
2017-03-26 00:00,136.7782815
2017-03-26 05:00,136.7826662
2017-03-26 09:00,136.7712456
2017-03-26 13:00,136.773081
2017-03-26 17:00,136.7812386
2017-03-26 21:00,136.7772618
2017-03-27 01:00,136.7819524
2017-03-27 05:00,136.783482
2017-03-27 09:00,136.7884785
2017-03-27 13:00,136.7861332
2017-03-27 17:00,136.7788933
2017-03-27 21:00,136.7916396
2017-03-28 01:00,136.7863371
2017-03-28 05:00,136.7900081
2017-03-28 09:00,136.7870509
2017-03-28 13:00,136.7929652
2017-03-28 17:00,136.7910278
2017-03-28 21:00,136.7928632
2017-03-29 01:00,136.7942908
2017-03-29 05:00,136.7943928
2017-03-29 09:00,136.7899061
2017-03-29 13:00,136.7881726
2017-03-29 17:00,136.7890903
2017-03-29 21:00,136.7778736
2017-03-30 01:00,136.783584
2017-03-30 05:00,136.7815446
2017-03-30 09:00,136.7690022
2017-03-30 13:00,136.7910278
2017-03-30 17:00,136.7885805
2017-03-30 21:00,136.786745
2017-03-31 01:00,136.7845017
2017-03-31 05:00,136.7789953
2017-03-31 09:00,136.7741007
2017-03-31 13:00,136.7786894
2017-03-31 17:00,136.7782815
2017-03-31 21:00,136.7847056
2017-04-01 01:00,136.7916396
2017-04-01 05:00,136.8013267
2017-04-01 09:00,136.7910278
2017-04-01 13:00,136.7945967
2017-04-01 17:00,136.7962282
2017-04-01 21:00,136.7958204
2017-04-02 01:00,136.8099942
2017-04-02 05:00,136.8015307
2017-04-02 09:00,136.7887844
2017-04-02 13:00,136.7920475
2017-04-02 17:00,136.7997972
2017-04-02 21:00,136.7958204
2017-04-03 01:00,136.7995932
2017-04-03 05:00,136.790314
2017-04-03 09:00,136.7861332
2017-04-03 13:00,136.7958204
2017-04-03 17:00,136.7941888
2017-04-03 21:00,136.7952085
2017-04-04 01:00,136.793679
2017-04-04 05:00,136.7980637
2017-04-04 09:00,136.7940869
2017-04-04 13:00,136.7972479
2017-04-04 17:00,136.7982676
2017-04-04 21:00,136.7881726
2017-04-05 01:00,136.7905179
2017-04-05 05:00,136.786847
2017-04-05 09:00,136.7870509
2017-04-05 13:00,136.7938829
2017-04-05 17:00,136.786949
2017-04-05 21:00,136.783584
2017-04-06 01:00,136.7850115
2017-04-06 05:00,136.7812386
2017-04-06 09:00,136.7753244
2017-04-06 13:00,136.7855214
2017-04-06 17:00,136.7858273
2017-04-06 21:00,136.7818505
2017-04-07 01:00,136.7754264
2017-04-07 05:00,136.7820544
2017-04-07 09:00,136.7756303
2017-04-07 13:00,136.7802189
2017-04-07 17:00,136.776548
2017-04-07 21:00,136.7780776
2017-04-08 01:00,136.7716535
2017-04-08 05:00,136.773081
2017-04-08 09:00,136.7745086
2017-04-08 13:00,136.7783835
2017-04-08 17:00,136.7715515
2017-04-08 21:00,136.7761401
2017-04-09 01:00,136.773285
2017-04-09 05:00,136.776548
2017-04-09 09:00,136.7678806
2017-04-09 13:00,136.7684924
2017-04-09 17:00,136.7761401
2017-04-09 21:00,136.7781795
2017-04-10 01:00,136.7714495
2017-04-10 05:00,136.7743047
2017-04-10 09:00,136.7720613
2017-04-10 13:00,136.7723673
2017-04-10 17:00,136.7745086
2017-04-10 21:00,136.759723
2017-04-11 01:00,136.756358
2017-04-11 05:00,136.7658412
2017-04-11 09:00,136.7573777
2017-04-11 13:00,136.7617624
2017-04-11 17:00,136.7647195
2017-04-11 21:00,136.7578875
2017-04-12 01:00,136.7610486
2017-04-12 05:00,136.7619663
2017-04-12 09:00,136.7650254
2017-04-12 13:00,136.7616604
2017-04-12 17:00,136.7685944
2017-04-12 21:00,136.7692062
2017-04-13 01:00,136.7661471
2017-04-13 05:00,136.7576836
2017-04-13 09:00,136.7603348
2017-04-13 13:00,136.7575816
2017-04-13 17:00,136.7550324
2017-04-13 21:00,136.7618643
2017-04-14 01:00,136.7654333
2017-04-14 05:00,136.7542166
2017-04-14 09:00,136.7534008
2017-04-14 13:00,136.7566639
2017-04-14 17:00,136.7589072
2017-04-14 21:00,136.7582954
2017-04-15 01:00,136.7589072
2017-04-15 05:00,136.7589072
2017-04-15 09:00,136.7599269
2017-04-15 13:00,136.7633939
2017-04-15 17:00,136.7581934
2017-04-15 21:00,136.7505457
2017-04-16 01:00,136.7542166
2017-04-16 05:00,136.7578875
2017-04-16 09:00,136.7624762
2017-04-16 13:00,136.7522792
2017-04-16 17:00,136.7532989
2017-04-16 21:00,136.7617624
2017-04-17 01:00,136.749424
2017-04-17 05:00,136.7543186
2017-04-17 09:00,136.7517693
2017-04-17 13:00,136.7613545
2017-04-17 17:00,136.7511575
2017-04-17 21:00,136.7540127
2017-04-18 01:00,136.7575816
2017-04-18 05:00,136.7600289
2017-04-18 09:00,136.7550324
2017-04-18 13:00,136.7547264
2017-04-18 17:00,136.7509536
2017-04-18 21:00,136.7547264
2017-04-19 01:00,136.7598249
2017-04-19 05:00,136.752993
2017-04-19 09:00,136.7550324
2017-04-19 13:00,136.7538087
2017-04-19 17:00,136.7551343
2017-04-19 21:00,136.7574796
2017-04-20 01:00,136.7520752
2017-04-20 05:00,136.7607427
2017-04-20 09:00,136.7673707
2017-04-20 13:00,136.7567658
2017-04-20 17:00,136.7691042
2017-04-20 21:00,136.7606407
2017-04-21 01:00,136.7624762
2017-04-21 05:00,136.7632919
2017-04-21 09:00,136.7671668
2017-04-21 13:00,136.766453
2017-04-21 17:00,136.7622722
2017-04-21 21:00,136.7614565
2017-04-22 01:00,136.7661471
2017-04-22 05:00,136.7612525
2017-04-22 09:00,136.763088
2017-04-22 13:00,136.7619663
2017-04-22 17:00,136.7592131
2017-04-22 21:00,136.7584993
2017-04-23 01:00,136.7614565
2017-04-23 05:00,136.7519733
2017-04-23 09:00,136.7605387
2017-04-23 13:00,136.7520752
2017-04-23 17:00,136.7619663
2017-04-23 21:00,136.7633939
2017-04-24 01:00,136.7687983
2017-04-24 05:00,136.7608446
2017-04-24 09:00,136.7641077
2017-04-24 13:00,136.759723
2017-04-24 17:00,136.7589072
2017-04-24 21:00,136.7639037
2017-04-25 01:00,136.7715515
2017-04-25 05:00,136.7750185
2017-04-25 09:00,136.7717554
2017-04-25 13:00,136.7696141
2017-04-25 17:00,136.7757323
2017-04-25 21:00,136.7786894
2017-04-26 01:00,136.7736929
2017-04-26 05:00,136.7748145
2017-04-26 09:00,136.7791992
2017-04-26 13:00,136.776548
2017-04-26 17:00,136.7812386
2017-04-26 21:00,136.7791992
2017-04-27 01:00,136.7871529
2017-04-27 05:00,136.7798111
2017-04-27 09:00,136.7852155
2017-04-27 13:00,136.7866431
2017-04-27 17:00,136.7769559
2017-04-27 21:00,136.7854194
2017-04-28 01:00,136.7830741
2017-04-28 05:00,136.7879687
2017-04-28 09:00,136.7820544
2017-04-28 13:00,136.7866431
2017-04-28 17:00,136.7814426
2017-04-28 21:00,136.7845017
2017-04-29 01:00,136.7877647
2017-04-29 05:00,136.7889884
2017-04-29 09:00,136.793679
2017-04-29 13:00,136.7906199
2017-04-29 17:00,136.7961263
2017-04-29 21:00,136.7940869
2017-04-30 01:00,136.7925573
2017-04-30 05:00,136.7961263
2017-04-30 09:00,136.7948007
2017-04-30 13:00,136.793781
2017-04-30 17:00,136.7923534
2017-04-30 21:00,136.8022445
2017-05-01 01:00,136.7921494
2017-05-01 05:00,136.7926593
2017-05-01 09:00,136.7888864
2017-05-01 13:00,136.7913337
2017-05-01 17:00,136.7909258
2017-05-01 21:00,136.7899061
2017-05-02 01:00,136.7921494
2017-05-02 05:00,136.7920475
2017-05-02 09:00,136.7948007
2017-05-02 13:00,136.7966361
2017-05-02 17:00,136.8015307
2017-05-02 21:00,136.7912317
2017-05-03 01:00,136.7926593
2017-05-03 05:00,136.7899061
2017-05-03 09:00,136.7881726
2017-05-03 13:00,136.7876628
2017-05-03 17:00,136.790212
2017-05-03 21:00,136.7814426
2017-05-04 01:00,136.7874588
2017-05-04 05:00,136.7985735
2017-05-04 09:00,136.7897022
2017-05-04 13:00,136.7958204
2017-05-04 17:00,136.7966361
2017-05-04 21:00,136.7839918
2017-05-05 01:00,136.7896002
2017-05-05 05:00,136.7904159
2017-05-05 09:00,136.7914356
2017-05-05 13:00,136.7862352
2017-05-05 17:00,136.7931691
2017-05-05 21:00,136.7930672
2017-05-06 01:00,136.7853174
2017-05-06 05:00,136.7830741
2017-05-06 09:00,136.783584
2017-05-06 13:00,136.7874588
2017-05-06 17:00,136.7880706
2017-05-06 21:00,136.7847056
2017-05-07 01:00,136.7919455
2017-05-07 05:00,136.7850115
2017-05-07 09:00,136.790212
2017-05-07 13:00,136.7822583
2017-05-07 17:00,136.7945967
2017-05-07 21:00,136.7871529
2017-05-08 01:00,136.7864391
2017-05-08 05:00,136.7866431
2017-05-08 09:00,136.7881726
2017-05-08 13:00,136.7877647
2017-05-08 17:00,136.7922514
2017-05-08 21:00,136.7920475
2017-05-09 01:00,136.7919455
2017-05-09 05:00,136.7943928
2017-05-09 09:00,136.7875608
2017-05-09 13:00,136.7994913
2017-05-09 17:00,136.7980637
2017-05-09 21:00,136.786745
2017-05-10 01:00,136.7905179
2017-05-10 05:00,136.7858273
2017-05-10 09:00,136.7905179
2017-05-10 13:00,136.7972479
2017-05-10 17:00,136.7877647
2017-05-10 21:00,136.7991854
2017-05-11 01:00,136.7881726
2017-05-11 05:00,136.7857253
2017-05-11 09:00,136.7888864
2017-05-11 13:00,136.7850115
2017-05-11 17:00,136.7960243
2017-05-11 21:00,136.7865411
2017-05-12 01:00,136.7863371
2017-05-12 05:00,136.7842977
2017-05-12 09:00,136.7778736
2017-05-12 13:00,136.7839918
2017-05-12 17:00,136.7956164
2017-05-12 21:00,136.7898041
2017-05-13 01:00,136.793475
2017-05-13 05:00,136.7888864
2017-05-13 09:00,136.7865411
2017-05-13 13:00,136.7846037
2017-05-13 17:00,136.780117
2017-05-13 21:00,136.7810347
2017-05-14 01:00,136.7838899
2017-05-14 05:00,136.7898041
2017-05-14 09:00,136.7915376
2017-05-14 13:00,136.7805249
2017-05-14 17:00,136.7821564
2017-05-14 21:00,136.7807288
2017-05-15 01:00,136.78338
2017-05-15 05:00,136.7860312
2017-05-15 09:00,136.7825643
2017-05-15 13:00,136.7829721
2017-05-15 17:00,136.7817485
2017-05-15 21:00,136.7878667
2017-05-16 01:00,136.7828702
2017-05-16 05:00,136.79011
2017-05-16 09:00,136.7825643
2017-05-16 13:00,136.7916396
2017-05-16 17:00,136.7816465
2017-05-16 21:00,136.7916396
2017-05-17 01:00,136.786745
2017-05-17 05:00,136.7944947
2017-05-17 09:00,136.79011
2017-05-17 13:00,136.7976558
2017-05-17 17:00,136.7961263
2017-05-17 21:00,136.7905179
2017-05-18 01:00,136.7965341
2017-05-18 05:00,136.8031622
2017-05-18 09:00,136.8018366
2017-05-18 13:00,136.7981657
2017-05-18 17:00,136.7989814
2017-05-18 21:00,136.797146
2017-05-19 01:00,136.803672
2017-05-19 05:00,136.7930672
2017-05-19 09:00,136.7979617
2017-05-19 13:00,136.8033661
2017-05-19 17:00,136.7852155
2017-05-19 21:00,136.7933731
2017-05-20 01:00,136.7918435
2017-05-20 05:00,136.7855214
2017-05-20 09:00,136.7821564
2017-05-20 13:00,136.7941888
2017-05-20 17:00,136.7899061
2017-05-20 21:00,136.7941888
2017-05-21 01:00,136.7953105
2017-05-21 05:00,136.7928632
2017-05-21 09:00,136.7881726
2017-05-21 13:00,136.7933731
2017-05-21 17:00,136.7897022
2017-05-21 21:00,136.7889884
2017-05-22 01:00,136.7939849
2017-05-22 05:00,136.7879687
2017-05-22 09:00,136.7858273
2017-05-22 13:00,136.790212
2017-05-22 17:00,136.7848076
2017-05-22 21:00,136.7928632
2017-05-23 01:00,136.7879687
2017-05-23 05:00,136.7855214
2017-05-23 09:00,136.7854194
2017-05-23 13:00,136.7838899
2017-05-23 17:00,136.7928632
2017-05-23 21:00,136.786847
2017-05-24 01:00,136.7879687
2017-05-24 05:00,136.7852155
2017-05-24 09:00,136.7882746
2017-05-24 13:00,136.7871529
2017-05-24 17:00,136.783278
2017-05-24 21:00,136.7758342
2017-05-25 01:00,136.7822583
2017-05-25 05:00,136.7783835
2017-05-25 09:00,136.7802189
2017-05-25 13:00,136.786949
2017-05-25 17:00,136.786745
2017-05-25 21:00,136.7763441
2017-05-26 01:00,136.7812386
2017-05-26 05:00,136.7816465
2017-05-26 09:00,136.7854194
2017-05-26 13:00,136.7747126
2017-05-26 17:00,136.7828702
2017-05-26 21:00,136.7842977
2017-05-27 01:00,136.7789953
2017-05-27 05:00,136.7798111
2017-05-27 09:00,136.7760382
2017-05-27 13:00,136.780117
2017-05-27 17:00,136.7758342
2017-05-27 21:00,136.7715515
2017-05-28 01:00,136.780117
2017-05-28 05:00,136.7771598
2017-05-28 09:00,136.7713476
2017-05-28 13:00,136.7780776
2017-05-28 17:00,136.7882746
2017-05-28 21:00,136.77665
2017-05-29 01:00,136.7736929
2017-05-29 05:00,136.7748145
2017-05-29 09:00,136.7705318
2017-05-29 13:00,136.7704298
2017-05-29 17:00,136.7682885
2017-05-29 21:00,136.7718574
2017-05-30 01:00,136.7724692
2017-05-30 05:00,136.7719594
2017-05-30 09:00,136.7780776
2017-05-30 13:00,136.7748145
2017-05-30 17:00,136.7802189
2017-05-30 21:00,136.7804229
2017-05-31 01:00,136.7814426
2017-05-31 05:00,136.7826662
2017-05-31 09:00,136.773081
2017-05-31 13:00,136.7770579
2017-05-31 17:00,136.7771598
2017-05-31 21:00,136.7657392
2017-06-01 01:00,136.7619663
2017-06-01 05:00,136.7758342
2017-06-01 09:00,136.7777717
2017-06-01 13:00,136.7715515
2017-06-01 17:00,136.7728771
2017-06-01 21:00,136.7763441
2017-06-02 01:00,136.7654333
2017-06-02 05:00,136.7694101
2017-06-02 09:00,136.7639037
2017-06-02 13:00,136.7661471
2017-06-02 17:00,136.7691042
2017-06-02 21:00,136.7706338
2017-06-03 01:00,136.7627821
2017-06-03 05:00,136.7684924
2017-06-03 09:00,136.759519
2017-06-03 13:00,136.7686963
2017-06-03 17:00,136.7701239
2017-06-03 21:00,136.7703279
2017-06-04 01:00,136.7746106
2017-06-04 05:00,136.7711436
2017-06-04 09:00,136.7684924
2017-06-04 13:00,136.7705318
2017-06-04 17:00,136.7651274
2017-06-04 21:00,136.7694101
2017-06-05 01:00,136.7676766
2017-06-05 05:00,136.7659431
2017-06-05 09:00,136.7641077
2017-06-05 13:00,136.76992
2017-06-05 17:00,136.7648215
2017-06-05 21:00,136.7626801
2017-06-06 01:00,136.7620683
2017-06-06 05:00,136.7646175
2017-06-06 09:00,136.7626801
2017-06-06 13:00,136.7592131
2017-06-06 17:00,136.7695121
2017-06-06 21:00,136.766453
2017-06-07 01:00,136.7611506
2017-06-07 05:00,136.7658412
2017-06-07 09:00,136.7681865
2017-06-07 13:00,136.7702259
2017-06-07 17:00,136.7577855
2017-06-07 21:00,136.7592131
2017-06-08 01:00,136.7653313
2017-06-08 05:00,136.7662491
2017-06-08 09:00,136.7657392
2017-06-08 13:00,136.756256
2017-06-08 17:00,136.762986
2017-06-08 21:00,136.7556442
2017-06-09 01:00,136.759723
2017-06-09 05:00,136.7624762
2017-06-09 09:00,136.7624762
2017-06-09 13:00,136.7523811
2017-06-09 17:00,136.7679825
2017-06-09 21:00,136.7694101
2017-06-10 01:00,136.7592131
2017-06-10 05:00,136.7626801
2017-06-10 09:00,136.7587033
2017-06-10 13:00,136.7603348
2017-06-10 17:00,136.7613545
2017-06-10 21:00,136.7644136
2017-06-11 01:00,136.7560521
2017-06-11 05:00,136.7619663
2017-06-11 09:00,136.752993
2017-06-11 13:00,136.7580915
2017-06-11 17:00,136.7583974
2017-06-11 21:00,136.7648215
2017-06-12 01:00,136.7639037
2017-06-12 05:00,136.759621
2017-06-12 09:00,136.7642097
2017-06-12 13:00,136.7618643
2017-06-12 17:00,136.7576836
2017-06-12 21:00,136.7658412
2017-06-13 01:00,136.7575816
2017-06-13 05:00,136.7667589
2017-06-13 09:00,136.7643116
2017-06-13 13:00,136.7643116
2017-06-13 17:00,136.7714495
2017-06-13 21:00,136.7662491
2017-06-14 01:00,136.7711436
2017-06-14 05:00,136.7639037
2017-06-14 09:00,136.7581934
2017-06-14 13:00,136.762986
2017-06-14 17:00,136.7673707
2017-06-14 21:00,136.7634959
2017-06-15 01:00,136.7720613
2017-06-15 05:00,136.7645156
2017-06-15 09:00,136.7619663
2017-06-15 13:00,136.7643116
2017-06-15 17:00,136.7673707
2017-06-15 21:00,136.7655353
2017-06-16 01:00,136.7723673
2017-06-16 05:00,136.7621703
2017-06-16 09:00,136.7611506
2017-06-16 13:00,136.7639037
2017-06-16 17:00,136.7546245
2017-06-16 21:00,136.759519
2017-06-17 01:00,136.7532989
2017-06-17 05:00,136.7569698
2017-06-17 09:00,136.7582954
2017-06-17 13:00,136.7537067
2017-06-17 17:00,136.7541146
2017-06-17 21:00,136.7609466
2017-06-18 01:00,136.7617624
2017-06-18 05:00,136.7512595
2017-06-18 09:00,136.759723
2017-06-18 13:00,136.7642097
2017-06-18 17:00,136.7633939
2017-06-18 21:00,136.7539107
2017-06-19 01:00,136.7623742
2017-06-19 05:00,136.7534008
2017-06-19 09:00,136.7473846
2017-06-19 13:00,136.7517693
2017-06-19 17:00,136.7556442
2017-06-19 21:00,136.7606407
2017-06-20 01:00,136.7645156
2017-06-20 05:00,136.7680845
2017-06-20 09:00,136.7603348
2017-06-20 13:00,136.7675747
2017-06-20 17:00,136.7565619
2017-06-20 21:00,136.7558481
2017-06-21 01:00,136.746161
2017-06-21 05:00,136.7583974
2017-06-21 09:00,136.7547264
2017-06-21 13:00,136.7543186
2017-06-22 09:00,136.731
2017-06-22 13:00,136.737934
2017-06-22 17:00,136.7364044
2017-06-22 21:00,136.7268192
2017-06-23 01:00,136.7317138
2017-06-23 05:00,136.7313059
2017-06-23 09:00,136.7300823
2017-06-23 13:00,136.7279409
2017-06-23 17:00,136.7270232
2017-06-23 21:00,136.7298783
2017-06-24 01:00,136.7352827
2017-06-24 05:00,136.7428285
2017-06-24 09:00,136.7398714
2017-06-24 13:00,136.7394635
2017-06-24 17:00,136.7395655
2017-06-24 21:00,136.7358946
2017-06-25 01:00,136.7327335
2017-06-25 05:00,136.734467
2017-06-25 09:00,136.7440522
2017-06-25 13:00,136.7305921
2017-06-25 17:00,136.7415029
2017-06-25 21:00,136.7347729
2017-06-26 01:00,136.7372202
2017-06-26 05:00,136.7420128
2017-06-26 09:00,136.741
2017-06-26 13:00,136.7332503
2017-06-26 17:00,136.727438
2017-06-26 21:00,136.7350857
2017-06-27 01:00,136.7333523
2017-06-27 05:00,136.7352897
2017-06-27 09:00,136.7367173
2017-06-27 13:00,136.7374311
2017-06-27 17:00,136.7301912
2017-06-27 21:00,136.7257045
2017-06-28 01:00,136.7332503
2017-06-28 05:00,136.7305991
2017-06-28 09:00,136.7418158
2017-06-28 13:00,136.7312109
2017-06-28 17:00,136.7364114
2017-06-28 21:00,136.7264183
2017-06-29 01:00,136.7271321
2017-06-29 05:00,136.7359015
2017-06-29 09:00,136.7277439
2017-06-29 13:00,136.7315168
2017-06-29 17:00,136.7365133
2017-06-29 21:00,136.7313129
2017-06-30 01:00,136.7298853
2017-06-30 05:00,136.7367173
2017-06-30 09:00,136.7298853
2017-06-30 13:00,136.7236651
2017-06-30 17:00,136.7236651
2017-06-30 21:00,136.7236651
2017-07-01 01:00,136.7280498
2017-07-01 05:00,136.7246848
2017-07-01 09:00,136.7218296
2017-07-01 13:00,136.7215237
2017-07-01 17:00,136.72754
2017-07-01 21:00,136.7276419
2017-07-02 01:00,136.7225434
2017-07-02 05:00,136.7223395
2017-07-02 09:00,136.7265203
2017-07-02 13:00,136.724175
2017-07-02 17:00,136.7264183
2017-07-02 21:00,136.7182607
2017-07-03 01:00,136.7222375
2017-07-03 05:00,136.7201981
2017-07-03 09:00,136.7160174
2017-07-03 13:00,136.7131622
2017-07-03 17:00,136.7253986
2017-07-03 21:00,136.720708
2017-07-04 01:00,136.7236651
2017-07-04 05:00,136.7212178
2017-07-04 09:00,136.7178528
2017-07-04 13:00,136.7180568
2017-07-04 17:00,136.724073
2017-07-04 21:00,136.7161193
2017-07-05 01:00,136.7201981
2017-07-05 05:00,136.7197902
2017-07-05 09:00,136.7109189
2017-07-05 13:00,136.7221356
2017-07-05 17:00,136.7244809
2017-07-05 21:00,136.7126523
2017-07-06 01:00,136.7216257
2017-07-06 05:00,136.7121425
2017-07-06 09:00,136.7175469
2017-07-06 13:00,136.7208099
2017-07-06 17:00,136.7119386
2017-07-06 21:00,136.7100011
2017-07-07 01:00,136.7181587
2017-07-07 05:00,136.7100011
2017-07-07 09:00,136.7097972
2017-07-07 13:00,136.7123464
2017-07-07 17:00,136.7046987
2017-07-07 21:00,136.713876
2017-07-08 01:00,136.7101031
2017-07-08 05:00,136.7155075
2017-07-08 09:00,136.7082676
2017-07-08 13:00,136.7141819
2017-07-08 17:00,136.717139
2017-07-08 21:00,136.7090834
2017-07-09 01:00,136.7023534
2017-07-09 05:00,136.7186686
2017-07-09 09:00,136.7018435
2017-07-09 13:00,136.7068401
2017-07-09 17:00,136.7081657
2017-07-09 21:00,136.7032711
2017-07-10 01:00,136.7018435
2017-07-10 05:00,136.7059223
2017-07-10 09:00,136.7031691
2017-07-10 13:00,136.7059223
2017-07-10 17:00,136.7042908
2017-07-10 21:00,136.707146
2017-07-11 01:00,136.6986825
2017-07-11 05:00,136.7021494
2017-07-11 09:00,136.7073499
2017-07-11 13:00,136.7134681
2017-07-11 17:00,136.7113267
2017-07-11 21:00,136.7086755
2017-07-12 01:00,136.7061263
2017-07-12 05:00,136.7125504
2017-07-12 09:00,136.7039849
2017-07-12 13:00,136.7028632
2017-07-12 17:00,136.6960312
2017-07-12 21:00,136.7013337
2017-07-13 01:00,136.6974588
2017-07-13 05:00,136.6956234
2017-07-13 09:00,136.7054125
2017-07-13 13:00,136.7059223
2017-07-13 17:00,136.7028632
2017-07-13 21:00,136.6939918
2017-07-14 01:00,136.69338
2017-07-14 05:00,136.7011297
2017-07-14 09:00,136.6985805
2017-07-14 13:00,136.6983765
2017-07-14 17:00,136.6962352
2017-07-14 21:00,136.6929721
2017-07-15 01:00,136.6994982
2017-07-15 05:00,136.6978667
2017-07-15 09:00,136.6907288
2017-07-15 13:00,136.6946037
2017-07-15 17:00,136.7049026
2017-07-15 21:00,136.6945017
2017-07-16 01:00,136.69338
2017-07-16 05:00,136.6972549
2017-07-16 09:00,136.696949
2017-07-16 13:00,136.7087775
2017-07-16 17:00,136.7016396
2017-07-16 21:00,136.7004159
2017-07-17 01:00,136.7028632
2017-07-17 05:00,136.7065341
2017-07-17 09:00,136.7027613
2017-07-17 13:00,136.7021494
2017-07-17 17:00,136.6993962
2017-07-17 21:00,136.6904229
2017-07-18 01:00,136.7008238
2017-07-18 05:00,136.6860382
2017-07-18 09:00,136.6910347
2017-07-18 13:00,136.7009258
2017-07-18 17:00,136.6970509
2017-07-18 21:00,136.6930741
2017-07-19 01:00,136.6999061
2017-07-19 05:00,136.6960312
2017-07-19 09:00,136.6973568
2017-07-19 13:00,136.7019455
2017-07-19 17:00,136.6924623
2017-07-19 21:00,136.6942977
2017-07-20 01:00,136.693482
2017-07-20 05:00,136.6931761
2017-07-20 09:00,136.6979687
2017-07-20 13:00,136.6897091
2017-07-20 17:00,136.7012317
2017-07-20 21:00,136.6855283
2017-07-21 01:00,136.6910347
2017-07-21 05:00,136.68665
2017-07-21 09:00,136.69338
2017-07-21 13:00,136.6951135
2017-07-21 17:00,136.6846106
2017-07-21 21:00,136.6871598
2017-07-22 01:00,136.683387
2017-07-22 05:00,136.6929721
2017-07-22 09:00,136.6817554
2017-07-22 13:00,136.6879756
2017-07-22 17:00,136.6847126
2017-07-22 21:00,136.6854264
2017-07-23 01:00,136.6896071
2017-07-23 05:00,136.6871598
2017-07-23 09:00,136.6906268
2017-07-23 13:00,136.6825712
2017-07-23 17:00,136.6789003
2017-07-23 21:00,136.7018435
2017-07-24 01:00,136.7056164
2017-07-24 05:00,136.6981726
2017-07-24 09:00,136.7022514
2017-07-24 13:00,136.6985805
2017-07-24 17:00,136.6965411
2017-07-24 21:00,136.6889953
2017-07-25 01:00,136.6894032
2017-07-25 05:00,136.6960312
2017-07-25 09:00,136.6979687
2017-07-25 13:00,136.6975608
2017-07-25 17:00,136.6950115
2017-07-25 21:00,136.6950115
2017-07-26 01:00,136.6906268
2017-07-26 05:00,136.6931761
2017-07-26 09:00,136.6895052
2017-07-26 13:00,136.690117
2017-07-26 17:00,136.690015
2017-07-26 21:00,136.6855283
2017-07-27 01:00,136.6913406
2017-07-27 05:00,136.6977647
2017-07-27 09:00,136.6905249
2017-07-27 13:00,136.6811436
2017-07-27 17:00,136.6938899
2017-07-27 21:00,136.6834889
2017-07-28 01:00,136.6927682
2017-07-28 05:00,136.6878736
2017-07-28 09:00,136.6872618
2017-07-28 13:00,136.6835909
2017-07-28 17:00,136.6940938
2017-07-28 21:00,136.6981726
2017-07-29 01:00,136.6971529
2017-07-29 05:00,136.6950115
2017-07-29 09:00,136.6917485
2017-07-29 13:00,136.6981726
2017-07-29 17:00,136.6902189
2017-07-29 21:00,136.6923603
2017-07-30 01:00,136.6989884
2017-07-30 05:00,136.6908308
2017-07-30 09:00,136.696745
2017-07-30 13:00,136.6920544
2017-07-30 17:00,136.689913
2017-07-30 21:00,136.6950115
2017-07-31 01:00,136.6974588
2017-07-31 05:00,136.6854264
2017-07-31 09:00,136.6871598
2017-07-31 13:00,136.6885874
2017-07-31 17:00,136.6896071
2017-07-31 21:00,136.6863441
2017-08-01 01:00,136.6835909
2017-08-01 05:00,136.683081
2017-08-01 09:00,136.6857323
2017-08-01 13:00,136.6838968
2017-08-01 17:00,136.6880776
2017-08-01 21:00,136.6845086
2017-08-02 01:00,136.6802259
2017-08-02 05:00,136.6841007
2017-08-02 09:00,136.6841007
2017-08-02 13:00,136.6843047
2017-08-02 17:00,136.6793082
2017-08-02 21:00,136.6819594
2017-08-03 01:00,136.6856303
2017-08-03 05:00,136.6749234
2017-08-03 09:00,136.6733939
2017-08-03 13:00,136.6785944
2017-08-03 17:00,136.683285
2017-08-03 21:00,136.6849165
2017-08-04 01:00,136.6868539
2017-08-04 05:00,136.689913
2017-08-04 09:00,136.6873638
2017-08-04 13:00,136.6915446
2017-08-04 17:00,136.6896071
2017-08-04 21:00,136.69338
2017-08-05 01:00,136.693278
2017-08-05 05:00,136.6917485
2017-08-05 09:00,136.6851204
2017-08-05 13:00,136.6854264
2017-08-05 17:00,136.6885874
2017-08-05 21:00,136.6862421
2017-08-06 01:00,136.6939918
2017-08-06 05:00,136.6879756
2017-08-06 09:00,136.6887914
2017-08-06 13:00,136.6849165
2017-08-06 17:00,136.6960312
2017-08-06 21:00,136.6896071
2017-08-07 01:00,136.6852224
2017-08-07 05:00,136.6902189
2017-08-07 09:00,136.6938899
2017-08-07 13:00,136.6977647
2017-08-07 17:00,136.7020475
2017-08-07 21:00,136.703781
2017-08-08 01:00,136.690117
2017-08-08 05:00,136.6898111
2017-08-08 09:00,136.6902189
2017-08-08 13:00,136.6908308
2017-08-08 17:00,136.6891992
2017-08-08 21:00,136.6903209
2017-08-09 01:00,136.6845086
2017-08-09 05:00,136.6893012
2017-08-09 09:00,136.6854264
2017-08-09 13:00,136.6834889
2017-08-09 17:00,136.690117
2017-08-09 21:00,136.703679
2017-08-10 01:00,136.7018435
2017-08-10 05:00,136.7059223
2017-08-10 09:00,136.7088795
2017-08-10 13:00,136.7041888
2017-08-10 17:00,136.7043928
2017-08-10 21:00,136.7044947
2017-08-11 01:00,136.7086755
2017-08-11 05:00,136.7113267
2017-08-11 09:00,136.7081657
2017-08-11 13:00,136.7087775
2017-08-11 17:00,136.7073499
2017-08-11 21:00,136.700314
2017-08-12 01:00,136.7027613
2017-08-12 05:00,136.7044947
2017-08-12 09:00,136.6999061
2017-08-12 13:00,136.6975608
2017-08-12 17:00,136.7008238
2017-08-12 21:00,136.7033731
2017-08-13 01:00,136.7014356
2017-08-13 05:00,136.6955214
2017-08-13 09:00,136.6947056
2017-08-13 13:00,136.6947056
2017-08-13 17:00,136.6961332
2017-08-13 21:00,136.6980706
2017-08-14 01:00,136.6991923
2017-08-14 05:00,136.7013337
2017-08-14 09:00,136.7025573
2017-08-14 13:00,136.6896071
2017-08-14 17:00,136.6989884
2017-08-14 21:00,136.6990903
2017-08-15 01:00,136.6975608
2017-08-15 05:00,136.6985805
2017-08-15 09:00,136.6949096
2017-08-15 13:00,136.6956234
2017-08-15 17:00,136.693482
2017-08-15 21:00,136.6928702
2017-08-16 01:00,136.6952155
2017-08-16 05:00,136.6940938
2017-08-16 09:00,136.6990903
2017-08-16 13:00,136.7005179
2017-08-16 17:00,136.7022514
2017-08-16 21:00,136.6980706
2017-08-17 01:00,136.7010278
2017-08-17 05:00,136.7055144
2017-08-17 09:00,136.7096952
2017-08-17 13:00,136.7029652
2017-08-17 17:00,136.7063302
2017-08-17 21:00,136.6963371
2017-08-18 01:00,136.7006199
2017-08-18 05:00,136.7064322
2017-08-18 09:00,136.7008238
2017-08-18 13:00,136.696949
2017-08-18 17:00,136.6936859
2017-08-18 21:00,136.6971529
2017-08-19 01:00,136.6955214
2017-08-19 05:00,136.6974588
2017-08-19 09:00,136.7038829
2017-08-19 13:00,136.7032711
2017-08-19 17:00,136.7062282
2017-08-19 21:00,136.7140799
2017-08-20 01:00,136.7124484
2017-08-20 05:00,136.7124484
2017-08-20 09:00,136.713672
2017-08-20 13:00,136.7219316
2017-08-20 17:00,136.7146917
2017-08-20 21:00,136.7165272
2017-08-21 01:00,136.7134681
2017-08-21 05:00,136.717241
2017-08-21 09:00,136.7242769
2017-08-21 13:00,136.727438
2017-08-21 17:00,136.7166292
2017-08-21 21:00,136.7162213
2017-08-22 01:00,136.7190765
2017-08-22 05:00,136.7187705
2017-08-22 09:00,136.7165272
2017-08-22 13:00,136.7190765
2017-08-22 17:00,136.7177508
2017-08-22 21:00,136.7162213
2017-08-23 01:00,136.713774
2017-08-23 05:00,136.7220336
2017-08-23 09:00,136.7025573
2017-08-23 13:00,136.7112248
2017-08-23 17:00,136.7162213
2017-08-23 21:00,136.7110208
2017-08-24 01:00,136.7114287
2017-08-24 05:00,136.7107149
2017-08-24 09:00,136.7149977
2017-08-24 13:00,136.7122445
2017-08-24 17:00,136.7029652
2017-08-24 21:00,136.7091854
2017-08-25 01:00,136.7063302
2017-08-25 05:00,136.717241
2017-08-25 09:00,136.7143858
2017-08-25 13:00,136.7174449
2017-08-25 17:00,136.7112248
2017-08-25 21:00,136.7132642
2017-08-26 01:00,136.7159154
2017-08-26 05:00,136.7212178
2017-08-26 09:00,136.7190765
2017-08-26 13:00,136.7118366
2017-08-26 17:00,136.7064322
2017-08-26 21:00,136.7162213
2017-08-27 01:00,136.7149977
2017-08-27 05:00,136.713876
2017-08-27 09:00,136.7133661
2017-08-27 13:00,136.7096952
2017-08-27 17:00,136.7115307
2017-08-27 21:00,136.7117346
2017-08-28 01:00,136.7112248
2017-08-28 05:00,136.7107149
2017-08-28 09:00,136.7113267
2017-08-28 13:00,136.7021494
2017-08-28 17:00,136.7093893
2017-08-28 21:00,136.7073499
2017-08-29 01:00,136.7102051
2017-08-29 05:00,136.7040869
2017-08-29 09:00,136.7072479
2017-08-29 13:00,136.6981726
2017-08-29 17:00,136.7026593
2017-08-29 21:00,136.7027613
2017-08-30 01:00,136.7005179
2017-08-30 05:00,136.7077578
2017-08-30 09:00,136.7025573
2017-08-30 13:00,136.6984785
2017-08-30 17:00,136.6980706
2017-08-30 21:00,136.6997022
2017-08-31 01:00,136.6990903
2017-08-31 05:00,136.700212
2017-08-31 09:00,136.703577
2017-08-31 13:00,136.7005179
2017-08-31 17:00,136.6991923
2017-08-31 21:00,136.700212
2017-09-01 01:00,136.6998041
2017-09-01 05:00,136.6985805
2017-09-01 09:00,136.6996002
2017-09-01 13:00,136.7004159
2017-09-01 17:00,136.693584
2017-09-01 21:00,136.7007219
2017-09-02 01:00,136.696847
2017-09-02 05:00,136.6998041
2017-09-02 09:00,136.6978667
2017-09-02 13:00,136.6950115
2017-09-02 17:00,136.6972549
2017-09-02 21:00,136.6949096
2017-09-03 01:00,136.6973568
2017-09-03 05:00,136.6986825
2017-09-03 09:00,136.6974588
2017-09-03 13:00,136.696847
2017-09-03 17:00,136.6906268
2017-09-03 21:00,136.6959293
2017-09-04 01:00,136.6946037
2017-09-04 05:00,136.6953174
2017-09-04 09:00,136.6990903
2017-09-04 13:00,136.6974588
2017-09-04 17:00,136.7044947
2017-09-04 21:00,136.7056164
2017-09-05 01:00,136.7117346
2017-09-05 05:00,136.7088795
