oul_no,station_no,station_name,datetime_placed,datetime_collected,flourescein_conc_ppb,eosine_conc_ppb,rwt_conc_ppb,srb_conc_ppb,monitoring_round,exposure_time_days,comments
B7745,1, ORBACKEN - OPSTROM,2016-09-06 16:00,2016-09-09 08:20,,,,,BASELINE 1,3,
B7745D,1, ORBACKEN - OPSTROM,2016-09-06 16:00,2016-09-09 08:20,,,,,BASELINE 1,3,
B7746,2, ORBACKEN - TUNNEL,2016-09-06 13:40,2016-09-09 08:45,20.9,,,,BASELINE 1,3,
B7746D,2, ORBACKEN - TUNNEL,2016-09-06 13:40,2016-09-09 08:45,21.4,,,,BASELINE 1,3,
B7747,3, NI15-012,2016-09-06 14:00,2016-09-09 09:05,20.9,,,,BASELINE 1,3,
B7747D,3, NI15-012,2016-09-06 14:00,2016-09-09 09:05,23,,,,BASELINE 1,3,
B7748,4, TILL0B,2016-09-06 14:30,2016-09-09 10:35,37.2,,,,BASELINE 1,3,
B7748D,4, TILL0B,2016-09-06 14:30,2016-09-09 10:35,37.3,,,,BASELINE 1,3,
B7749,5, NI15-08,2016-09-06 14:40,2016-09-09 10:25,43.8,,,,BASELINE 1,3,
B7749D,5, NI15-08,2016-09-06 14:40,2016-09-09 10:25,38.9,,,,BASELINE 1,3,
B7750,6, NI15-018,2016-09-06 14:50,2016-09-09 10:10,20.5,,,,BASELINE 1,3,
B7750D,6, NI15-018,2016-09-06 14:50,2016-09-09 10:10,16.4,,,,BASELINE 1,3,
B7751,7, NI16-022,2016-09-06 15:05,2016-09-09 09:55,25.2,,,,BASELINE 1,3,
B7751D,7, NI16-022,2016-09-06 15:05,2016-09-09 09:55,23.8,,,,BASELINE 1,3,
B7752,8, NI15-020,2016-09-06 15:10,2016-09-09 09:45,21.3,,,,BASELINE 1,3,
B7752D,8, NI15-020,2016-09-06 15:10,2016-09-09 09:45,19.3,,,,BASELINE 1,3,
B7753,9, NI15-048,2016-09-06 15:20,2016-09-09 09:30,22.1,,,,BASELINE 1,3,
B7753D,9, NI15-048,2016-09-06 15:20,2016-09-09 09:30,20.3,,,,BASELINE 1,3,
B7754,10, BETON TROSKEL,2016-09-06 16:25,2016-09-09 10:40,3.31,,,,BASELINE 1,3,
B7754D,10, BETON TROSKEL,2016-09-06 16:25,2016-09-09 10:40,3.01,,,,BASELINE 1,3,
B7755,11, SO-NEDSTROM,2016-09-06 17:00,2016-09-09 08:00,2.81,,,,BASELINE 1,3,
B7755D,11, SO-NEDSTROM,2016-09-06 17:00,2016-09-09 08:00,2.75,,,,BASELINE 1,3,
B7756,12, BI5:1,2016-09-06 12:02,2016-09-09 14:10,,,,,BASELINE 1,3,
B7757,13, NI1401:2,2016-09-06 16:15,2016-09-09 13:20,,,,,BASELINE 1,3,
B7758,14, NI1501:2,2016-09-06 13:00,2016-09-09 13:10,,,,,BASELINE 1,3,
B7759,15, NI1405:2,2016-09-07 14:00,2016-09-09 14:40,,,,,BASELINE 1,2,
B7761,16, NI1413:2,2016-09-06 12:30,2016-09-09 14:30,,,,,BASELINE 1,3,
B7762,17, B38:1,2016-09-06 14:05,2016-09-09 11:35,,,,,BASELINE 1,3,
B7763,18, NI1603:2,2016-09-06 15:45,2016-09-09 11:00,,,,,BASELINE 1,3,
B7764,19, NI15-012,2016-09-06 14:00,2016-09-09 09:05,,,,,BASELINE 1,3,
B7765,20, NI15-Ö45,2016-09-06 14:40,2016-09-09 11:25,,,,,BASELINE 1,3,
B7766,21, KB4:4,2016-09-06 14:35,2016-09-09 09:25,,,,,BASELINE 1,3,
B8788,1, ORBACKEN - OPSTROMS,2016-09-09 08:20,2016-11-09 14:30,,,,,BASELINE 2,61,
B8789,2, ORBACK,2016-09-09 08:45,2016-11-09 11:30,2.95,,,,BASELINE 2,61,
B8790,4, TILL0B,2016-09-09 10:35,2016-11-09 12:15,3.6,,,,BASELINE 2,61,
B8791,5, NI16-08,2016-09-09 10:25,2016-11-09 13:22,3.86,,,,BASELINE 2,61,
B8792,6, NEDSTROMS NI15-018,2016-09-09 10:10,2016-11-09 13:39,2.81,,,,BASELINE 2,61,
B8793,7, NEDSTROMS NI16-022,2016-09-09 09:55,2016-11-09 13:43,3.33,,,,BASELINE 2,61,
B8794,8, NI15-020,2016-09-09 09:45,2016-11-09 13:52,4.06,,,,BASELINE 2,61,
B8795,9, NI15-048,2016-09-09 09:30,2016-11-09 13:58,4.13,,,,BASELINE 2,61,
B8796,10, BETON TROSKEL,2016-09-09 10:40,2016-11-09 14:45,4.13,,,,BASELINE 2,61,
B8797,11, SO-NEDSTROMS,2016-09-09 08:00,2016-11-09 15:00,,,,,BASELINE 2,61,
B8798,12, BI5:1,2016-09-09 14:10,2016-11-10 08:30,,,,,BASELINE 2,62,
B8799,13, NI1401:2,2016-09-09 13:20,2016-11-09 11:15,,,,,BASELINE 2,61,
B8801,14, NI1501:2,2016-09-09 13:10,2016-11-09 11:42,,,,,BASELINE 2,61,
B8802,15, NI1405:2,2016-09-09 14:40,2016-11-09 11:57,33.4,,,,BASELINE 2,61,
B8803,16, NI1413:2,2016-09-09 14:30,2016-11-09 15:00,,,,,BASELINE 2,61,
B8804,17, B38:1,2016-09-09 11:35,2016-11-10 08:46,,,,,BASELINE 2,62,
B8805,18, NI1603,2016-09-09 11:00,2016-11-09 15:34,,,,,BASELINE 2,61,
B8806,19, NI15-012,2016-09-09 09:05,2016-11-09 13:10,,,,,BASELINE 2,61,
B8807,20, NI15-Ö45,2016-09-09 11:25,2016-11-09 12:30,,,,,BASELINE 2,61,
B8808,21, KB4:4,2016-09-09 09:25,2016-11-10 09:00,,,,,BASELINE 2,62,
B8809,3, NI15-01,2016-11-09 13:10,2016-11-16 10:52,,,,,ROUND 1,7,
B8810,4, TILL0B,2016-11-09 12:15,2016-11-16 10:30,1.39,,,,ROUND 1,7,
B8811,13, NI1401:2,2016-11-09 11:15,2016-11-16 15:00,,,,,ROUND 1,7,
B8812,16, NI1413:2,2016-11-09 15:00,2016-11-16 10:54,,,,,ROUND 1,7,
B8813,24, B37,2016-11-10 12:00,2016-11-16 11:58,,,,,ROUND 1,6,
B8814,27, NI1406,2016-11-10 11:27,2016-11-16 14:27,,,2.72,,ROUND 1,6,
B8815,28, NI1407:2,2016-11-10 11:30,2016-11-16 14:00,,,,,ROUND 1,6,
B8816,29, NI1407:3,2016-11-10 11:35,2016-11-16 13:51,,,,,ROUND 1,6,
B8817,30, NI1408:2,2016-11-10 11:30,2016-11-16 14:05,83500,,,,ROUND 1,6,
B8818,31, NI1408:3,2016-11-10 11:35,2016-11-16 14:20,0.877,,,,ROUND 1,6,
B8819,36, NI1412:2,2016-11-10 12:45,2016-11-16 12:05,,,,21400,ROUND 1,6,
B8821,37, NI1412:2B,2016-11-10 11:50,2016-11-16 11:03,,,,,ROUND 1,6,
B8822,38, NI1413:1,2016-11-10 12:25,2016-11-16 10:36,,,,,ROUND 1,6,
B8823,39, NI1413:3,2016-11-10 12:15,2016-11-16 11:03,,,,,ROUND 1,6,
B8824,40, NI15-01,2016-11-10 15:20,2016-11-16 09:55,,,,,ROUND 1,6,
B8825,43, NI1604:3,2016-11-10 12:25,2016-11-16 11:08,,,,,ROUND 1,6,
B8826,44, NI1604B:2,2016-11-10 12:45,2016-11-16 11:40,1.11,,,,ROUND 1,6,
B8827,60, NI1412:1,2016-11-10 12:45,2016-11-16 12:40,15.7,26.7,,,ROUND 1,6,
B8828,59, NI1401:1,2016-11-10 12:45,2016-11-16 15:00,,,,,ROUND 1,6,
B9106,1, ORBACK OPSTROM,2016-11-09 00:00,2016-12-06 08:50,,,,,ROUND 2,27,
B9107,2, ORBACK,2016-11-09 00:00,2016-12-07 10:50,,,,,ROUND 2,28,
B9108,3, NI15-O1,2016-11-16 00:00,2016-12-06 15:10,,,,,ROUND 2,20,
B9109,4, TILLOB,2016-11-16 00:00,2016-12-06 14:20,,16.9,,,ROUND 2,20,
B9110,5, NI16-O8,2016-11-09 00:00,2016-12-06 13:50,,12,,,ROUND 2,27,
B9111,6, NEDSTROMS NI15-O18,2016-11-09 00:00,2016-12-06 12:00,,8.16,,,ROUND 2,27,
B9112,7, NEDSTROMS NI15-O47 (NI16-O22),2016-11-09 00:00,2016-12-06 11:40,,15.5,,,ROUND 2,27,
B9113,8, NI15-O20,2016-11-09 00:00,2016-12-06 11:20,,13,,,ROUND 2,27,
B9114,9, NI15-O48,2016-11-09 00:00,2016-12-06 10:45,,9.45,,,ROUND 2,27,
B9115,10,BETON TROSKEL,2016-11-09 00:00,2016-12-06 10:15,,15,,,ROUND 2,27,
B9116,11, SO NEDSTROMS-RECIPIENT,2016-11-09 00:00,2016-12-07 13:00,,2.45,,,ROUND 2,28,
B9117,12, BI5:1,2016-11-09 00:00,2016-12-06 09:30,,,,,ROUND 2,27,
B9118,13, NI1401:2,2016-11-16 00:00,2016-12-06 10:43,,,,,ROUND 2,20,
B9119,14, NI1501:2,2016-11-09 00:00,2016-12-06 08:55,,,,,ROUND 2,27,
B9121,16, NI1413:2,2016-11-16 00:00,2016-12-06 12:10,,,,,ROUND 2,20,
B9122,17, B38:1,2016-11-10 00:00,2016-12-07 10:15,,,,,ROUND 2,27,
B9123,19, NI15-O1,2016-11-09 00:00,2016-12-06 15:00,,,,,ROUND 2,27,
B9125,22, B35,2016-11-10 00:00,2016-12-06 14:30,134,,,,ROUND 2,26,
B9126,23, B36:1,2016-11-10 00:00,2016-12-06 14:08,,63400,,,ROUND 2,26,
B9127,24, B37,2016-11-16 00:00,2016-12-06 14:30,,,,,ROUND 2,20,
B9128,25, NI1402:1,2016-11-10 00:00,2016-12-06 10:24,,,,,ROUND 2,26,
B9129,26, NI1402:2,2016-11-10 00:00,2016-12-06 10:20,,,,,ROUND 2,26,
B9130,28, NI1407:2,2016-11-16 00:00,2016-12-06 11:20,,,,,ROUND 2,20,
B9131,29, NI1407:3,2016-11-16 00:00,2016-12-06 11:35,,,,,ROUND 2,20,
B9132,30, NI1408:2,2016-11-16 00:00,2016-12-07 11:19,25300,,,,ROUND 2,21,
B9133,31, NI1408:3,2016-11-10 00:00,2016-12-07 11:25,4.59,,,,ROUND 2,27,
B9134,36, NI1412:3,2016-11-16 00:00,2016-12-06 08:15,,,,426000,ROUND 2,20,
B9135,37, NI1412:2,2016-11-16 00:00,2016-12-06 15:30,,,,,ROUND 2,20,
B9136,38, NI1413:1,2016-11-16 00:00,2016-12-06 11:50,,,,,ROUND 2,20,
B9137,39, NI1413:3,2016-11-16 00:00,2016-12-06 01:54,,,,1.58,ROUND 2,20,
B9138,40, NI-12,2016-11-16 00:00,2016-12-06 14:00,,15,,,ROUND 2,20,
B9139,41, KB1:1,2016-11-10 00:00,2016-12-07 10:00,,,,,ROUND 2,27,
B9142,43, NI1604:3,2016-11-16 00:00,2016-12-06 15:00,,,,,ROUND 2,20,
B9143,44, NI1604B:2,2016-11-16 00:00,2016-12-06 15:05,1.56,,,,ROUND 2,20,
B9144,45, NI1605:1,2016-11-10 00:00,2016-12-07 09:00,3.54,,,,ROUND 2,27,
B9145,46, NI1605B:3,2016-11-10 00:00,2016-12-07 09:00,1.67,,,,ROUND 2,27,
B9146,47, NI1607:1,2016-11-10 00:00,2016-12-07 09:30,,,,,ROUND 2,27,
B9147,48, NI1607:3,2016-11-10 00:00,2016-12-07 10:00,,,,,ROUND 2,27,
B9148,49, NI-6,2016-11-10 00:00,2016-12-06 15:20,,,,,ROUND 2,26,
B9149,52, NI1608:1,2016-11-10 00:00,2016-12-07 10:18,,,,,ROUND 2,27,
B9150,53, NI1608:3,2016-11-10 00:00,2016-12-07 10:17,,,,,ROUND 2,27,
B9151,54, NI1501:3,2016-11-10 00:00,2016-12-06 09:07,,,,,ROUND 2,26,
B9152,55, NI1501:1,2016-11-10 00:00,2016-12-06 08:30,,,,,ROUND 2,26,
B9153,56, NI16-O4,2016-11-16 00:00,2016-12-06 11:00,,,,,ROUND 2,20,
B9154,57, NI16-O1,2016-11-16 00:00,2016-12-06 11:52,,,,,ROUND 2,20,
B9155,59, NI1401:1,2016-11-16 00:00,2016-12-06 10:00,,,,,ROUND 2,20,
B9156,60, NI1412:1,2016-11-16 00:00,2016-12-07 08:00,,1730,,,ROUND 2,21,
B9459,1, ORBACK - OPSTROM,2016-12-06 08:50,2016-12-19 09:55,,,,,ROUND 3,13,
B9461,2, ORBACK ,2016-12-07 10:50,2016-12-20 10:52,,,,,ROUND 3,13,
B9462,3, NI15-01,2016-12-06 15:10,2016-12-20 09:20,,,,,ROUND 3,14,
B9463,4, TILLOB,2016-12-06 14:20,2016-12-19 14:25,,30.7,,2.94,ROUND 3,13,
B9464,5, NI16-08,2016-12-06 13:50,2016-12-19 13:56,,60.6,,6.74,ROUND 3,13,
B9465,6, NEDSTROMS NI15-018,2016-12-06 12:00,2016-12-19 13:46,,50.2,,5.08,ROUND 3,13,
B9466,7, NEDSTROMS NI15-047 (NI16-022),2016-12-06 11:40,2016-12-19 13:23,,53.7,,5.26,ROUND 3,13,
B9467,8, NI15-020,2016-12-06 11:20,2016-12-19 12:47,,53.1,,5.05,ROUND 3,13,
B9468,9, NI15-048,2016-12-06 10:45,2016-12-19 12:22,,59.6,,5.53,ROUND 3,13,
B9469,10,BETON TROSKEL,2016-12-06 10:15,2016-12-19 10:15,,64.2,,6.12,ROUND 3,13,
B9470,11, SO NEDSTROM - RECIPIENT,2016-12-07 13:00,2016-12-19 11:15,,5.96,,,ROUND 3,12,
B9471,19, NI15-01,2016-12-06 15:00,2016-12-20 09:16,,,,,ROUND 3,14,
B9473,40, NI-12,2016-12-06 14:00,2016-12-19 14:06,,59.7,,6.41,ROUND 3,13,
B9474,41, KB1:1,2016-12-07 10:00,2016-12-20 10:30,,,,,ROUND 3,13,
B9475,42, KB1:2,2016-12-07 10:00,2016-12-20 10:30,6.8,16.7,,,ROUND 3,13,
B9476,47, NI1607:1,2016-12-07 09:30,2016-12-20 10:00,,,,,ROUND 3,13,
B9477,48, NI1607:3,2016-12-07 09:30,2016-12-20 10:00,,,,,ROUND 3,13,
B9478,49, NI-6,2016-12-06 15:20,2016-12-20 10:20,,,,,ROUND 3,14,
B9479,52, NI1608:1,2016-12-07 10:18,2016-12-20 09:40,,,,,ROUND 3,13,
B9481,53, NI1608:3,2016-12-07 10:17,2016-12-20 09:47,,,,,ROUND 3,13,
B9482,56, NI16-04,2016-12-06 11:00,2016-12-19 12:36,,,,,ROUND 3,13,
B9483,57, NI16-01,2016-12-06 11:52,2016-12-19 13:34,,,,,ROUND 3,13,
B9484,64, NI15-09,2016-12-07 00:00,2016-12-19 14:50,,,,,ROUND 3,12,
B9486,66, HAGALVEN 2,2016-12-07 00:00,2016-12-19 11:00,,,,,ROUND 3,12,
B9487,67, NI16-020,2016-12-07 00:00,2016-12-19 13:00,,51.3,,6.07,ROUND 3,12,
B9488,68, NI16-021,2016-12-07 00:00,2016-12-19 13:10,,33.7,,3.9,ROUND 3,12,
C0155,1, ORBACK - OPSTROM,2016-12-19 00:00,2017-01-24 08:40,,,,,ROUND 4,36,
C0156,2, ORBACK ,2016-12-20 00:00,2017-01-25 09:10,,,,,ROUND 4,36,
C0157,3, NI15-01,2016-12-20 00:00,2017-01-24 15:40,,,,,ROUND 4,35,
C0158,4, TILL0B,2016-12-19 00:00,2017-01-25 08:30,,49.6,,32.8,ROUND 4,37,
C0159,5, NI16-08,2016-12-19 00:00,2017-01-24 14:30,,64.3,,58.1,ROUND 4,36,
C0161,6, NEDSTROMS NI15-018,2016-12-19 00:00,2017-01-24 14:10,,56.8,,33.8,ROUND 4,36,
C0162,7, NEDSTROMS NI15-047,2016-12-19 00:00,2017-01-24 13:30,,59.9,,38.1,ROUND 4,36,
C0163,8, NI15-020,2016-12-19 00:00,2017-01-24 12:54,,37.4,,23.4,ROUND 4,36,
C0164,9, NI15-048,2016-12-19 00:00,2017-01-24 12:29,,88,,61.9,ROUND 4,36,
C0165,10,BETON TROSKEL,2016-12-19 00:00,2017-01-24 10:45,,91.8,,60.2,ROUND 4,36,
C0166,11, SO NEDSTROMS - RECIPIENT,2016-12-19 00:00,2017-01-24 10:00,,9.72,,4.85,ROUND 4,36,
C0167,12, BI5:1,2016-12-06 00:00,2017-01-24 08:20,,,,,ROUND 4,49,
C0168,13, NI1401:2,2016-12-06 00:00,2017-01-24 11:25,,,,,ROUND 4,49,
C0169,14, NI1501:2,2016-12-06 00:00,2017-01-24 12:30,,,,,ROUND 4,49,
C0170,17, B38:1,2016-12-06 00:00,2017-01-25 08:40,,,,,ROUND 4,50,
C0171,18, NI1603 Tracer Dye,2016-11-09 00:00,2017-01-25 10:10,,,,,ROUND 4,77,
C0172,19, NI15-01,2016-12-20 00:00,2017-01-24 16:00,,,,,ROUND 4,35,
C0173,21, KB4:4,2016-12-06 00:00,2017-01-25 15:35,,,,,ROUND 4,50,
C0175,45, NI1605:1,2016-12-07 00:00,2017-01-26 09:15,0.399,,,,ROUND 4,50,
C0176,27, NI1406,2016-12-06 00:00,2017-01-24 12:00,,,,,ROUND 4,49,
C0177,28, NI1407:2,2016-12-06 00:00,2017-01-24 12:00,,,,,ROUND 4,49,
C0178,29, NI1407:3,2016-12-06 00:00,2017-01-24 12:05,,,,,ROUND 4,49,
C0179,38, NI1413:1,2016-12-06 00:00,2017-01-24 15:00,,,,,ROUND 4,49,
C0181,39, NI1413:3,2016-12-06 00:00,2017-01-24 15:30,,,,13.7,ROUND 4,49,
C0182,40, NI-12,2016-12-06 00:00,2017-01-24 14:45,,40.4,,26.8,ROUND 4,49,
C0183,41, KB1:1,2016-12-20 10:30,2017-01-25 08:50,,2.51,,,ROUND 4,36,
C0184,42, KB1:2,2016-12-07 00:00,2017-01-25 08:50,,6340,,,ROUND 4,49,
C0185,47, NI1607:1,2016-12-07 00:00,2017-01-25 13:10,,,,,ROUND 4,49,
C0186,48, NI1607:3,2016-12-07 00:00,2017-01-25 13:30,,,,,ROUND 4,49,
C0187,49, NI-6,2016-12-06 00:00,2017-01-25 08:50,,,,,ROUND 4,50,
C0188,51, NI1606:1,2016-11-10 00:00,2017-01-25 09:00,,,,,ROUND 4,76,
C0189,52, NI1608:1,2016-12-07 00:00,2017-01-25 11:05,,,,,ROUND 4,49,
C0190,54, NI1501:3,2016-12-06 00:00,2017-01-24 12:55,,,,,ROUND 4,49,
C0191,55, NI1501:1,2016-12-06 00:00,2017-01-24 12:25,,,,,ROUND 4,49,
C0192,56, NI16-04,2016-12-06 00:00,2017-01-24 12:40,,,,,ROUND 4,49,
C0193,57, NI16-01,2016-12-06 00:00,2017-01-24 13:46,,,,,ROUND 4,49,
C0194,58, GL-BRUNN,2016-11-16 00:00,2017-01-24 16:45,,,,,ROUND 4,69,
C0195,61, KB4:1,2016-12-07 00:00,2017-01-25 15:00,,,,,ROUND 4,49,
C0196,62, KB4:2,2016-12-07 00:00,2017-01-25 15:10,,,,,ROUND 4,49,
C0197,63, KB4:3,2016-12-07 00:00,2017-01-25 15:20,,,,,ROUND 4,49,
C0198,64, NI15-09,2016-12-19 00:00,2017-01-24 15:26,,,,,ROUND 4,36,
C0201,66, HAGALVEN 2,2016-12-19 00:00,2017-01-24 09:24,,,,,ROUND 4,36,
C0202,67, NI16-020,2016-12-19 00:00,2017-01-24 13:10,,69.8,,32.8,ROUND 4,36,
C0203,68, NI16-021,2016-12-19 00:00,2017-01-24 13:22,,56.4,,23.8,ROUND 4,36,
C0204,69, UPPSTROMS BETONGTROSKEL,2016-12-20 00:00,2017-01-24 11:00,,46.1,,26.3,ROUND 4,35,
C0205,70, HAGALVEN 1,2016-12-20 00:00,2017-01-24 10:30,,,,,ROUND 4,35,
C0206,71, NEDSTROMS NI16-08,2016-12-20 00:00,2017-01-24 14:20,,54.8,,27.4,ROUND 4,35,
C0207,72, UPPSTROMS NI16-01,2016-12-20 00:00,2017-01-24 13:55,,53.4,,24.2,ROUND 4,35,
C0208,73, NI1609:1,2016-12-20 00:00,2017-01-25 12:20,,,,,ROUND 4,36,
C0209,74, NI1609:2,2016-12-20 00:00,2017-01-25 12:50,,,,,ROUND 4,36,
C0210,75, NI1609:3,2016-12-20 00:00,2017-01-25 13:10,,,,,ROUND 4,36,
C0211,46, NI1605b:3,2016-12-07 00:00,2017-01-26 09:30,1.88,,,,ROUND 4,50,
C0212,75, NI1609:3,2016-12-20 00:00,2017-01-25 00:00,,,,,ROUND 4,36,
C0757,1, ORBACK - OPSTROM,2017-01-24 08:40,2017-02-27 10:30,,,,,ROUND 5,34,
C0758,2, ORBACK,2017-01-25 09:10,2017-02-28 14:45,,,,,ROUND 5,34,
C0759,3, NI15-O1,2017-01-24 15:40,2017-02-28 14:20,,,,,ROUND 5,35,
C0761,4, TILLOB,2017-01-25 08:30,2017-02-27 15:15,,35.9,,15.9,ROUND 5,33,
C0762,5, NI16-O8,2017-01-24 14:30,2017-02-27 15:50,,26.8,,15.1,ROUND 5,34,
C0763,6, NEDSTROMS NI15-O18,2017-01-24 14:10,2017-02-27 14:30,,30.4,,17.6,ROUND 5,34,
C0764,7, NEDSTROMS NI15-O47,2017-01-24 13:30,2017-02-27 14:10,,27,,15,ROUND 5,34,
C0765,8, NI15-O20,2017-01-24 12:54,2017-02-27 13:40,,25.4,,13.6,ROUND 5,34,
C0766,9, NI15-O48,2017-01-24 12:29,2017-02-27 13:15,,29.4,,15.2,ROUND 5,34,
C0767,10,BETON TROSKEL,2017-01-24 10:45,2017-02-27 11:30,,30.8,,16,ROUND 5,34,
C0768,11, SO NEDSTROMS  - Recipient,2017-01-24 10:00,2017-02-28 08:30,,5.47,,2.52,ROUND 5,35,
C0769,14, NI1501:2,2017-01-24 12:30,2017-02-28 14:20,,,,,ROUND 5,35,
C0770,19, NI15-O1,2017-01-24 16:00,2017-02-28 09:00,,,,,ROUND 5,35,
C0772,21, KB4:4,2017-01-25 15:35,2017-02-28 11:00,,,,,ROUND 5,34,
C0773,40, NI-12,2017-01-24 14:45,2017-02-27 14:46,,24.3,,12.9,ROUND 5,34,
C0774,41, KB1:1,2017-01-25 08:50,2017-02-28 10:20,,290,,,ROUND 5,34,
C0775,42, KB1:2,2017-01-25 08:50,2017-02-28 10:30,,7190,,,ROUND 5,34,
C0776,49, NI6,2017-01-25 08:50,2017-02-28 13:30,,,,,ROUND 5,34,
C0777,54, NI1501:3,2017-01-24 12:55,2017-02-28 14:10,,,,,ROUND 5,35,
C0778,55, NI1501:1,2017-01-24 12:25,2017-02-28 14:15,,,,,ROUND 5,35,
C0779,56, NI16-O4,2017-01-24 12:40,2017-02-27 13:00,,,,,ROUND 5,34,
C0781,57, NI16-O1,2017-01-24 13:46,2017-02-27 14:16,,,,,ROUND 5,34,
C0782,58, GL-BRUNN,2017-01-24 16:45,2017-02-28 10:45,,,,,ROUND 5,35,
C0783,61, KB4:1,2017-01-25 15:00,2017-02-28 11:15,,,,,ROUND 5,34,
C0784,62, KB4:2,2017-01-25 15:10,2017-02-28 11:20,,,,,ROUND 5,34,
C0785,63, KB4:3,2017-01-25 15:20,2017-02-28 11:30,,,,,ROUND 5,34,
C0786,64, NI15-O9,2017-01-24 15:26,2017-02-27 15:30,,4.54,,,ROUND 5,34,
C0788,66, HAGALVEN 2,2017-01-24 09:24,2017-02-28 08:45,,,,,ROUND 5,35,
C0789,67, NI16-O20,2017-01-24 13:10,2017-02-27 13:55,,31,,16.9,ROUND 5,34,
C0790,68, NI16-O21,2017-01-24 13:22,2017-02-27 13:57,,22.8,,11.1,ROUND 5,34,
C0791,69, UPPSTROMS BETONGTROSKEL,2017-01-24 11:00,2017-02-27 11:45,,18,,8.7,ROUND 5,34,
C0792,70, HAGALVEN 1,2017-01-24 10:30,2017-02-28 15:00,,,,,ROUND 5,35,
C0793,71, NEDSTROMS NI16-O8,2017-01-24 14:20,2017-02-27 14:32,,21.3,,12.1,ROUND 5,34,
C0794,72, UPPSTROMS NI16-O1,2017-01-24 13:55,2017-02-27 14:27,,24.8,,13.7,ROUND 5,34,
C0795,76, B2:1,2017-01-24 12:45,2017-02-28 13:55,,,,,ROUND 5,35,
C0796,77, B2:2,2017-01-24 12:50,2017-02-28 14:05,,,,,ROUND 5,35,
C0798,79, UPPSTROMS NI15-O48,2017-01-25 15:00,2017-02-27 13:05,,19.6,,9.89,ROUND 5,33,
C0799,80, UPPSTROMS #79 Nedstroms NI15-020,2017-01-25 15:10,2017-02-27 13:15,,32.9,,18.3,ROUND 5,33,
C0801,81, NEDSTROMS NI16-O20,2017-01-25 15:20,2017-02-27 13:45,,36.9,,18.5,ROUND 5,33,
C0802,90, KB1_BRUNN,2017-01-26 14:00,2017-02-28 10:00,,,,,ROUND 5,33,
C0803,91, KB2_BRUNN,2017-01-26 14:10,2017-02-28 11:00,,,,,ROUND 5,33,
C0804,92, KB3_BRUNN,2017-01-26 14:20,2017-02-28 11:05,,,,,ROUND 5,33,
C0805,93, KB4_BRUNN,2017-01-26 14:30,2017-02-28 11:10,,,,,ROUND 5,33,
C1654,1, ORBACK UPSTROM,2017-02-27 10:30,2017-04-03 10:30,,,,,ROUND 6,35,
C1655,2, ORBACK ,2017-02-28 14:45,2017-04-04 08:00,,,,,ROUND 6,35,
C1656,3, NI15-01,2017-02-28 14:20,2017-04-03 15:45,,,,,ROUND 6,34,
C1657,4, TILL0B,2017-02-27 15:15,2017-04-03 15:10,,9.58,,5.26,ROUND 6,35,
C1658,5, NI16-08,2017-02-27 15:50,2017-04-03 14:50,,9.09,,5.97,ROUND 6,35,
C1659,6, NEDSTROMS NI15-018,2017-02-27 14:30,2017-04-03 14:40,,13.3,,8.82,ROUND 6,35,
C1661,7, NEDSTROMS NI15-047,2017-02-27 14:10,2017-04-03 14:00,,8.95,,6.5,ROUND 6,35,
C1662,8, NI15-020,2017-02-27 13:40,2017-04-03 13:30,,8.93,,5.56,ROUND 6,35,
C1663,9, NI15-048,2017-02-27 13:15,2017-04-03 12:10,,9.21,,6.42,ROUND 6,35,
C1664,10,BETON TROSKEL,2017-02-27 11:30,2017-04-03 11:30,,10.5,,7.53,ROUND 6,35,
C1665,11, SO NEDSTROMS-RECIPIENT,2017-02-28 08:30,2017-04-03 10:55,,3.06,,,ROUND 6,34,
C1666,14, NI1501:2,2017-02-28 14:20,2017-04-04 11:15,,,5390,,ROUND 6,35,
C1667,18, NI1603,2017-02-25 10:10,2017-04-04 09:30,,,,,ROUND 6,38,
C1668,19, NI15-01,2017-02-28 09:00,2017-04-03 15:40,,,,,ROUND 6,34,
C1670,21, KB4:4,2017-02-28 11:00,2017-04-04 11:00,,,,,ROUND 6,35,
C1671,40, NI-12,2017-02-27 14:46,2017-04-03 15:00,,10.8,,6.82,ROUND 6,35,
C1672,41, KB1:1,2017-02-28 10:20,2017-04-04 15:55,,6.5,,,ROUND 6,35,
C1673,42, KB1:2,2017-02-28 10:30,2017-04-04 08:40,,7020,,,ROUND 6,35,
C1674,49, NI-6,2017-02-28 13:30,2017-04-03 15:55,,,,,ROUND 6,34,
C1675,51, NI1606:1,2017-01-25 09:00,2017-04-04 10:15,,,,,ROUND 6,69,
C1676,54, NI1501:3,2017-02-28 14:10,2017-04-04 11:20,,,,,ROUND 6,35,
C1677,55, NI1501:1,2017-02-28 14:15,2017-04-04 11:25,92.5,,17.7,,ROUND 6,35,
C1678,56, NI16-04,2017-02-28 13:00,2017-04-03 11:55,,,,,ROUND 6,34,
C1679,57, NI16-01,2017-02-27 14:16,2017-04-03 14:15,,,,,ROUND 6,35,
C1681,58, GL-BRUNN,2017-02-28 10:45,2017-04-04 09:00,,,,,ROUND 6,35,
C1682,61, KB4:1,2017-02-28 11:15,2017-04-04 10:40,,,,,ROUND 6,35,
C1683,62, KB4:2,2017-02-28 11:20,2017-04-04 10:45,,,,,ROUND 6,35,
C1684,63, KB4:3,2017-02-28 11:30,2017-04-04 10:50,,,,,ROUND 6,35,
C1685,64, NI15-09,2017-02-27 15:30,2017-04-03 15:30,,12.9,,,ROUND 6,35,
C1687,66, HAGALVEN 2,2017-02-28 08:45,2017-04-03 11:15,,,,,ROUND 6,34,
C1688,67, NI16-020,2017-02-27 13:55,2017-04-03 13:45,,6.3,,3.47,ROUND 6,35,
C1689,68, NI16-021,2017-02-27 13:57,2017-04-03 14:00,,12.7,,8.4,ROUND 6,35,
C1690,69, UPPSTROMS BETONGTROSKEL,2017-02-27 11:45,2017-04-03 11:40,,7.14,,4.41,ROUND 6,35,
C1691,70, HAGALVEN 1,2017-02-28 15:00,2017-04-04 08:20,,,,,ROUND 6,35,
C1692,71, NEDSTROMS NI16-08,2017-02-27 14:32,2017-04-03 14:45,,8.47,,7.09,ROUND 6,35,
C1693,72, UPPSTROMS NI16-01,2017-02-27 14:27,2017-04-03 14:20,,7.64,,7.03,ROUND 6,35,
C1694,76, B2:1,2017-02-28 13:55,2017-04-04 11:30,,,,,ROUND 6,35,
C1695,77, B2:2,2017-02-28 14:05,2017-04-04 11:35,,,,,ROUND 6,35,
C1696,78, B2:3,2017-02-28 14:05,2017-04-04 11:40,,,,,ROUND 6,35,
C1697,79, UPPSTROMS NI15-O48,2017-02-27 13:05,2017-04-03 12:20,,11.4,,11.2,ROUND 6,35,
C1698,80, UPPSTROMS #79 NEDSTROMS NI15-O20,2017-02-27 13:15,2017-04-03 12:30,,15,,14.2,ROUND 6,35,
C1699,81, NEDSTROMS NI16-O20,2017-02-27 13:45,2017-04-03 13:40,,8.93,,7.29,ROUND 6,35,
C1701,82, NI1606:2,2017-01-26 11:30,2017-04-04 10:20,,,,,ROUND 6,68,
C1702,83, NI1606:3,2017-01-26 11:40,2017-04-04 10:30,,,,,ROUND 6,68,
C1703,90, KB1-BRUNN,2017-02-28 10:00,2017-04-04 08:50,,,,,ROUND 6,35,
C1704,91, KB2_BRUNN,2017-02-28 11:00,2017-04-04 09:05,,,,,ROUND 6,35,
C1705,92, KB3-BRUNN,2017-02-28 11:05,2017-04-04 10:40,,,,,ROUND 6,35,
C1706,93, KB4-BRUNN,2017-02-28 11:10,2017-04-04 11:00,,,,,ROUND 6,35,
C2477,1, ORBACK UPSTROM,2017-04-03 10:30,2017-05-09 08:15,,,,,ROUND 7,36,
C2478,2, ORBACK,2017-04-04 08:00,2017-05-10 11:00,,,,,ROUND 7,36,GAC over vandoveflade
C2479,3, NI15-O12,2017-04-03 15:45,2017-05-09 15:30,,,,,ROUND 7,36,
C2481,4, TILL0B,2017-04-03 15:10,2017-05-09 14:40,,5.3,,4.7,ROUND 7,36,
C2482,5, NI16-O8,2017-04-03 14:50,2017-05-09 14:30,,4.42,,4.46,ROUND 7,36,GAC i vandoverflade
C2483,6, NEDSTROMS NI115-O18,2017-04-03 14:40,2017-05-09 13:40,,9.41,,12.2,ROUND 7,36,
C2484,7, NEDSTROMS NI15-O47,2017-04-03 14:00,2017-05-09 13:20,,5.57,,5.92,ROUND 7,36,GAC i vandoverflade
C2485,8, NI15-O20,2017-04-03 13:30,2017-05-09 12:30,,4.04,,4.18,ROUND 7,36,GAC over vandoveflade
C2486,9, NI15-O48,2017-04-03 12:10,2017-05-09 11:00,,6.58,,6.38,ROUND 7,36,GAC over vandoveflade
C2487,10,BETON TROSKEL,2017-04-03 11:30,2017-05-09 10:06,,6.41,,6.33,ROUND 7,36,
C2488,11, SO NEDSTROMS RECIPIENT,2017-04-03 10:55,2017-05-09 08:40,,1.89,,,ROUND 7,36,
C2489,14, NI1501:2,2017-04-04 11:15,2017-05-09 00:00,,,226000,,ROUND 7,35,
C2490,15, NI1405:2,2016-12-06 00:00,2017-05-09 00:00,5.01,,,,ROUND 7,154,
C2491,17, B38:1,2017-01-25 00:00,2017-05-09 00:00,,,,,ROUND 7,104,
C2492,18, NI1603,2017-04-04 09:30,2017-05-09 00:00,,,,,ROUND 7,35,
C2493,19, NI15-012,2017-04-03 15:40,2017-05-09 15:35,,,,,ROUND 7,36,
C2495,21, KB4:4,2017-04-04 11:00,2017-05-09 00:00,,,,,ROUND 7,35,
C2496,23, B36:1,2017-01-24 00:00,2017-05-09 00:00,56.8,452,,,ROUND 7,105,
C2497,38, NI1413:1,2017-01-24 00:00,2017-05-09 00:00,,,,,ROUND 7,105,
C2498,39, NI1413:3,2017-01-24 00:00,2017-05-09 00:00,,,,4240,ROUND 7,105,
C2499,40, NI-12,2017-04-03 15:00,2017-05-09 14:20,,7.28,,6.88,ROUND 7,36,GAC i vandoverflade
C2502,42, KB1:2,2017-04-04 08:40,2017-05-09 00:00,,1520,,24.8,ROUND 7,35,
C2503,47, NI1607:1,2017-01-25 00:00,2017-05-09 00:00,,647,,,ROUND 7,104,
C2504,48, NI1607:3,2017-01-25 00:00,2017-05-09 00:00,,,,,ROUND 7,104,
C2505,49, NI-6,2017-04-03 15:55,2017-05-09 15:40,,,,,ROUND 7,36,
C2506,51, NI1606:1,2017-04-04 10:15,2017-05-09 00:00,,,,,ROUND 7,35,
C2507,52, NI1608:1,2017-01-25 09:00,2017-05-09 00:00,,,,,ROUND 7,104,
C2508,53, NI1608:3,2017-01-25 11:05,2017-05-09 00:00,,,,,ROUND 7,104,
C2509,54, NI1501:3,2017-04-04 11:20,2017-05-09 00:00,,,,,ROUND 7,35,
C2510,55, NI1501:1,2017-04-04 11:25,2017-05-09 00:00,429,,365,,ROUND 7,35,
C2511,56, NI16-04,2017-04-03 11:55,2017-05-09 10:45,,,,,ROUND 7,36,GAC over vandoveflade
C2512,57, NI16-01,2017-04-03 14:15,2017-05-09 13:30,,,,,ROUND 7,36,GAC i vandoverflade
C2513,58, GL-BRUNN,2017-04-04 09:00,2017-05-09 00:00,,,,,ROUND 7,35,
C2514,61, KB4:1,2017-04-04 10:40,2017-05-09 00:00,,,,,ROUND 7,35,
C2515,62, KB4:2,2017-04-04 10:45,2017-05-09 00:00,,,,,ROUND 7,35,
C2516,63, KB4:3,2017-04-04 10:50,2017-05-09 00:00,,,,,ROUND 7,35,
C2517,64, NI15-09,2017-04-03 15:30,2017-05-09 15:20,,2.97,,,ROUND 7,36,
C2519,66, Hagalven 2,2017-04-03 11:15,2017-05-09 10:20,,,,,ROUND 7,36,
C2521,67, NI16-020,2017-04-03 13:45,2017-05-09 13:00,,5.44,,6.88,ROUND 7,36,GAC i vandoverflade
C2522,68, NI16-021,2017-04-03 14:00,2017-05-09 13:10,,5.54,,7.26,ROUND 7,36,GAC i vandoverflade
C2523,69, UPPSTROMS BETONGTROSKEL,2017-04-04 11:40,2017-05-09 10:17,,5.06,,5.33,ROUND 7,35,
C2524,70, HAGALVEN 1,2017-04-03 08:25,2017-05-10 11:30,,,,,ROUND 7,37,
C2525,71, NEDSTROMS NI16-08,2017-04-03 14:45,2017-05-09 14:00,,6.22,,9.53,ROUND 7,36,GAC over vandoveflade
C2526,72, UPPSTROMS NI16-01,2017-04-03 14:20,2017-05-09 13:35,,5.72,,8.01,ROUND 7,36,GAC i vandoverflade
C2527,73, NI1609:1,2017-01-25 12:20,2017-05-09 00:00,,,,,ROUND 7,104,
C2528,74, NI1609:2,2017-01-25 12:50,2017-05-09 00:00,,,,,ROUND 7,104,
C2529,75, NI1609:3,2017-01-25 13:10,2017-05-09 00:00,,,,,ROUND 7,104,
C2530,76, B2:1,2017-04-04 11:30,2017-05-09 00:00,,,,,ROUND 7,35,
C2531,77, B2:2,2017-04-04 11:35,2017-05-09 00:00,,,,,ROUND 7,35,
C2532,78, B2:3,2017-04-04 11:40,2017-05-09 00:00,,,,,ROUND 7,35,
C2533,79,  NI16-O25,2017-04-03 12:20,2017-05-09 11:19,,4.95,,5.83,ROUND 7,36,GAC over vandoveflade
C2534,80, NI15-O38,2017-04-03 12:30,2017-05-09 11:25,,5.3,,6.52,ROUND 7,36,GAC over vandoveflade
C2535,81, NI15-O37,2017-04-03 13:40,2017-05-09 12:40,,6.38,,6.1,ROUND 7,36,GAC i vandoverflade
C2536,82, NI1606:2,2017-04-04 10:20,2017-05-09 00:00,,,,,ROUND 7,35,
C2537,83, NI1606:3,2017-04-04 10:30,2017-05-09 00:00,,,,,ROUND 7,35,
C2538,84, NI1601:1,2017-01-26 00:00,2017-05-09 00:00,,,,0.803,ROUND 7,103,
C2539,85, NI1601:2,2017-01-26 00:00,2017-05-09 00:00,,,,546,ROUND 7,103,
C2541,86, NI1601:3,2017-01-26 00:00,2017-05-09 00:00,,,,4510,ROUND 7,103,
C2542,87, NI1610:1,2017-01-26 00:00,2017-05-09 00:00,,,,,ROUND 7,103,
C2543,88, NI1610:2,2017-01-26 00:00,2017-05-09 00:00,,,,,ROUND 7,103,
C2544,24, B37,2017-02-26 00:00,2017-05-09 09:55,,,,40.7,ROUND 7,72,
C2545,90, KB1-BRUNN,2017-04-04 10:00,2017-05-09 00:00,,,,,ROUND 7,35,
C2546,91, KB2_BRUNN,2017-04-04 11:00,2017-05-09 00:00,,,,,ROUND 7,35,
C2547,92, KB3-BRUNN,2017-04-04 11:05,2017-05-09 00:00,,,,,ROUND 7,35,
C2548,93, KB4-BRUNN,2017-04-04 11:10,2017-05-09 00:00,,,,,ROUND 7,35,
C2549,97, NI1611:1,2017-01-16 00:00,2017-05-09 14:08,,779,,,ROUND 7,113,
C3553,1, orback opstrom (v NI-1),2017-05-09 00:00,2017-06-21 00:00,,,,,ROUND 8,43,
C3554,2, orback (v NI-4),2017-05-10 00:00,2017-06-21 00:00,,,,,ROUND 8,42,
C3555,3, NI15-O12,2017-05-09 00:00,2017-06-21 00:00,,,,,ROUND 8,43,
C3556,4, Tillob (v NI-10),2017-05-09 00:00,2017-06-21 00:00,,23.4,,22.1,ROUND 8,43,
C3557,5, NI15-O8,2017-05-09 00:00,2017-06-21 00:00,,15.6,,25.4,ROUND 8,43,
C3558,6, Nedstroms NI15-O18,2017-05-09 00:00,2017-06-21 00:00,,11.2,,16.4,ROUND 8,43,
C3559,7, NI16-O22,2017-05-09 00:00,2017-06-21 00:00,,20.7,,29.6,ROUND 8,43,
C3561,8, NI15-O20,2017-05-09 00:00,2017-06-21 00:00,,13.3,,17.6,ROUND 8,43,
C3562,9, NI15-O48,2017-05-09 00:00,2017-06-21 00:00,,15.6,,21.2,ROUND 8,43,
C3563,10, BETON TROSKEL,2017-05-09 00:00,2017-06-21 00:00,,16.4,,27.4,ROUND 8,43,
C3564,11, So nedstroms - recipient,2017-05-09 00:00,2017-06-21 00:00,,3.58,,3.48,ROUND 8,43,
C3565,14, NI1501:2,2017-05-09 00:00,2017-06-22 00:00,,,10600,,ROUND 8,44,
C3566,17, B38:1,2017-05-09 00:00,2017-06-22 00:00,,,,,ROUND 8,44,
C3567,18, NI1603,2017-05-09 00:00,2017-06-21 00:00,,,,,ROUND 8,43,
C3568,19, NI15-O12,2017-05-09 00:00,2017-06-21 00:00,,,,,ROUND 8,43,
C3570,21, KB4:4,2017-05-09 00:00,2017-06-21 00:00,,,,,ROUND 8,43,
C3571,40, NI-12,2017-05-09 00:00,2017-06-21 00:00,,14.4,,23.2,ROUND 8,43,
C3572,41, KB1:1,2017-05-09 00:00,2017-06-21 00:00,,38.8,,,ROUND 8,43,
C3573,42, KB1:2,2017-05-09 00:00,2017-06-21 00:00,,1110,,106,ROUND 8,43,
C3574,47, NI1607:1,2017-05-09 00:00,2017-06-21 00:00,,1240,,,ROUND 8,43,
C3575,48, NI1607:3,2017-05-09 00:00,2017-06-21 00:00,,,,,ROUND 8,43,
C3576,49, NI-6,2017-05-09 00:00,2017-06-21 00:00,,,,,ROUND 8,43,
C3577,51, NI1606:1,2017-05-09 00:00,2017-06-21 00:00,,,,,ROUND 8,43,
C3578,52, NI1608:1,2017-05-09 00:00,2017-06-21 00:00,,,,,ROUND 8,43,
C3579,54, NI1501:3,2017-05-09 00:00,2017-06-22 00:00,,,,,ROUND 8,44,
C3581,55, NI1501:1,2017-05-09 00:00,2017-06-22 00:00,13500,,5020,,ROUND 8,44,
C3582,56, NI16-O4,2017-05-09 00:00,2017-06-21 00:00,,,,,ROUND 8,43,
C3583,57, NI16-O1,2017-05-09 00:00,2017-06-21 00:00,,,,,ROUND 8,43,
C3584,58, GL_BRUNN,2017-05-09 00:00,2017-06-21 00:00,,,,,ROUND 8,43,
C3585,61, KB4:1,2017-05-09 00:00,2017-06-21 00:00,,,,,ROUND 8,43,
C3586,62, KB4:2,2017-05-09 00:00,2017-06-21 00:00,,,,,ROUND 8,43,
C3587,63, KB4:3,2017-05-09 00:00,2017-06-21 00:00,,,,,ROUND 8,43,
C3588,64, NI15-O9,2017-05-09 00:00,2017-06-21 00:00,,11.5,,,ROUND 8,43,
C3590,66, Hagalven 2 ,2017-05-09 00:00,2017-06-21 00:00,,,,,ROUND 8,43,
C3591,67, NI16-O20,2017-05-09 00:00,2017-06-21 00:00,,18.7,,33.5,ROUND 8,43,
C3592,68, NI16-O21,2017-05-09 00:00,2017-06-21 00:00,,18.3,,27.2,ROUND 8,43,
C3593,69, uppstroms betontroskel,2017-05-09 00:00,2017-06-21 00:00,,16.3,,27.2,ROUND 8,43,
C3594,70, Hagalven 1,2017-05-10 00:00,2017-06-22 00:00,,,,,ROUND 8,43,
C3595,71, nedstroms NI16-O8,2017-05-09 00:00,2017-06-21 00:00,,19.9,,31.7,ROUND 8,43,
C3596,72, uppstroms NI16-O1,2017-05-09 00:00,2017-06-21 00:00,,13.5,,25.1,ROUND 8,43,
C3597,76, B2:1,2017-05-09 00:00,2017-06-21 00:00,,,,,ROUND 8,43,
C3598,77, B2:2,2017-05-09 00:00,2017-06-21 00:00,,,,,ROUND 8,43,
C3599,78, B2:3,2017-05-09 00:00,2017-06-21 00:00,,,,,ROUND 8,43,
C3601,79, NI16-O6,2017-05-09 00:00,2017-06-21 00:00,,19.4,,31.1,ROUND 8,43,
C3602,80, NI15-O38,2017-05-09 00:00,2017-06-21 00:00,,17.5,,24.2,ROUND 8,43,
C3603,81, NI15-O37,2017-05-09 00:00,2017-06-21 00:00,,18.5,,30.5,ROUND 8,43,
C3604,82, NI1606:2,2017-05-09 00:00,2017-06-21 00:00,,,,,ROUND 8,43,
C3605,83, NI1606:3,2017-05-09 00:00,2017-06-21 00:00,,,,,ROUND 8,43,
C3606,84, NI1601:1,2017-05-09 00:00,2017-06-22 00:00,,,,,ROUND 8,44,
C3607,85, NI1601:2,2017-05-09 00:00,2017-06-22 00:00,,,,14.3,ROUND 8,44,
C3608,86, NI1601:3,2017-05-09 00:00,2017-06-22 00:00,,,,4040,ROUND 8,44,
C3609,90, KB1_brunn,2017-05-09 00:00,2017-06-21 00:00,,,,,ROUND 8,43,
C3610,91, KB2_brunn,2017-05-09 00:00,2017-06-21 00:00,,,,,ROUND 8,43,
C3611,92, KB3_brunn,2017-05-09 00:00,2017-06-21 00:00,,,,,ROUND 8,43,
C3612,93, KB4_brunn,2017-05-09 00:00,2017-06-21 00:00,,,,,ROUND 8,43,
C3613,97, NI1611:1,2017-05-09 00:00,2017-06-21 00:00,,952,,,ROUND 8,43,
C4371,1, ORBACK OPSTROM (VNI-1),2017-06-21 00:00,2017-08-03 00:00,,,,,ROUND 9,43,
C4372,2, ORBACK (VNI-4),2017-06-21 00:00,2017-08-03 00:00,,,,,ROUND 9,43,
C4374,4, TILLOB (VNI-10),2017-06-21 00:00,2017-08-03 00:00,,20.1,,31.7,ROUND 9,43,
C4375,5, NI16-O8,2017-06-21 00:00,2017-08-03 00:00,,21.4,,54.5,ROUND 9,43,
C4376,6, NEDSTROMS NI15-O18,2017-06-21 00:00,2017-08-03 00:00,,1.75,,5.28,ROUND 9,43,
C4377,7, NI16-O22,2017-06-21 00:00,2017-08-03 00:00,,24.2,,71.5,ROUND 9,43,
C4378,8, NI15-O20,2017-06-21 00:00,2017-08-03 00:00,,17.3,,49.5,ROUND 9,43,
C4379,9, NI15-O48,2017-06-21 00:00,2017-08-03 00:00,,18,,48,ROUND 9,43,
C4381,10, BETONGTROSKEL,2017-06-21 00:00,2017-08-03 00:00,,12.2,,34.7,ROUND 9,43,
C4382,11, SO NEDSTROMS - RECIPIENT,2017-06-21 00:00,2017-08-03 00:00,,,,1.1,ROUND 9,43,
C4383,14, NI1501:2,2017-06-21 00:00,2017-08-03 00:00,,,4760,,ROUND 9,43,
C4384,21, KB4:4,2017-06-22 00:00,2017-08-03 00:00,,,,,ROUND 9,42,
C4385,40, NI-12,2017-06-21 00:00,2017-08-03 00:00,,21.1,,48.2,ROUND 9,43,
C4386,19, NI15-O12,2017-06-21 00:00,2017-08-03 00:00,,,,,ROUND 9,43,
C4387,20, NI15-Ö45,2017-06-21 00:00,2017-08-03 00:00,,,,20.1,ROUND 9,43,
C4388,41, KB1:1,2017-06-21 00:00,2017-08-03 00:00,,315,,,ROUND 9,43,
C4389,42, KB1:2,2017-06-21 00:00,2017-08-03 00:00,,436,,169,ROUND 9,43,
C4390,47, NI1607:1,2017-06-21 00:00,2017-08-04 00:00,,3440,,,ROUND 9,44,
C4391,48, NI1607:3,2017-06-21 00:00,2017-08-04 00:00,,,,,ROUND 9,44,
C4392,49, NI-6,2017-06-21 00:00,2017-08-03 00:00,,,,,ROUND 9,43,
C4394,55, NI1501:1,2017-06-22 00:00,2017-08-03 00:00,13400,,3180,,ROUND 9,42,
C4395,56, NI16-O4,2017-06-21 00:00,2017-08-03 00:00,,,,,ROUND 9,43,
C4396,57, NI16-O1,2017-06-21 00:00,2017-08-03 00:00,,,,,ROUND 9,43,
C4397,61, KB4:1,2017-06-21 00:00,2017-08-03 00:00,,,,,ROUND 9,43,
C4398,62, KB4:2,2017-06-21 00:00,2017-08-03 00:00,,,,,ROUND 9,43,
C4399,63, KB4:3,2017-06-21 00:00,2017-08-03 00:00,,,,,ROUND 9,43,
C4401,64, NI15-O9,2017-06-21 00:00,2017-08-03 00:00,,14.1,,2.45,ROUND 9,43,
C4402,65, NI15-O45,2017-06-21 00:00,2017-08-03 00:00,,25.4,,38.5,ROUND 9,43,
C4403,66, HAGALVEN 2,2017-06-21 00:00,2017-08-03 00:00,,,,,ROUND 9,43,
C4404,67, NI16-O20,2017-06-21 00:00,2017-08-03 00:00,,28.5,,60.7,ROUND 9,43,
C4405,68, NI16-O21,2017-06-21 00:00,2017-08-03 00:00,,23.9,,53,ROUND 9,43,
C4406,69, UPPSTROMS BETONGTROSKEL,2017-06-21 00:00,2017-08-03 00:00,,23.1,,61.3,ROUND 9,43,
C4407,70, HAGALVEN 1,2017-06-22 00:00,2017-08-03 00:00,,,,,ROUND 9,42,
C4408,71, NEDSTROMS NI16-O8,2017-06-21 00:00,2017-08-03 00:00,,23.6,,63,ROUND 9,43,
C4409,72, UPPSTROMS NI16-O1,2017-06-21 00:00,2017-08-03 00:00,,8.8,,27.7,ROUND 9,43,
C4410,76, B2:1,2017-06-21 00:00,2017-08-03 00:00,,,,,ROUND 9,43,
C4411,77, B2:2,2017-06-21 00:00,2017-08-03 00:00,,,,,ROUND 9,43,
C4412,78, B2:3,2017-06-21 00:00,2017-08-03 00:00,,,,,ROUND 9,43,
C4413,79, NI16-O6,2017-06-21 00:00,2017-08-03 00:00,,21.5,,53.2,ROUND 9,43,
C4414,80, NI15-O38,2017-06-21 00:00,2017-08-03 00:00,,20.6,,65.4,ROUND 9,43,
C4415,81, NI15-O37,2017-06-21 00:00,2017-08-03 00:00,,20.1,,57.2,ROUND 9,43,
C4416,90, KB1-BRUNN,2017-06-21 00:00,2017-08-04 00:00,,,,,ROUND 9,44,
C4417,91, KB2_BRUNN,2017-06-21 00:00,2017-08-04 00:00,,,,,ROUND 9,44,
C4418,92, KB3-BRUNN,2017-06-21 00:00,2017-08-04 00:00,,,,,ROUND 9,44,
C4419,93, KB4-BRUNN,2017-06-21 00:00,2017-08-04 00:00,,,,,ROUND 9,44,
C5285,1, orback opstroms (v NI-1),2017-08-03 00:00,2017-09-12 00:00,,,,,ROUND 10,40,
C5286,2, orback (v NI-4),2017-08-03 00:00,2017-09-13 00:00,,,,,ROUND 10,41,
C5287,3, NI15-O12,2017-08-03 00:00,2017-09-12 00:00,,2.03,,,ROUND 10,40,
C5288,4, Tillob (v NI-10),2017-08-03 00:00,2017-09-12 00:00,,5.22,,9.96,ROUND 10,40,
C5289,5, NI16-O8,2017-08-03 00:00,2017-09-12 00:00,,5.74,,16.8,ROUND 10,40,
C5290,6, Nedstroms NI15-O18,2017-08-03 00:00,2017-09-12 00:00,,1.73,,4.46,ROUND 10,40,
C5291,7, NI16-O22,2017-08-03 00:00,2017-09-12 00:00,,9.3,,30.5,ROUND 10,40,
C5292,8, NI15-O20,2017-08-03 00:00,2017-09-12 00:00,,3.68,,13.7,ROUND 10,40,
C5293,9, NI15-O48,2017-08-03 00:00,2017-09-12 00:00,,6.09,,17.6,ROUND 10,40,
C5294,10, BETON TROSKEL,2017-08-03 00:00,2017-09-12 00:00,,8.47,,23.5,ROUND 10,40,
C5295,11, So nedstroms-recipient,2017-08-03 00:00,2017-09-12 00:00,,,,,ROUND 10,40,
C5296,14, NI1501:2,2017-08-03 00:00,2017-09-12 00:00,,,17600,,ROUND 10,40,
C5297,17, B38:1,2017-06-22 00:00,2017-09-12 00:00,,,,,ROUND 10,82,
C5298,18, NI1603,2017-06-22 00:00,2017-09-13 00:00,,,,,ROUND 10,83,
C5299,19, NI15-O12,2017-08-03 00:00,2017-09-12 00:00,,,,,ROUND 10,40,
C5301,20, NI15-Ö45,2017-08-03 00:00,2017-09-12 00:00,,,,2.29,ROUND 10,40,
C5302,21, KB4:4,2017-08-03 00:00,2017-09-13 00:00,,,,,ROUND 10,41,
C5303,23, B36:1,2017-05-09 00:00,2017-09-13 00:00,49,83.1,,,ROUND 10,127,
C5304,24, B37,2017-06-24 00:00,2017-09-13 00:00,,,,55.7,ROUND 10,81,
C5305,40, NI-12,2017-06-21 00:00,2017-09-12 00:00,,4.45,,8.23,ROUND 10,83,
C5306,41, KB1:1,2017-08-03 00:00,2017-09-13 00:00,,14.9,,,ROUND 10,41,
C5307,42, KB1:2,2017-08-03 00:00,2017-09-13 00:00,,281,,140,ROUND 10,41,
C5308,47, NI1607:1,2017-08-04 00:00,2017-09-12 00:00,,820,,19.9,ROUND 10,39,
C5309,48, NI1607:3,2017-08-04 00:00,2017-09-12 00:00,,,,,ROUND 10,39,
C5310,49, NI-6,2017-08-03 00:00,2017-09-12 00:00,,,,,ROUND 10,40,
C5311,54, NI1501:3,2017-08-03 00:00,2017-09-13 00:00,,,,,ROUND 10,41,
C5312,55, NI1501:1,2017-08-03 00:00,2017-09-13 00:00,4060,,612,,ROUND 10,41,
C5313,56, NI16-O4,2017-08-03 00:00,2017-09-12 00:00,,,,,ROUND 10,40,
C5314,57, NI16-O1,2017-08-03 00:00,2017-09-12 00:00,,,,,ROUND 10,40,
C5315,58, GL_BRUNN,2017-06-21 00:00,2017-09-13 00:00,,,,,ROUND 10,84,
C5316,61, KB4:1,2017-08-03 00:00,2017-09-13 00:00,,,,,ROUND 10,41,
C5317,62, KB4:2,2017-08-03 00:00,2017-09-13 00:00,,,,,ROUND 10,41,
C5318,63, KB4:3,2017-08-03 00:00,2017-09-13 00:00,,,,,ROUND 10,41,
C5319,64, NI15-O9,2017-08-03 00:00,2017-09-12 00:00,,4.3,,1.92,ROUND 10,40,
C5321,65, NI15-O45,2017-08-03 00:00,2017-09-12 00:00,,4.94,,19.8,ROUND 10,40,
C5322,66, Hagalven 2,2017-08-03 00:00,2017-09-12 00:00,,,,,ROUND 10,40,
C5323,67, NI16-O20,2017-08-03 00:00,2017-09-12 00:00,,6.2,,26.2,ROUND 10,40,
C5324,68, NI16-O21,2017-08-03 00:00,2017-09-12 00:00,,6.26,,25.5,ROUND 10,40,
C5325,69, uppstroms betontroskel,2017-08-03 00:00,2017-09-12 00:00,,3.29,,11.6,ROUND 10,40,
C5326,70, Hagalven 1,2017-08-03 00:00,2017-09-13 00:00,,,,,ROUND 10,41,
C5327,71, nedstroms NI16-O8,2017-08-03 00:00,2017-09-12 00:00,,7.26,,30.8,ROUND 10,40,
C5328,72, uppstroms NI16-O1,2017-08-03 00:00,2017-09-12 00:00,,2.89,,9.69,ROUND 10,40,
C5329,76, B2:1,2017-08-03 00:00,2017-09-13 00:00,,,,,ROUND 10,41,
C5330,77, B2:2,2017-08-03 00:00,2017-09-13 00:00,,,,,ROUND 10,41,
C5331,78, B2:3,2017-08-03 00:00,2017-09-12 00:00,,,,,ROUND 10,40,
C5332,79, NI16-O6,2017-08-03 00:00,2017-09-12 00:00,,9.33,,28.4,ROUND 10,40,
C5333,80, NI15-O38,2017-08-03 00:00,2017-09-12 00:00,,6.38,,17.8,ROUND 10,40,
C5334,81, NI15-O37,2017-08-03 00:00,2017-09-12 00:00,,8.17,,23.1,ROUND 10,40,
C5336,85, NI1601:2,2017-06-22 00:00,2017-09-13 00:00,,,,134,ROUND 10,83,
C5337,86, NI1601:3,2017-06-22 00:00,2017-09-13 00:00,,,,1630,ROUND 10,83,
C5338,87, NI1610:1,2017-05-09 00:00,2017-09-12 00:00,,10.7,,,ROUND 10,126,
C5339,88, NI1610:2,2017-05-09 00:00,2017-09-12 00:00,,1.68,,,ROUND 10,126,
C5341,90, KB1_brunn,2017-08-04 00:00,2017-09-13 00:00,,,,,ROUND 10,40,
C5342,91, KB2_brunn,2017-08-04 00:00,2017-09-13 00:00,,,,,ROUND 10,40,
C5343,92, KB3_brunn,2017-08-04 00:00,2017-09-13 00:00,,,,,ROUND 10,40,
C5344,93, KB4_brunn,2017-08-04 00:00,2017-09-13 00:00,,,,,ROUND 10,40,
C5345,105, B34,2017-05-09 00:00,2017-09-13 00:00,,,,744,ROUND 10,127,
C5346,106, NI1701,2017-08-04 00:00,2017-09-13 00:00,,,,92,ROUND 10,40,
C5347,107, NI1702,2017-08-04 00:00,2017-09-13 00:00,,,,18.4,ROUND 10,40,
C5349,109, NI1703:2,2017-08-04 00:00,2017-09-12 00:00,,407,,170,ROUND 10,39,
C5350,114, NI17-O17,2017-08-04 00:00,2017-09-12 00:00,,,,,ROUND 10,39,
C5351,115, NI17-O18,2017-08-04 00:00,2017-09-12 00:00,,,,,ROUND 10,39,
C5352,117, NI15-O5a,2017-08-04 00:00,2017-09-12 00:00,,,,,ROUND 10,39,
C5353,118, NI1704:1,2017-08-04 00:00,2017-09-13 00:00,,,,,ROUND 10,40,
C5354,119, NI1704:2,2017-08-04 00:00,2017-09-13 00:00,,,,,ROUND 10,40,
C5355,120, NI1705:1,2017-08-04 00:00,2017-09-13 00:00,,,,,ROUND 10,40,
C5356,121, NI1705:2,2017-08-04 00:00,2017-09-13 00:00,,,,,ROUND 10,40,
C5357,122, NI1706:1,2017-08-04 00:00,2017-09-13 00:00,,,,,ROUND 10,40,
C5358,123, NI1706:2,2017-08-04 00:00,2017-09-13 00:00,,,,,ROUND 10,40,
C5359,124, NI1707:1,2017-08-04 00:00,2017-09-13 00:00,,,,,ROUND 10,40,
C6474,1, ORBACK - OPSTROM (v NI-1),2017-09-12 00:00,2017-10-23 00:00,,,,,ROUND 11,41,
C6475,3, NI15-O12,2017-09-12 00:00,2017-10-23 00:00,,,,,ROUND 11,41,
C6477,5, NI16-O8,2017-09-12 00:00,2017-10-23 00:00,,0.699,,1.32,ROUND 11,41,
C6478,6, Nedstroms NI15-O18,2017-09-12 00:00,2017-10-23 00:00,,0.624,,1.4,ROUND 11,41,
C6479,7, NI16-O22,2017-09-12 00:00,2017-10-23 00:00,,0.637,,1.49,ROUND 11,41,
C6482,9, NI15-O48,2017-09-12 00:00,2017-10-23 00:00,,0.65,,1.42,ROUND 11,41,
C6483,10, Betong troskel,2017-09-12 00:00,2017-10-23 00:00,,1.08,,2.29,ROUND 11,41,
C6484,11, So nedstroms - recipient,2017-09-12 00:00,2017-10-23 00:00,,,,,ROUND 11,41,
C6485,14, NI1501:2,2017-09-12 00:00,2017-10-24 00:00,,,1220,,ROUND 11,42,10 cm orange tracer? (1?)
C6486,19, NI15-O12,2017-09-12 00:00,2017-10-23 00:00,,,,,ROUND 11,41,
C6487,41, KB1:1,2017-09-13 00:00,2017-10-24 00:00,,2.23,,,ROUND 11,41,170 cm tracer rosa
C6489,49, NI-6,2017-09-12 00:00,2017-10-23 00:00,,,,,ROUND 11,41,
C6490,52, NI1608:1,2017-06-21 00:00,2017-10-24 00:00,,,,,ROUND 11,125,
C6491,54, NI1501:3,2017-09-13 00:00,2017-10-24 00:00,,,,,ROUND 11,41,
C6492,55, NI1501:1,2017-09-13 00:00,2017-10-24 00:00,4860,,331,,ROUND 11,41,
C6493,57, NI16-O1,2017-09-12 00:00,2017-10-23 00:00,,,,,ROUND 11,41,
C6494,66, Hagalven 2,2017-09-12 00:00,2017-10-23 00:00,,,,,ROUND 11,41,
C6495,73, NI1609:1,2017-05-09 00:00,2017-10-23 00:00,,,,,ROUND 11,167,
C6496,76, B2:1,2017-09-13 00:00,2017-10-24 00:00,,,,,ROUND 11,41,
C6497,77, B2:2,2017-09-13 00:00,2017-10-24 00:00,,,,,ROUND 11,41,
C6498,78, B2:3,2017-09-12 00:00,2017-10-24 00:00,,,,,ROUND 11,42,
C6499,84, NI1601:1,2017-09-13 00:00,2017-10-24 00:00,,,,,ROUND 11,41,
C6501,85, NI1601:2,2017-09-13 00:00,2017-10-24 00:00,,,,2.54,ROUND 11,41,
C6502,86, NI1601:3,2017-09-13 00:00,2017-10-24 00:00,,,,206,ROUND 11,41,
C6504,96, NI1612:1,2017-09-13 00:00,2017-10-24 00:00,,164,,12.6,ROUND 11,41,20 cm tracer rosa
C6505,101, B29,2017-05-09 00:00,2017-10-24 00:00,,,,,ROUND 11,168,
C6506,120, NI1705:1,2017-09-13 00:00,2017-10-23 00:00,,,,,ROUND 11,40,
C6507,121, NI1705:2,2017-09-13 00:00,2017-10-23 00:00,,,,,ROUND 11,40,
C6508,122, NI1706:1,2017-09-13 00:00,2017-10-23 00:00,,,,,ROUND 11,40,
C6509,123, NI1706:2,2017-09-13 00:00,2017-10-23 00:00,,,,,ROUND 11,40,
C6510,124, NI1707:1,2017-09-13 00:00,2017-10-23 00:00,,,,,ROUND 11,40,
C7291,10, Betong troskel,2017-10-23 00:00,2017-11-23 00:00,,,,0.521,ROUND 12,31,
C7292,56, NI16-O4,2017-10-23 00:00,2017-11-23 00:00,,,,,ROUND 12,31,
C7715,69, Uppstoms betongtroskel,2017-10-23 00:00,2017-12-14 00:00,,,,0.942,ROUND 13,52,
C7716,40, NI-12,2017-10-23 00:00,2017-12-14 00:00,,4.99,,5.46,ROUND 13,52,
C7918,69, Uppstroms betongtroskel,2017-12-14 11:16,2018-01-05 10:13,,,,,ROUND 14,22,
C7919,40, NI-12,2017-12-14 10:53,2018-01-05 10:31,,,,,ROUND 14,22,
C7921,10, Betongtroskel,2017-12-22 12:46,2018-01-05 10:00,,,,,ROUND 14,14,
C8090,40, NI-12,2018-01-05 10:31,2018-01-19 10:50,,,,,ROUND 15,14,
C8091,10, Betongtroskel,2018-01-05 10:06,2018-01-19 10:25,,,,,ROUND 15,14,
C8674,40, NI-12,2018-01-19 10:50,2018-02-09 13:20,,,,,ROUND 16,21,
C8675,10, Betongtroskel,2018-01-19 10:25,2018-02-09 13:00,,,,,ROUND 16,21,
C8873,40, NI-12,2018-02-09 13:00,2018-02-27 10:10,,,,2.84,ROUND 17,18,
C9124,1, orback opstrom (v NI-1),2017-10-23 00:00,2018-03-13 00:00,,,,,ROUND 18,141,
C9125,3, NI15-O12,2017-10-23 00:00,2018-03-13 00:00,,,,,ROUND 18,141,
C9126,4, Tillob (v NI-10),2017-10-23 00:00,2018-03-13 00:00,,1.39,,1.5,ROUND 18,141,
C9127,5, NI16-O8,2017-10-23 00:00,2018-03-13 00:00,,1.04,,2.93,ROUND 18,141,
C9128,6, Nedstroms NI15-O18,2017-10-23 00:00,2018-03-13 00:00,,0.595,,2.14,ROUND 18,141,
C9129,7,  NI16-O22,2017-10-23 00:00,2018-03-13 00:00,,0.917,,3.72,ROUND 18,141,
C9130,8, NI15-O20,2017-10-23 00:00,2018-03-13 00:00,,,,1.67,ROUND 18,141,
C9133,11, So nedstroms-recipient,2017-10-23 00:00,2018-03-13 00:00,,,,,ROUND 18,141,
C9134,14, NI1501:2,2017-10-24 00:00,2018-03-14 00:00,,,9130,,ROUND 18,141,
C9135,17, B38:1,2017-09-12 00:00,2018-03-14 00:00,,,,,ROUND 18,183,
C9136,18, NI1603,2017-09-13 00:00,2018-03-14 00:00,,,,1.06,ROUND 18,182,
C9137,19, NI15-O12,2017-10-23 00:00,2018-03-13 00:00,,,,,ROUND 18,141,
C9138,20, NI15-O45,2017-10-24 00:00,2018-03-13 00:00,,,,3.9,ROUND 18,140,
C9139,40, NI-12,2018-01-18 00:00,2018-03-13 00:00,,,,1.79,ROUND 18,54,
C9141,41, KB1:1,2017-10-24 00:00,2018-03-15 00:00,,7.29,,2.74,ROUND 18,142,
C9143,49, NI-06,2017-10-23 00:00,2018-03-13 00:00,,,,,ROUND 18,141,
C9144,51, NI1606:1,2017-10-24 00:00,2018-03-14 00:00,,,,,ROUND 18,141,
C9145,52, NI1608:1,2017-10-24 00:00,2018-03-14 00:00,,,,,ROUND 18,141,
C9146,53, NI1608:3,2017-05-09 00:00,2018-03-14 00:00,,,,,ROUND 18,309,
C9147,54, NI1501:3,2017-10-24 00:00,2018-03-14 00:00,,,,,ROUND 18,141,
C9148,55, NI1501:1,2017-10-24 00:00,2018-03-14 00:00,2190,,164,,ROUND 18,141,
C9149,56, NI16-O4,2017-11-23 00:00,2018-03-13 00:00,,,99.2,,ROUND 18,110,
C9150,57, NI16-O1,2017-10-23 00:00,2018-03-13 00:00,,,,,ROUND 18,141,
C9151,58, GL-BRUNN,2017-09-13 00:00,2018-03-15 00:00,,,,,ROUND 18,183,
C9152,61, KB4:1,2017-10-23 00:00,2018-03-14 00:00,,,,,ROUND 18,142,
C9153,62, KB4:2,2017-10-23 00:00,2018-03-14 00:00,278,,272,,ROUND 18,142,
C9154,63, KB4:3,2017-10-23 00:00,2018-03-14 00:00,16.6,,9.26,,ROUND 18,142,
C9156,65, NI15-O45,2017-09-12 00:00,2018-03-13 00:00,,3.98,,7.71,ROUND 18,182,
C9157,66, Hagalven 2,2017-10-23 00:00,2018-03-13 00:00,,,,,ROUND 18,141,
C9158,67, NI16-O20,2017-09-12 00:00,2018-03-13 00:00,,4.96,,6.83,ROUND 18,182,
C9159,68, NI16-O21,2017-09-12 00:00,2018-03-13 00:00,,5.94,,7.37,ROUND 18,182,
C9162,70, Hagalven 1,2017-09-13 00:00,2018-03-13 00:00,,,,,ROUND 18,181,
C9163,71, nedstroms NI16-O8,2017-09-12 00:00,2018-03-13 00:00,,1.06,,2.54,ROUND 18,182,
C9164,72, uppstroms NI16-O1,2017-09-12 00:00,2018-03-13 00:00,,1.89,,4.96,ROUND 18,182,
C9165,73, NI1609:1,2017-10-23 00:00,2018-03-14 00:00,,,,,ROUND 18,142,
C9166,74, NI1609:2,2017-05-09 00:00,2018-03-14 00:00,,,,,ROUND 18,309,
C9167,75, NI1609:3,2017-05-09 00:00,2018-03-14 00:00,,,,,ROUND 18,309,
C9168,76, B2:1,2017-10-24 00:00,2018-03-14 00:00,,,,,ROUND 18,141,
C9169,77, B2:2,2017-10-24 00:00,2018-03-14 00:00,,,,,ROUND 18,141,
C9170,78, B2:3,2017-10-24 00:00,2018-03-14 00:00,,,,,ROUND 18,141,
C9174,82, NI1606:2,2017-10-24 00:00,2018-03-14 00:00,,,,,ROUND 18,141,
C9175,83, NI1606:3,2017-10-24 00:00,2018-03-14 00:00,,,,,ROUND 18,141,
C9176,87, NI1610:1,2017-09-12 00:00,2018-03-14 00:00,,17.5,,,ROUND 18,183,
C9177,88, NI1610:2,2017-09-12 00:00,2018-03-14 00:00,,3.2,,,ROUND 18,183,
C9178,90, KB1_brunn,2017-09-13 00:00,2018-03-14 00:00,,,,,ROUND 18,182,
C9179,93, KB4_brunn,2017-09-13 00:00,2018-03-14 00:00,8.23,,4270,,ROUND 18,182,
C9182,96, NI1612:1,2017-10-23 00:00,2018-03-14 00:00,,153,,42.7,ROUND 18,142,
C9183,101, B29,2017-10-24 00:00,2018-03-14 00:00,,,,,ROUND 18,141,
C9184,106, NI1701:1,2017-09-13 00:00,2018-03-15 00:00,,,,291,ROUND 18,183,
C9185,107, NI1702:1,2017-09-13 00:00,2018-03-15 00:00,,,,160,ROUND 18,183,
C9186,108, NI1703:1,2017-10-24 00:00,2018-03-14 00:00,,,,,ROUND 18,141,
C9187,109, NI1703:2,2017-10-24 00:00,2018-03-14 00:00,,422,,324,ROUND 18,141,
C9188,113, NI1712:1,2017-08-04 00:00,2018-03-14 00:00,,,,,ROUND 18,222,
C9189,114, NI17-O17,2017-09-12 00:00,2018-03-13 00:00,,,,,ROUND 18,182,
C9190,115, NI17-O18,2017-09-12 00:00,2018-03-14 00:00,,,,,ROUND 18,183,
C9191,117, NI15-O5a,2017-09-12 00:00,2018-03-13 00:00,,,,,ROUND 18,182,
C9192,118, NI1704:1,2017-10-23 00:00,2018-03-14 00:00,,,,,ROUND 18,142,
C9193,119, NI1704:2,2017-10-23 00:00,2018-03-14 00:00,,,,,ROUND 18,142,
C9194,120, NI1705:1,2017-10-23 00:00,2018-03-14 00:00,1310,,602,,ROUND 18,142,
C9195,121, NI1705:2,2017-10-23 00:00,2018-03-14 00:00,,,,,ROUND 18,142,
C9196,122, NI1706:1,2017-10-23 00:00,2018-03-14 00:00,,,,,ROUND 18,142,
C9197,123, NI1706:2,2017-10-23 00:00,2018-03-14 00:00,,,38.2,,ROUND 18,142,
C9198,124, NI1707:1,2017-10-23 00:00,2018-03-14 00:00,,,75.4,,ROUND 18,142,
C9472,40, NI-12,2018-03-13 00:00,2018-04-04 14:30,,,,2.5,ROUND 19,22,
C9603,40, NI-12,2018-04-04 00:00,2018-04-18 15:28,,,,,ROUND 20,14,
C9604,10, BETONGTROSKEL,2018-04-04 00:00,2018-04-18 13:50,,,12.9,,ROUND 20,14,
C9606,8, NI15-O20,2018-03-13 00:00,2018-04-18 14:58,,,,3.41,ROUND 20,36,
C9609,80, NI15-O38,2018-03-13 00:00,2018-04-18 14:50,,,14.3,,ROUND 20,36,
D0134,3, NI15-O12,2018-03-13 00:00,2018-05-15 00:00,,,,,ROUND 21,63,
D0135,4, Tillob (v NI-10),2018-03-13 00:00,2018-05-15 00:00,,0.73,,,ROUND 21,63,
D0137,7, NI16-O22,2018-04-18 00:00,2018-05-15 00:00,,,,,ROUND 21,27,
D0139,9, NI15-O48,2018-04-18 00:00,2018-05-15 00:00,,,10.7,,ROUND 21,27,
D0141,10, Betongtroskel,2018-04-18 00:00,2018-05-15 00:00,,,11.8,,ROUND 21,27,
D0142,11, So Nedstrom-recipient,2018-03-13 00:00,2018-05-15 00:00,,4.43,,3.26,ROUND 21,63,
D0143,19, NI15-O12,2018-03-13 00:00,2018-05-15 00:00,,,,1.48,ROUND 21,63,
D0144,20, NI15-O45,2018-03-13 00:00,2018-05-15 00:00,,,,1.02,ROUND 21,63,
D0145,21, KB4:4,2017-10-23 00:00,2018-05-14 00:00,416,,205,,ROUND 21,203,
D0146,40, NI-12,2018-04-18 00:00,2018-05-15 00:00,,,,,ROUND 21,27,
D0147,41, KB1:1,2018-03-15 00:00,2018-05-15 00:00,,0.486,,,ROUND 21,61,
D0148,42, KB1-2,2018-03-15 00:00,2018-05-15 00:00,3.21,34.3,,124,ROUND 21,61,
D0149,47, NI1607:1,2017-10-23 00:00,2018-05-15 00:00,,1470,,333,ROUND 21,204,
D0150,48, NI1607:3,2018-03-14 00:00,2018-05-15 00:00,,,,,ROUND 21,62,
D0152,57, NI16-O1,2018-03-13 00:00,2018-05-15 00:00,,,,,ROUND 21,63,
D0153,61, KB4:1,2018-03-14 00:00,2018-05-14 00:00,,,,,ROUND 21,61,
D0154,62, KB4:2,2018-03-14 00:00,2018-05-14 00:00,1140,,262,,ROUND 21,61,
D0155,63, KB4:3,2018-03-14 00:00,2018-05-14 00:00,195,,4260,,ROUND 21,61,
D0156,65, NI15-O45,2018-03-13 00:00,2018-05-15 00:00,,,,6.57,ROUND 21,63,
D0157,66, Hagalven 2,2018-03-13 00:00,2018-05-15 00:00,,,,,ROUND 21,63,
D0158,67, NI16-O20,2018-03-13 00:00,2018-05-15 00:00,,,,2.96,ROUND 21,63,
D0159,79, NI16-O6,2018-04-18 00:00,2018-05-15 00:00,,,7.5,,ROUND 21,27,
D0161,80, NI15-O38,2018-04-18 00:00,2018-05-15 00:00,,,,,ROUND 21,27,
D0162,84, NI1601:1,2017-10-24 00:00,2018-05-15 00:00,,,,,ROUND 21,203,
D0163,85, NI1601:2,2017-10-24 00:00,2018-05-15 00:00,,,,833,ROUND 21,203,
D0164,86, NI1601:3,2017-10-24 00:00,2018-05-15 00:00,,,,19.8,ROUND 21,203,
D0165,92, KB3_brunn,2018-03-14 00:00,2018-05-15 00:00,,,548,,ROUND 21,62,
D0166,93, KB4_brunn,2018-03-14 00:00,2018-05-14 00:00,42.2,,7770,,ROUND 21,61,
D0167,105, B34,2017-09-13 00:00,2018-05-15 00:00,,,,113,ROUND 21,244,
D0168,118, NI1704:1,2018-03-14 00:00,2018-05-14 00:00,,,51.5,,ROUND 21,61,
D0169,119, NI1704:2,2018-03-14 00:00,2018-05-14 00:00,,,,,ROUND 21,61,
D0170,120, NI1705:1,2018-03-14 00:00,2018-05-14 00:00,2790,,679,,ROUND 21,61,
D0171,121, NI1705:2,2018-03-14 00:00,2018-05-14 00:00,,,119,,ROUND 21,61,
D0172,122, NI1706:1,2018-03-14 00:00,2018-05-15 00:00,,,159,,ROUND 21,62,
D0173,123, NI1706:2,2018-03-14 00:00,2018-05-15 00:00,,,852,,ROUND 21,62,
D0174,124, NI1707:1,2018-03-14 00:00,2018-05-15 00:00,,,74.8,,ROUND 21,62,
D1025,7, NI16-O22,2018-05-15 00:00,2018-07-11 11:54,,9.41,,23.5,ROUND 22,57,
D1026,8, NI15-O20,2018-05-15 00:00,2018-07-11 12:12,,,190,,ROUND 22,57,
D1027,9, NI16-O48,2018-05-15 00:00,2018-07-11 12:22,2.91,,285,,ROUND 22,57,
D1028,10, Betongtroskel,2018-05-15 00:00,2018-07-11 11:17,3.21,,278,,ROUND 22,57,
D1029,11, So nedstroms - recipient,2018-05-15 00:00,2018-07-11 10:05,,,15.2,,ROUND 22,57,
D1030,40, NI-12,2018-05-15 00:00,2018-07-11 11:45,,6.3,,16.2,ROUND 22,57,
D1032,66, Hagalven 2,2018-05-15 00:00,2018-07-11 10:35,,,,,ROUND 22,57,
D1033,67, NI16-O20,2018-05-15 00:00,2018-07-11 12:00,,6.8,,23.2,ROUND 22,57,
D1034,69, uppstroms betontroskel,2018-05-15 00:00,2018-07-11 11:35,2.48,,234,,ROUND 22,57,
D1035,79, NI16-O6,2018-05-15 00:00,2018-07-11 12:17,3.24,,307,,ROUND 22,57,
D1643,3, NI15-O12,2018-05-15 00:00,2018-08-29 00:00,,4.26,,2.32,ROUND 23,106,
D1644,4, TILLOB (v NI-10),2018-05-15 00:00,2018-08-29 00:00,,16.5,,11.3,ROUND 23,106,
D1645,5, NI16-O8,2018-05-15 00:00,2018-08-29 00:00,,10.1,,16.9,ROUND 23,106,
D1646,6, Nedstroms NI15-O18,2018-05-15 00:00,2018-08-29 00:00,,,,,ROUND 23,106,
D1647,7, NI16-O22,2018-07-11 00:00,2018-08-29 00:00,,16.6,,69.6,ROUND 23,49,
D1648,8, NI15-O20,2018-07-11 00:00,2018-08-29 00:00,7.74,,2550,,ROUND 23,49,
D1649,9, NI15-O48,2018-07-11 00:00,2018-08-28 00:00,24.2,,1420,,ROUND 23,48,
D1650,10, Betongtroskel,2018-07-11 00:00,2018-08-28 00:00,8.56,,779,,ROUND 23,48,
D1651,11, So nedstroms -  recipient,2018-07-11 00:00,2018-08-28 00:00,,,39.4,,ROUND 23,48,
D1652,14, NI1501:2,2018-03-14 00:00,2018-08-29 00:00,,,1110,,ROUND 23,168,
D1653,18, NI1603:1,2018-03-14 00:00,2018-08-29 00:00,,,,0.662,ROUND 23,168,
D1654,20, NI15-O45,2018-05-15 00:00,2018-08-29 00:00,,,,2.1,ROUND 23,106,
D1655,21, KB4:4,2018-05-14 00:00,2018-08-28 00:00,2240,,1070,,ROUND 23,106,
D1656,40, NI-12,2018-07-11 00:00,2018-08-29 00:00,,10.8,,43.2,ROUND 23,49,
D1657,41, KB1:1,2018-05-15 00:00,2018-08-29 00:00,2.8,22,,55.2,ROUND 23,106,
D1658,42, KB1:2,2018-05-15 00:00,2018-08-29 00:00,3.81,26.9,,242,ROUND 23,106,
D1659,49, NI-6,2018-03-13 00:00,2018-08-29 00:00,,,,,ROUND 23,169,
D1661,51, NI1606:1,2018-03-14 00:00,2018-08-30 00:00,,,,,ROUND 23,169,
D1662,54, NI1501:3,2018-03-14 00:00,2018-08-29 00:00,,,,,ROUND 23,168,
D1663,55, NI1501:1,2018-03-14 00:00,2018-08-29 00:00,4150,,107,,ROUND 23,168,
D1664,56, NI16-O4,2018-07-11 00:00,2018-08-28 00:00,451,,5050,,ROUND 23,48,
D1665,57, NI16-O1,2018-05-15 00:00,2018-08-29 00:00,,,13.8,,ROUND 23,106,
D1666,61, KB4:1,2018-05-14 00:00,2018-08-28 00:00,,,,,ROUND 23,106,
D1667,62, KB4:2,2018-05-14 00:00,2018-08-28 00:00,2190,,480,,ROUND 23,106,
D1668,63, KB4:3,2018-05-14 00:00,2018-08-28 00:00,5050,,2410,,ROUND 23,106,
D1669,67, NI16-O20,2018-07-11 00:00,2018-08-29 00:00,,12.4,,17.9,ROUND 23,49,
D1670,68, NI16-O21,2018-05-15 00:00,2018-08-29 00:00,,17.3,,72.6,ROUND 23,106,
D1671,69, uppstroms betongtroskel,2018-07-11 00:00,2018-08-29 00:00,14,,961,,ROUND 23,49,
D1672,71, nedstroms NI16-O8,2018-03-13 00:00,2018-08-29 00:00,,11.7,,18.7,ROUND 23,169,
D1673,72, uppstroms NI16-O1,2018-05-15 00:00,2018-08-29 00:00,,1.56,,3.48,ROUND 23,106,
D1674,76, B2:1,2018-03-14 00:00,2018-08-30 00:00,,,,,ROUND 23,169,
D1675,77, B2:2,2018-03-14 00:00,2018-08-30 00:00,,,,,ROUND 23,169,
D1676,78, B2:3,2018-03-14 00:00,2018-08-30 00:00,,,,,ROUND 23,169,
D1677,79, NI16-O6,2018-07-11 00:00,2018-08-28 00:00,14.7,,1440,,ROUND 23,48,
D1678,80, NI15-O38,2018-07-11 00:00,2018-08-29 00:00,138,,4790,,ROUND 23,49,
D1679,81, NI15-O37,2018-05-15 00:00,2018-08-29 00:00,,8.43,,47.1,ROUND 23,106,
D1681,82, NI1606:2,2018-03-14 00:00,2018-08-30 00:00,,,,,ROUND 23,169,
D1682,83, NI1606:3,2018-03-14 00:00,2018-08-30 00:00,,,,,ROUND 23,169,
D1683,84, NI1601:1,2018-05-15 00:00,2018-08-30 00:00,,,,,ROUND 23,107,
D1684,85, NI1601:2,2018-05-15 00:00,2018-08-30 00:00,,,,7.59,ROUND 23,107,
D1685,86, NI1601:3,2018-05-15 00:00,2018-08-30 00:00,,,,624,ROUND 23,107,
D1686,92, KB3_brunn,2018-05-15 00:00,2018-08-29 00:00,,,2030,,ROUND 23,106,
D1687,93, KB4_brunn,2018-05-14 00:00,2018-08-29 00:00,161,,11700,,ROUND 23,107,
D1688,118, NI1704:1,2018-05-14 00:00,2018-08-28 00:00,,,1190,,ROUND 23,106,
D1689,119, NI1704:2,2018-05-14 00:00,2018-08-28 00:00,,,,,ROUND 23,106,
D1690,120, NI1705:1,2018-05-14 00:00,2018-08-28 00:00,6480,,2040,,ROUND 23,106,
D1691,121, NI1705:2,2018-05-14 00:00,2018-08-28 00:00,,,700,,ROUND 23,106,
D1692,122, NI1706:1,2018-05-15 00:00,2018-08-28 00:00,,,12500,,ROUND 23,105,
D1693,123, NI1706:2,2018-05-15 00:00,2018-08-28 00:00,,,1240,,ROUND 23,105,
D1694,124, NI1707:1,2018-05-15 00:00,2018-08-28 00:00,,,239,,ROUND 23,105,
D1695,126,Rb9509,2018-03-15 00:00,2018-08-30 00:00,,,,,ROUND 23,168,
D1696,127, Rb9508,2018-03-15 00:00,2018-08-30 00:00,,,,,ROUND 23,168,
D1697,128, Rb1304,2018-03-15 00:00,2018-08-30 00:00,1.64,,,,ROUND 23,168,
D1699,130, Rb9504,2018-03-15 00:00,2018-08-30 00:00,11.1,,,,ROUND 23,168,
D1701,131, Nedstroms betongtroskel,2018-07-11 00:00,2018-08-28 00:00,7.73,,468,,ROUND 23,48,
D2484,7, NI16-O22,2018-08-29 00:00,2018-10-09 12:00,,9.77,,38.8,ROUND 24,41,
D2485,8, NI15-O20,2018-08-29 00:00,2018-10-09 11:42,,,607,,ROUND 24,41,
D2486,9, NI15-O48,2018-08-28 00:00,2018-10-09 11:18,19.9,,312,,ROUND 24,42,
D2487,10, BETONGTROSKEL,2018-08-28 00:00,2018-10-09 10:42,12.6,,410,,ROUND 24,42,
D2488,40, NI-12,2018-08-29 00:00,2018-10-09 12:10,,4.65,,21.1,ROUND 24,41,
D2489,56, NI16-O4,2018-08-28 00:00,2018-10-09 11:10,218,,1780,,ROUND 24,42,
D2490,67, NI16-O20,2018-08-29 00:00,2018-10-09 11:51,,10,,44.9,ROUND 24,41,
D2491,69, UPPSTROMS BETONGTROSKEL,2018-08-29 00:00,2018-10-09 10:53,13.4,,404,,ROUND 24,41,
D2492,79, NI16-O6,2018-08-28 00:00,2018-10-09 11:27,26.1,,672,,ROUND 24,42,
D2493,80, NI15-O38,2018-08-29 00:00,2018-10-09 11:35,706,,11100,,ROUND 24,41,
D2494,131, Nedstroms betongtroskel,2018-08-28 00:00,2018-10-09 10:30,8.71,,246,,ROUND 24,42,
D3342,1, orback opstrom (v NI-1),2018-03-13 00:00,2018-11-07 00:00,,,,,ROUND 25,239,
D3343,3, NI15-O12,2018-08-29 00:00,2018-11-08 00:00,,,,,ROUND 25,71,
D3344,4, Tillob (v NI-10),2018-08-29 00:00,2018-11-08 00:00,,18.1,,21,ROUND 25,71,
D3345,5, NI16-O8,2018-08-29 00:00,2018-11-07 00:00,,6.74,,15.9,ROUND 25,70,
D3346,6, Nedstroms NI15-O18,2018-08-29 00:00,2018-11-07 00:00,,,,,ROUND 25,70,
D3347,7, NI16-O22,2018-10-09 00:00,2018-11-07 00:00,,1.09,,4.81,ROUND 25,29,
D3348,8, NI15-O20,2018-10-09 00:00,2018-11-07 00:00,,,802,,ROUND 25,29,
D3349,9, NI15-O48,2018-10-09 00:00,2018-11-07 00:00,6.74,,85,,ROUND 25,29,
D3350,10, Betongtroskel,2018-10-09 00:00,2018-11-07 00:00,6.15,,94.6,,ROUND 25,29,
D3351,11, So nedstroms - recipient,2018-08-28 00:00,2018-11-07 00:00,1.92,,18.8,,ROUND 25,71,
D3352,14, NI1501:2,2018-08-29 00:00,2018-11-09 00:00,,,3750,,ROUND 25,72,
D3353,18, NI1603:1,2018-08-29 00:00,2018-11-08 00:00,,,,,ROUND 25,71,
D3354,19, NI15-O12,2018-08-29 00:00,2018-11-08 00:00,,,,2.22,ROUND 25,71,
D3355,20, NI15-O45,2018-08-29 00:00,2018-11-08 00:00,,,,1.71,ROUND 25,71,
D3356,21, KB4:4,2018-08-28 00:00,2018-11-08 00:00,2030,,6090,,ROUND 25,72,
D3357,40, NI-12,2018-10-09 00:00,2018-11-07 00:00,,1.27,,3.81,ROUND 25,29,
D3358,41, KB1:1,2018-08-29 00:00,2018-11-08 00:00,,3.44,,12.3,ROUND 25,71,
D3359,42, KB1:2,2018-08-29 00:00,2018-11-08 00:00,1.3,12.8,,193,ROUND 25,71,
D3361,47, NI1607:1,2018-05-15 00:00,2018-11-09 00:00,,1320,,1680,ROUND 25,178,
D3362,48, NI1607:3,2018-05-15 00:00,2018-11-09 00:00,,,,,ROUND 25,178,
D3363,49, NI-6,2018-08-29 00:00,2018-11-08 00:00,,,,,ROUND 25,71,
D3364,51, NI1606:1,2018-08-30 00:00,2018-11-09 00:00,,,,,ROUND 25,71,
D3365,54, NI1501:3,2018-08-29 00:00,2018-11-09 00:00,,,,,ROUND 25,72,
D3366,55, NI1501:1,2018-08-29 00:00,2018-11-09 00:00,2330,,60.7,,ROUND 25,72,
D3367,56, NI16-O4,2018-10-09 00:00,2018-11-07 00:00,147,,1200,,ROUND 25,29,
D3368,57, NI16-O1,2018-08-29 00:00,2018-11-07 00:00,,,11.8,,ROUND 25,70,
D3369,58, GL-BRUNN,2018-03-15 00:00,2018-11-09 00:00,,,,,ROUND 25,239,
D3370,61, KB4:1,2018-08-28 00:00,2018-11-08 00:00,,,,,ROUND 25,72,
D3371,62, KB4:2,2018-08-28 00:00,2018-11-08 00:00,1570,,2370,,ROUND 25,72,
D3372,63, KB4:3,2018-08-28 00:00,2018-11-08 00:00,2570,,4810,,ROUND 25,72,
D3373,65, NI15-O45,2018-05-15 00:00,2018-11-08 00:00,,5.98,,16.2,ROUND 25,177,
D3374,66, Hagalven 2,2018-07-11 00:00,2018-11-07 00:00,,,,,ROUND 25,119,
D3375,67, NI16-O20,2018-10-09 00:00,2018-11-07 00:00,,1.29,,5.63,ROUND 25,29,
D3376,68, NI16-O21,2018-08-29 00:00,2018-11-07 00:00,,9.23,,29.9,ROUND 25,70,
D3377,69, uppstroms betongtroskel,2018-10-09 00:00,2018-11-07 00:00,6.06,,90.3,,ROUND 25,29,
D3378,70, Hagalven 1,2018-03-13 00:00,2018-11-07 00:00,,,,,ROUND 25,239,
D3379,71, nedstroms NI16-O8,2018-08-29 00:00,2018-11-07 00:00,,8.01,,32,ROUND 25,70,
D3381,72, uppstroms NI16-O1,2018-08-29 00:00,2018-11-07 00:00,,,,1.15,ROUND 25,70,
D3382,76, B2:1,2018-08-30 00:00,2018-11-09 00:00,,,,,ROUND 25,71,
D3383,77, B2:2,2018-08-30 00:00,2018-11-09 00:00,,,,,ROUND 25,71,
D3384,78, B2:3,2018-08-30 00:00,2018-11-09 00:00,,,,,ROUND 25,71,
D3385,79, NI16-O6,2018-10-09 00:00,2018-11-07 00:00,5.36,,119,,ROUND 25,29,
D3386,80, NI15-O38,2018-10-09 00:00,2018-11-07 00:00,29.7,,570,,ROUND 25,29,
D3387,81, NI15-O37,2018-08-29 00:00,2018-11-07 00:00,,6.34,,55,ROUND 25,70,
D3388,82, NI1606:2,2018-08-30 00:00,2018-11-09 00:00,,,,,ROUND 25,71,
D3389,83, NI1606:3,2018-08-30 00:00,2018-11-09 00:00,,,,,ROUND 25,71,
D3390,84, NI1601:1,2018-08-30 00:00,2018-11-08 00:00,,,,,ROUND 25,70,
D3391,85, NI1601:2,2018-08-30 00:00,2018-11-08 00:00,,,,9.43,ROUND 25,70,
D3392,86, NI1601:3,2018-08-30 00:00,2018-11-08 00:00,,,,590,ROUND 25,70,
D3393,90, KB1-brunn,2018-03-14 00:00,2018-11-09 00:00,,,,,ROUND 25,240,
D3394,91, KB2_brunn,2017-09-13 00:00,2018-11-09 00:00,,,,,ROUND 25,422,
D3395,92, KB3_brunn,2018-08-29 00:00,2018-11-07 00:00,,,995,,ROUND 25,70,
D3396,93, KB4_brunn,2018-08-29 00:00,2018-11-08 00:00,225,,3490,,ROUND 25,71,
D3397,95, NI1612:2,2018-03-14 00:00,2018-11-09 00:00,,,,1620,ROUND 25,240,
D3398,96, NI1612:1,2018-03-14 00:00,2018-11-09 00:00,,99.5,,115,ROUND 25,240,
D3399,97, NI1611:1,2017-06-21 00:00,2018-11-09 00:00,,2420,,672,ROUND 25,506,
D3401,106, NI1701:1,2018-03-15 00:00,2018-11-09 00:00,,,,73,ROUND 25,239,
D3402,107, NI1702:1,2018-03-15 00:00,2018-11-09 00:00,,,,38.5,ROUND 25,239,
D3403,108, NI1703:1,2018-03-14 00:00,2018-11-09 00:00,,,,,ROUND 25,240,
D3404,109, NI1703:2,2018-03-14 00:00,2018-11-09 00:00,,282,,617,ROUND 25,240,
D3405,113, NI1712:1,2018-03-14 00:00,2018-11-08 00:00,,,,,ROUND 25,239,
D3406,117, NI15-O5a,2018-03-13 00:00,2018-11-08 00:00,,,,,ROUND 25,240,
D3407,118, NI1704:1,2018-08-28 00:00,2018-11-08 00:00,,,3630,,ROUND 25,72,
D3408,119, NI1704:2,2018-08-28 00:00,2018-11-08 00:00,,,,,ROUND 25,72,
D3409,120, NI1705:1,2018-08-28 00:00,2018-11-08 00:00,3020,,4960,,ROUND 25,72,
D3410,121, NI1705:2,2018-08-28 00:00,2018-11-08 00:00,,,118,,ROUND 25,72,
D3411,122, NI1706:1,2018-08-28 00:00,2018-11-07 00:00,,,6280,,ROUND 25,71,
D3412,123, NI1706:2,2018-08-28 00:00,2018-11-07 00:00,,,446,,ROUND 25,71,
D3413,124, NI1707:1,2018-08-28 00:00,2018-11-07 00:00,,,112,,ROUND 25,71,
D3414,126,Rb9509,2018-08-30 00:00,2018-11-07 00:00,,,,,ROUND 25,69,
D3415,127, Rb9508,2018-08-30 00:00,2018-11-07 00:00,,,,,ROUND 25,69,
D3416,128, Rb1304,2018-08-30 00:00,2018-11-07 00:00,0.846,,,,ROUND 25,69,
D3417,129, Rb1301,2018-08-30 00:00,2018-11-07 00:00,,,,,ROUND 25,69,
D3418,130, Rb9504,2018-08-30 00:00,2018-11-07 00:00,4,,,,ROUND 25,69,
D3419,131, Nedstroms betongtroskel,2018-10-09 00:00,2018-11-07 00:00,4.2,,89.8,,ROUND 25,29,
D5177,7, NI16-O22,2018-11-07 00:00,2019-02-27 09:30,,,,,ROUND 26,112,
D5178,8, NI15-O20,2018-11-07 00:00,2019-02-27 09:10,,,3.76,,ROUND 26,112,
D5179,9, NI15-O48,2018-11-07 00:00,2019-02-27 08:34,13.9,,89.5,,ROUND 26,112,
D5181,10, Betongtroskel,2018-11-07 00:00,2019-02-27 08:00,6.49,,46.4,,ROUND 26,112,
D5182,40, NI-12,2018-11-07 00:00,2019-02-27 09:45,,,,,ROUND 26,112,
D5183,56, NI16-O4,2018-11-07 00:00,2019-02-27 08:47,584,,1860,,ROUND 26,112,
D5184,67, NI16-O20,2018-11-07 00:00,2019-02-27 09:20,,,,,ROUND 26,112,
D5185,69, uppstroms betontroskel,2018-11-07 00:00,2019-02-27 08:10,5.41,,35.1,,ROUND 26,112,
D5186,79, NI16-O6,2018-11-07 00:00,2019-02-27 08:40,9.26,,64.1,,ROUND 26,112,
D5187,80, NI15-O38,2018-11-07 00:00,2019-02-27 09:00,1.56,,12.5,,ROUND 26,112,
D5188,131, Nedstroms betongtroskel,2018-11-07 00:00,2019-02-27 07:45,7.32,,46.9,,ROUND 26,112,
D5967,7, NI16-O22,2019-02-27 00:00,2019-03-27 08:11,,,,,ROUND 27,28,
D5968,8, NI15-O20,2019-02-27 00:00,2019-03-27 07:34,,,,,ROUND 27,28,
D5969,9, NI15-O48,2019-02-27 00:00,2019-03-26 14:50,6,,22.9,,ROUND 27,27,
D5970,10, Betongtroskel,2019-02-27 00:00,2019-03-26 14:20,3.06,,13.4,,ROUND 27,27,
D5971,40, NI-12,2019-02-27 00:00,2019-03-27 08:20,,,,,ROUND 27,28,
D5972,56, NI16-O4,2019-02-27 00:00,2019-03-26 14:38,368,,1070,,ROUND 27,27,
D5973,67, NI16-O20,2019-02-27 00:00,2019-03-27 08:00,,,,,ROUND 27,28,
D5974,69, uppstroms betontroskel,2019-02-27 00:00,2019-03-26 14:30,3.07,,10.7,,ROUND 27,27,
D5975,79, NI16-O6,2019-02-27 00:00,2019-03-27 07:50,1.55,,13.4,,ROUND 27,28,
D5976,80, NI15-O38,2019-02-27 00:00,2019-03-27 07:25,0.816,,4.1,,ROUND 27,28,
D5977,131, Nedstroms betongtroskel,2019-02-27 00:00,2019-03-26 14:08,2.82,,11.6,,ROUND 27,27,
D6369,37, NI1412:2,2016-12-06 00:00,2019-04-16 08:20,1.32,,,,ROUND 28,861,
D6370,105, B34,2018-05-15 00:00,2019-04-16 07:35,,,,35.6,ROUND 28,336,
D6371,48, NI1607:3,2018-11-09 00:00,2019-04-16 08:50,,,,,ROUND 28,158,
D6372,47, NI1607:1,2018-11-09 00:00,2019-04-16 08:50,,313,,1050,ROUND 28,158,
D6566,7, NI16-O22,2019-03-26 00:00,2019-04-30 11:15,,,,,ROUND 29,35,
D6568,9, NI15-O48,2019-03-26 00:00,2019-04-30 10:35,11.8,,46.6,,ROUND 29,35,
D6569,10, Betongtroskel,2019-03-26 00:00,2019-04-30 10:05,9.67,,45.1,,ROUND 29,35,
D6570,40, NI-12,2019-03-26 00:00,2019-04-30 11:25,,,,,ROUND 29,35,
D6571,56, NI16-O4,2019-03-26 00:00,2019-04-30 10:30,1070,,2210,,ROUND 29,35,
D6572,67, NI16-O20,2019-03-26 00:00,2019-04-30 11:10,,,,,ROUND 29,35,
D6573,69, uppstroms betontroskel,2019-03-26 00:00,2019-04-30 10:15,8.31,,34.8,,ROUND 29,35,
D6574,79, NI16-O6,2019-03-26 00:00,2019-04-30 10:45,4.16,,37.5,,ROUND 29,35,
D6575,80, NI15-O38,2019-03-26 00:00,2019-04-30 10:50,,,,,ROUND 29,35,
D6576,131, Nedstroms betongtroskel,2018-11-09 00:00,2019-04-30 09:55,9.3,,39.3,,ROUND 29,172,
D6577,97, NI1611:1,2018-11-09 00:00,2019-04-25 07:30,,102,,785,ROUND 29,167,
D6918,7, NI16-O22,2019-04-30 00:00,2019-05-27 14:46,,,,,ROUND 30,27,
D6919,8, NI15-O20,2019-04-30 00:00,2019-05-27 14:30,,,223,,ROUND 30,27,
D6921,9, NI15-O48,2019-04-30 00:00,2019-05-27 14:03,11.4,,57,,ROUND 30,27,
D6922,10, Betongtroskel,2019-04-30 00:00,2019-05-27 13:35,7.37,,47.3,,ROUND 30,27,
D6923,40, NI-I2,2019-04-30 00:00,2019-05-27 15:00,,,,0.735,ROUND 30,27,
D6924,56, NI16-O4,2019-04-30 00:00,2019-05-27 13:56,295,,715,,ROUND 30,27,
D6925,67, NI16-O20,2019-04-30 00:00,2019-05-27 14:40,,,,1.28,ROUND 30,27,
D6926,69, uppstroms betontroskel,2019-04-30 00:00,2019-05-27 13:45,8.33,,58.5,,ROUND 30,27,
D6927,79, NI16-O6,2019-04-30 00:00,2019-05-27 14:11,3.51,,46.8,,ROUND 30,27,
D6928,80, NI15-O38,2019-04-30 00:00,2019-05-27 14:19,2.34,,24.6,,ROUND 30,27,
D6929,131, Nedstroms betongtroskel,2019-04-30 00:00,2019-05-27 13:20,6.03,,43.5,,ROUND 30,27,
D7578,7, NI16-O22,2019-05-27 00:00,2019-08-08 11:10,,,,,ROUND 31,73,
D7579,8, NI15-O20,2019-05-27 00:00,2019-08-08 10:55,,,,,ROUND 31,73,
D7581,9, NI15-O48,2019-05-27 00:00,2019-08-08 10:25,17.1,,59.8,,ROUND 31,73,
D7582,10, Betongtroskel,2019-05-27 00:00,2019-08-08 09:55,8.38,,42.1,,ROUND 31,73,
D7583,40, NI-12,2019-05-27 00:00,2019-08-08 11:20,,,,,ROUND 31,73,
D7584,56, NI16-O4,2019-05-27 00:00,2019-08-08 10:40,2650,,4560,,ROUND 31,73,
D7585,67, NI16-O20,2019-05-27 00:00,2019-08-08 11:04,,,,,ROUND 31,73,
D7586,69, uppstroms betontroskel,2019-05-27 00:00,2019-08-08 10:05,7.57,,35.8,,ROUND 31,73,
D7587,79, NI16-O6,2019-05-27 00:00,2019-08-08 10:30,7.06,,38.9,,ROUND 31,73,
D7588,80, NI15-O38,2019-05-27 00:00,2019-08-08 10:47,1.62,,11.5,,ROUND 31,73,
D7589,131, Nedstroms betongtroskel,2019-05-27 00:00,2019-08-08 09:45,5.64,,28.8,,ROUND 31,73,
D8741,18, NI1603:1,2018-11-08 00:00,2019-10-11 17:00,,,,3.09,ROUND 32,337,
D8742,21, KB4:4,2018-11-08 00:00,2019-10-10 09:45,2200,,4600,,ROUND 32,336,
D8744,42, KB1:2,2018-11-08 00:00,2019-10-11 09:50,2.93,28.4,,498,ROUND 32,337,
D8745,51, NI1606:1,2018-11-09 00:00,2019-10-12 15:40,,,1.88,,ROUND 32,337,
D8747,62, KB4:2,2018-11-08 00:00,2019-10-10 09:07,860,,509,,ROUND 32,336,
D8748,63, KB4:3,2018-11-08 00:00,2019-10-10 09:45,3240,,4970,,ROUND 32,336,
D8749,76, B2:1,2018-11-09 00:00,2019-10-11 10:40,,,,,ROUND 32,336,
D8750,77, B2:2,2018-11-09 00:00,2019-10-11 10:45,,,,,ROUND 32,336,
D8751,78, B2:3,2018-11-09 00:00,2019-10-11 10:50,,,,,ROUND 32,336,
D8752,82, NI1606:2,2018-11-09 00:00,2019-10-12 15:35,,,,6.41,ROUND 32,337,
D8753,83, NI1606:3,2018-11-09 00:00,2019-10-12 15:45,,,,,ROUND 32,337,
D8754,84, NI1601:1,2018-11-08 00:00,2019-10-11 11:33,,,,,ROUND 32,337,
D8755,85, NI1601:2,2018-11-08 00:00,2019-10-11 11:37,,,,23.8,ROUND 32,337,
D8756,86, NI1601:3,2018-11-08 00:00,2019-10-11 11:41,,,,1130,ROUND 32,337,
D8757,95, NI1612:2,2018-11-09 00:00,2019-10-11 15:35,,135,,192,ROUND 32,336,
D8758,96, NI1612:1,2018-11-09 00:00,2019-10-11 15:40,,114,,2120,ROUND 32,336,
D8759,106, NI1701:1,2018-11-09 00:00,2019-10-10 15:15,,,,113,ROUND 32,335,
D8761,107, NI1702:1,2018-11-09 00:00,2019-10-10 15:13,,,,0.726,ROUND 32,335,
D8762,108, NI1703:1,2018-11-09 00:00,2019-10-10 15:39,,,,,ROUND 32,335,
D8763,109, NI1703:2,2018-11-08 00:00,2019-10-10 15:36,,156,,569,ROUND 32,336,
D8764,113, NI1712:1,2018-11-08 00:00,2019-10-11 11:50,,,,,ROUND 32,337,
D8765,117, NI15-O5a,2018-11-08 00:00,2019-10-11 15:30,,,,,ROUND 32,337,
D8766,118, NI1704:1,2018-11-08 00:00,2019-10-09 08:30,,,2940,,ROUND 32,335,
D8767,119, NI1704:2,2018-11-08 00:00,2019-10-09 08:30,,,,,ROUND 32,335,
D8768,120, NI1705:1,2018-11-08 00:00,2019-10-09 08:30,2270,,5010,,ROUND 32,335,
D8769,121, NI1705:2,2018-11-08 00:00,2019-10-09 08:30,4.41,,298,,ROUND 32,335,
D8770,122, NI1706:1,2018-11-07 00:00,2019-10-10 12:00,7.23,,4140,,ROUND 32,337,
D8771,123, NI1706:2,2018-11-07 00:00,2019-10-10 12:05,,,355,,ROUND 32,337,
D8772,124, NI1707:1,2018-11-07 00:00,2019-10-10 11:30,,,134,,ROUND 32,337,
D8773,126, Rb9509,2018-11-07 00:00,2019-10-09 09:20,,,,,ROUND 32,336,
D8774,127, Rb9508,2018-11-07 00:00,2019-10-09 09:35,,,,,ROUND 32,336,
D8775,128, Rb1304,2018-11-07 00:00,2019-10-09 09:26,,,,,ROUND 32,336,
D8776,129, Rb1301,2018-11-07 00:00,2019-10-09 09:42,0.711,,2.75,,ROUND 32,336,
D8777,130, Rb9504,2018-11-07 00:00,2019-10-09 09:50,4.44,,,,ROUND 32,336,
D8778,138, B8:1,2018-11-07 00:00,2019-10-09 10:30,,,,,ROUND 32,336,
D8779,139, B8:2,2018-11-07 00:00,2019-10-09 10:32,,,,,ROUND 32,336,
D8781,140, B9:1,2018-11-07 00:00,2019-10-09 11:17,,,,,ROUND 32,336,
D8782,141, B9:2,2018-11-07 00:00,2019-10-09 11:23,,,29.8,,ROUND 32,336,
D8783,143, B9:4,2018-11-07 00:00,2019-10-09 11:26,,,41.1,,ROUND 32,336,
D8784,145, B10:1,2018-11-07 00:00,2019-10-09 10:55,,2.79,,,ROUND 32,336,
D8785,146, B10:2,2018-11-07 00:00,2019-10-09 11:00,,30.5,,2.67,ROUND 32,336,
D8786,148, B10:4,2018-11-07 00:00,2019-10-09 11:05,,121,,,ROUND 32,336,
D9584,49, NI-6,2018-11-08 00:00,2019-11-26 15:02,,,,,ROUND 33,383,
D9585,3, NI15-O12,2018-11-08 00:00,2019-11-26 14:55,,,,,ROUND 33,383,
D9586,64, NI15-O9,2018-03-13 00:00,2019-11-26 14:42,,,,,ROUND 33,623,
D9587,65, NI15-O45,2018-11-08 00:00,2019-11-26 14:35,,,,4.39,ROUND 33,383,
D9588,4, TILLOB (v NI-10),2018-11-08 00:00,2019-11-26 14:23,,,,,ROUND 33,383,
D9589,40, NI-12,2019-05-27 00:00,2019-11-26 13:50,,,,3.19,ROUND 33,183,
D9590,5, NI16-O8,2018-11-07 00:00,2019-11-26 13:57,,,,,ROUND 33,384,
D9591,71, Nedstroms NI16-O8,2018-11-07 00:00,2019-11-26 14:05,,,,,ROUND 33,384,
D9592,72, Uppstroms NI16-O1,2018-11-07 00:00,2019-11-26 12:45,,,,,ROUND 33,384,
D9593,57, NI16-O1,2018-11-07 00:00,2019-11-26 12:36,,,29.1,,ROUND 33,384,
D9594,7, NI16-O22,2019-08-08 00:00,2019-11-26 12:25,,,,2.69,ROUND 33,110,
D9595,68, NI16-O21,2018-11-07 00:00,2019-11-26 12:15,,,,1.6,ROUND 33,384,
D9596,67, NI16-O20,2019-08-08 00:00,2019-11-26 12:10,,,,,ROUND 33,110,
D9597,81, NI15-O37,2018-11-07 00:00,2019-11-26 11:55,,,,3.19,ROUND 33,384,
D9598,8, NI15-O20,2019-08-08 00:00,2019-11-26 11:45,,,26,,ROUND 33,110,
D9599,80,  NI15-O38,2019-08-08 00:00,2019-11-26 11:35,2.27,,15.7,,ROUND 33,110,
D9601,79, NI16-O6,2019-08-08 00:00,2019-11-26 11:25,8.59,,49.7,,ROUND 33,110,
D9602,56, NI16-O4,2019-05-27 00:00,2019-11-26 11:15,742,,1520,,ROUND 33,183,
D9603,9, NI15-O48,2019-08-08 00:00,2019-11-26 11:20,16.3,,57.7,,ROUND 33,110,
D9604,69, Uppstroms betongtroskel,2019-08-08 00:00,2019-11-26 10:55,7.06,,33.5,,ROUND 33,110,
D9605,131, Nedstroms betongtroskel,2019-08-08 00:00,2019-11-26 10:45,5.03,,26.1,,ROUND 33,110,
E0294,7, NI16-O22,2019-11-26 00:00,2019-12-17 00:00,,,,,ROUND 35,21,
E0295,8, NI15-O20,2019-11-26 00:00,2019-12-17 11:00,,,,,ROUND 35,21,
E0297,40, NI-12,2019-11-26 00:00,2019-12-17 11:30,,,,,ROUND 35,21,
E0298,56, NI16-O4,2019-11-26 00:00,2019-12-17 10:26,74.7,,87.3,,ROUND 35,21,
E0299,67, NI16-O20,2019-11-26 00:00,2019-12-17 11:05,,,,,ROUND 35,21,
E0301,69, uppstroms betontroskel,2019-11-26 00:00,2019-12-17 10:10,1.16,,,,ROUND 35,21,
E0302,80, NI15-O38,2019-11-26 00:00,2019-12-17 10:47,,,,,ROUND 35,21,
E0303,131, Nedstroms betongtroskel,2019-11-26 00:00,2019-12-17 09:55,1.52,,,,ROUND 35,21,
