time,LK-1,LK-2,LK-3,LK-4,LK-5,LK-6,LK-7,LK-8,LK-9,LK-10,LK-11,LK-12,LK-13,LK-14,LK-15,LK-16,LK-17,LK-18,LK-19,LK-20,LK-21,LK-22,LK-23,LK-24,LK-25,LK-26,LK-27,LK-28,LK-29,LK-30,LK-31,LK-32,LK-33,LK-34,LK-35,LK-36,LK-37,LK-38,LK-39,LK-40,LK-41,LK-42,LK-43,LK-44,LK-45,LK-46,LK-47,LK-48,LK-49,LK-50,LK-51,LK-52,LK-53,LK-54,LK-55,LK-56,LK-57,LK-58,LK-59,LK-60,LK-61,LK-62,LK-63,LK-64,LK-65,LK-66,LK-67,LK-68,LK-69,LK-70,LK-71,LK-72,LK-73,LK-74,LK-75,LK-76,LK-77,LK-78,LK-79,LK-80,LK-81,LK-82,LK-83,LK-84,LK-85,LK-86,LK-87,LK-88,LK-89,LK-90,LK-91,LK-92,LK-93,LK-94,LK-95,LK-96,LK-97,LK-98,LK-99,LK-100,LK-101,LK-102,LK-103,LK-104,LK-105,LK-106,LK-107,LK-108,LK-109,LK-110,LK-111,LK-112,LK-113,LK-114,LK-115,LK-116,LK-117,LK-118,LK-119,LK-120,LK-121,LK-122,LK-123,LK-124,LK-125,LK-126,LK-127,LK-128,LK-129,LK-130,LK-131,LK-132
0.000000000000,-43.67702570,-23.01436048,-55.98271255,-41.84979866,-3.219011158,0.7917684666E-01,12.29589794,-1.416696907,-13.24789680,16.91782562,9.558323772,37.29607215,29.77866892,5.476295291,-19.72791803,11.94379083,3.351477508,21.87379221,1.586000033,9.059305615,23.20135376,50.90833699,62.08700254,88.84373706,21.33095728,80.83114971,110.5243740,124.3677748,155.3168340,185.0037488,52.60031990,165.6710739,222.1539459,269.8169436,185.6464437,170.6190845,376.5785011,429.0480160,570.8744844,336.1176148,44.26848617,249.7632148,188.2992052,17.99071737,51.32663341,-1.179515188,-123.3272666,20.42967369,-177.4991492,-37.50405595,-131.9386536,-131.5549294,-55.94142635,-105.2469176,-142.7248210,-44.29231666,-183.0958092,-279.7511587,-221.4615754,-138.8930691,-266.9989322,-88.14895366,-179.3167799,-271.3818096,-222.5977035,-205.3597699,-265.1408905,-207.5246557,-185.6233797,-7.218411545,-185.5423370,-135.6548471,-41.23119510,-109.6313991,-124.0717570,-92.14033029,-24.64767877,-100.2085331,-99.22031762,-84.25205891,-63.78316043,-80.07569053,-19.87637836,18.08062230,-11.89991148,56.04569917,-26.27996870,22.76598299,-62.43273103,-144.2324806,-83.74338976,-238.6153191,-49.46147167,-207.5463361,-112.5141640,-300.9407309,-333.2039444,-91.26342414,-235.6022769,-209.2240525,-161.4536646,-82.74613337,-152.9992034,-65.25354198,-116.8391766,-58.32009988,-72.27955605,-111.6398437,-126.2044255,-184.4314686,-178.0920892,-146.0648214,-126.8510406,-53.94204010,-31.22598591,-29.13694741,4.122555423,-101.5204811,-23.76453699,-40.05136837,-54.95973396,-23.49460790,-31.69149894,-88.61967650,-140.0269642,-22.43983042,-199.1066516,-316.1966496,-368.9407751,-238.3422162,-167.1109122,-173.9186565
30.41666666667,-48.54455372,-24.52022638,-58.37436008,-44.78439478,-4.782996056,-1.331851591,9.778029314,-1.593306243,-15.08913161,15.02794583,8.721088509,36.12985985,27.86231342,5.272472040,-21.62646005,10.21873574,3.201520478,20.45766160,0.4119683613E-01,8.462063516,22.03124796,49.31265825,60.54398908,87.18770861,20.99806086,79.31667326,108.9060296,122.7739941,153.6815398,183.2917767,52.20401624,164.2431177,220.4632314,268.1197964,184.6790538,169.6518632,374.7925226,427.3043386,569.0512636,334.4343798,44.06901115,247.7939708,186.3925304,16.08552378,49.25399258,-1.192205598,-125.8401610,19.53576309,-179.2771547,-39.25691209,-133.0443495,-134.0336458,-56.47240612,-107.5038252,-144.4450631,-45.43575940,-185.5651625,-282.2175205,-223.2077488,-140.2060392,-269.7238064,-89.24072039,-181.4324818,-274.2600072,-225.1231142,-207.8590722,-267.5957605,-209.9706554,-188.1396761,-7.327602020,-188.2045203,-138.1935985,-42.18686278,-111.4358520,-126.6977219,-94.71545388,-25.58972188,-102.1451919,-101.9399402,-87.01784912,-66.45681587,-83.75749916,-20.63611930,14.85116429,-12.62914730,52.83590919,-27.00344898,19.52441435,-63.14400323,-147.5331238,-84.46418308,-241.9672850,-50.18118690,-211.1900510,-113.8758481,-303.2193315,-336.3865057,-92.21785557,-238.3527816,-212.3801324,-164.6953293,-84.72216997,-156.6468953,-66.24543446,-119.4829929,-60.13754994,-73.63130302,-114.6276503,-128.7748594,-187.2485808,-180.7409572,-148.7791299,-129.5820626,-55.35128685,-32.97309570,-32.37009165,3.633262977,-104.5581359,-25.40919912,-41.92024367,-57.75891644,-24.14398086,-34.55413582,-91.49296669,-142.5090570,-23.14803942,-202.4145524,-319.4678672,-373.2854123,-241.4947751,-170.2545614,-176.9369203
60.83333333333,-18.56353695,-15.27652658,-43.77237763,-26.92375208,4.715856105,7.154611487,24.89151066,-0.5295893897,-4.179064768,26.23457539,13.58804610,42.91374028,38.71211270,6.424919076,-11.18027671,19.54950997,4.007224512,28.24775516,8.426994877,11.71199771,28.12519399,57.47759286,68.33749230,95.45225040,22.67693492,86.56257330,116.4349984,130.0527564,160.9442913,190.7367706,53.91470805,170.5301874,227.5888799,274.9758870,188.5128294,173.7092101,381.7212935,433.6850374,575.2376978,339.7888932,44.78727736,253.7996050,191.5277421,20.70692389,53.94524181,-1.157898417,-120.0830595,21.58972318,-174.8734386,-35.21484281,-130.1221192,-128.3127501,-55.00730482,-102.3239950,-139.9971516,-42.77967226,-179.7813383,-275.5976573,-217.5581752,-136.5211052,-261.1535818,-86.11334048,-174.3965639,-266.0773214,-218.2997221,-201.5724614,-261.6340655,-204.4019787,-182.4710889,-7.072198892,-181.6168335,-132.6216099,-40.08240129,-106.6794837,-120.6183546,-89.18214731,-23.52944848,-96.83591930,-95.52825475,-80.76440932,-60.32347450,-74.94264872,-18.20196428,22.09026162,-10.46329588,59.62791472,-24.93858617,26.21941196,-61.18410311,-140.8559995,-82.50742470,-235.1877292,-48.26108719,-203.5637740,-111.2686909,-297.9472175,-330.3769238,-90.52449941,-232.5732529,-206.7972267,-159.7761825,-81.71349780,-152.3960972,-65.01755649,-116.5796989,-58.12511234,-72.11802099,-111.6327876,-126.2061829,-184.4387256,-178.0401305,-145.9893166,-126.7382882,-53.75393790,-31.14625977,-29.32278677,4.132243516,-101.8239523,-24.00675618,-40.12960523,-55.43301121,-23.61277832,-32.50249239,-89.23705386,-139.9769527,-22.42288275,-198.2895605,-315.4147765,-367.2763418,-238.0894764,-167.5354374,-174.7269998
91.25000000000,-4.535650296,-10.92770558,-36.83916700,-18.39195079,9.284770114,11.29417980,32.30980593,-0.3324717196E-03,1.292236009,31.87570360,16.06889004,46.37984162,44.33658501,7.026579101,-5.627734261,24.55544825,4.442849209,32.33287689,12.82720197,13.41180610,31.43397761,61.90816785,72.56525493,99.92525829,23.58531389,90.65274707,120.6956188,134.1852597,165.1078841,195.0443347,54.92070032,174.0424514,231.6199581,278.9257882,190.7675119,175.9658221,385.6544282,437.3540299,578.8672755,342.9625272,45.18329663,257.1835172,194.3710603,23.25914508,56.58222739,-1.140391233,-116.9271117,22.77202054,-172.4458485,-32.84719935,-128.5047150,-124.9718390,-54.19506851,-99.31714791,-137.5477175,-41.24313627,-176.5615148,-272.0555654,-214.6202036,-134.5465425,-256.7308439,-84.45725111,-170.8089831,-261.8434559,-214.7298233,-198.2382842,-258.4418629,-201.3730303,-179.3486288,-6.928147321,-178.1391767,-129.6198300,-38.91618861,-104.2051765,-117.4224801,-86.23518534,-22.41245977,-94.11338109,-92.20859924,-77.51828276,-57.14310482,-70.38596568,-16.95178338,25.91439394,-9.334905547,63.28018125,-23.85056343,29.84472580,-60.14055393,-137.1918535,-81.45447679,-231.4383906,-47.21642932,-199.3371426,-109.7797673,-295.0077564,-326.9485993,-89.53390877,-229.2702547,-203.5431385,-156.8439236,-79.89084067,-149.7577254,-64.23182844,-114.6913481,-56.80273555,-71.09104780,-109.5803569,-124.4310557,-182.4822822,-176.1504142,-144.0295696,-124.7353074,-52.62482104,-29.87718745,-27.19069931,4.483115054,-99.93753905,-23.03326956,-38.90673737,-53.83298266,-23.24307394,-31.07446436,-87.65702198,-138.2005507,-21.91940876,-195.4366281,-312.6425795,-363.2233580,-235.7973344,-165.7031613,-173.2367922
121.6666666667,-58.45294513,-27.55523314,-63.11694756,-50.55010228,-7.831991702,-4.005297605,5.041829411,-1.923954014,-18.40865481,11.63892289,7.282907839,34.13870285,24.75432213,4.944960290,-24.51056834,7.685072481,2.985560944,18.27172161,-2.311882956,7.543638156,20.40750516,47.13031050,58.45693945,84.95992030,20.54398021,77.50398967,107.0266447,120.9656312,151.9065910,181.5028369,51.80522647,162.6201049,218.6630394,266.4418964,183.7758355,168.5880309,373.0346065,425.7211825,567.5721253,333.1931856,43.88009336,246.2736639,185.1114802,14.97831575,48.20425191,-1.201189899,-127.2378545,19.07398882,-180.3929017,-40.19034879,-133.8033397,-135.4010330,-56.85837996,-108.7636774,-145.6336878,-46.09001093,-187.0883827,-284.0743353,-224.8568794,-141.2403799,-272.2500840,-90.13289996,-183.5366151,-276.6642853,-227.1006136,-209.6482741,-269.2707034,-211.5006038,-189.6686561,-7.394057623,-190.0884097,-139.7415483,-42.74983638,-112.8207475,-128.4434040,-96.27676719,-26.15703429,-103.7165529,-103.8144813,-88.83921406,-68.24380645,-86.33179858,-21.35139694,12.79918082,-13.25332486,50.95876345,-27.58920762,17.69552514,-63.69119076,-149.3194931,-85.00167156,-243.7560951,-50.69858189,-213.1877671,-114.5268662,-304.5815930,-337.8837341,-92.62235851,-239.7807555,-213.7139218,-165.8236747,-85.39119127,-157.5533867,-66.49245016,-120.0431304,-60.51566203,-73.89360105,-115.1309977,-129.1948597,-187.6963859,-181.1630026,-149.2067271,-130.0119454,-55.58772324,-33.26214172,-32.83782571,3.558480780,-104.9981652,-25.62996289,-42.21759281,-58.13624588,-24.22684370,-34.87327037,-91.83396211,-142.8872004,-23.25922612,-203.0485043,-320.1110656,-374.2763704,-242.0644770,-170.7124087,-177.3124804
152.0833333333,-121.4646012,-47.03886409,-93.73403242,-88.24545313,-27.97672786,-22.02582409,-27.11801440,-4.177535899,-41.71782970,-12.08828706,-3.163832292,19.75600337,1.347743645,2.491787801,-47.01503939,-12.43066318,1.247412157,1.833891010,-19.92090650,0.7301528770,7.287137222,29.57880668,41.70080417,67.08754347,16.91929354,61.59917084,90.48926075,104.9609973,135.9103033,165.0717910,48.02681829,148.8906285,203.0651235,251.4079190,175.3586956,159.7735439,357.9703198,411.7899993,553.9519713,321.1283666,42.26404574,232.6476627,172.9216880,3.636723702,36.43405113,-1.285965579,-141.1860154,14.09969779,-190.6435073,-49.56695397,-140.4118053,-148.3199788,-60.10857928,-120.3823382,-155.4443192,-51.99978893,-199.8300130,-298.4583498,-237.0380147,-149.1971606,-290.7004887,-96.87403232,-198.6820256,-294.2811197,-241.7862803,-223.2064749,-282.1336016,-223.5391912,-201.9390557,-7.948723870,-204.3305386,-151.8216247,-47.33085406,-123.1278365,-141.6494061,-108.3225599,-30.65021146,-115.2429614,-117.7499609,-102.4435993,-81.59768996,-105.5528955,-26.65483124,-3.055893842,-17.98549034,36.04668876,-32.10185991,2.992018296,-67.98458615,-164.0116542,-89.29107058,-258.6585086,-54.91523835,-229.9680593,-120.2834187,-316.1820010,-351.1216398,-96.36557109,-252.5497298,-226.1035930,-176.7948838,-92.12515707,-167.0470402,-69.22687640,-126.5461694,-65.03456119,-77.28647521,-121.8610448,-134.9768786,-194.0248326,-187.2550623,-155.5209154,-136.4620968,-59.21688704,-37.40497340,-39.76019963,2.421355412,-111.2141268,-28.82593767,-46.29907125,-63.45047491,-25.43949611,-39.56905903,-96.99586662,-148.6739274,-24.91736132,-212.4726312,-329.3668874,-387.9878248,-249.8122320,-176.8850187,-182.3189825
182.5000000000,-92.71466947,-38.21673597,-80.02345636,-71.42203208,-19.00533319,-14.12870056,-13.02527503,-3.190537953,-31.68955485,-1.871036465,1.228369894,25.81508950,10.95872260,3.494280237,-38.07850941,-4.526336277,1.924149219,8.486338697,-12.83575356,3.471867998,12.34781967,36.32782380,48.14096108,74.01087589,18.33119584,67.46769532,96.58299818,110.8402828,141.7204619,170.9715115,49.35543849,154.0735565,208.8647862,256.8751741,178.3399963,163.1411147,363.5928097,416.9104442,558.8336406,325.3660480,42.88226067,237.7174988,177.3896048,7.665974171,40.44034769,-1.254219991,-136.1896995,15.79739162,-186.8488615,-46.30137952,-137.9137965,-143.7042217,-58.86405433,-116.1790910,-151.6474255,-49.84358643,-194.9524934,-292.6853565,-231.9962361,-146.0019343,-283.0089012,-94.13438310,-192.2993070,-286.9602102,-235.7486792,-217.7109468,-276.9717254,-218.7904163,-197.1664087,-7.738757972,-198.5389030,-147.0169371,-45.56020500,-118.8777846,-136.2619280,-103.4743656,-28.87542543,-110.4298774,-111.9866890,-96.83373491,-76.08959773,-97.60961400,-24.45263198,3.347989323,-16.04993393,41.95400994,-30.27878855,8.764328221,-66.27113349,-158.3320712,-87.59982799,-252.9537275,-53.27452029,-223.5705072,-118.1628852,-311.7956212,-346.2455641,-95.02810341,-247.8682215,-221.6714402,-172.9822988,-89.83489353,-163.9145517,-68.36147817,-124.5419435,-63.66530295,-76.31188815,-119.9639373,-133.3741190,-192.2983331,-185.6110257,-153.8319593,-134.7474381,-58.26251799,-36.27075610,-37.90585361,2.722610476,-109.4987906,-27.95429237,-45.14903841,-61.97281916,-25.11024387,-38.29455342,-95.61720270,-147.1384826,-24.47028473,-209.9266342,-326.8180273,-384.1238419,-247.6143350,-175.1304980,-180.8907675
212.9166666667,-48.82361493,-24.66673543,-58.72871599,-45.31867588,-5.111951142,-1.747768366,8.993285480,-1.651036333,-15.87090210,14.22142372,8.264573309,35.49805666,26.59445118,5.134775072,-23.13874478,8.766165224,3.068710880,19.46534917,-1.047904300,8.047359068,20.98455130,47.90988619,59.20301103,85.77632891,20.71705299,77.73141400,107.2362649,121.1314169,151.9602469,181.4443389,51.74773979,162.9633048,218.9082165,266.4817549,183.6729611,168.8653962,373.2988562,425.8276201,567.4548062,332.9007527,43.91920312,246.3607995,185.0021021,14.62706375,47.52294976,-1.201309414,-127.5979286,18.80891136,-180.4157977,-40.54263871,-133.7139661,-135.6655920,-56.78175237,-108.9170041,-145.3338835,-46.13600356,-186.7911383,-283.2582106,-223.8883780,-140.7771797,-270.6844393,-89.68391512,-182.1339306,-275.2127986,-226.0013734,-208.7743925,-268.5304101,-210.9515794,-189.2271968,-7.384402171,-189.1460602,-139.1337584,-42.61111251,-112.0392549,-127.5487926,-95.58027925,-25.95696351,-102.7383048,-102.7295352,-87.80824018,-67.22449181,-84.83077195,-20.91104004,13.77889022,-12.91092970,51.68185589,-27.29861099,18.33448165,-63.44901992,-148.8281850,-84.79168486,-243.3336761,-50.52678622,-212.7397883,-114.5069961,-304.3205867,-337.8144761,-92.67700972,-239.7357086,-213.8651255,-166.1558560,-85.68233724,-158.1452464,-66.73111771,-120.7008191,-61.01117040,-74.36087941,-116.1141745,-130.0811169,-188.7068098,-182.1615709,-150.2645861,-131.1089367,-56.21895921,-33.91721103,-33.98344876,3.364749321,-105.9516123,-26.13788935,-42.80871828,-58.94155304,-24.42205014,-35.63179540,-92.68907191,-143.8457593,-23.52073247,-204.5020004,-321.4455345,-376.0836217,-243.0736818,-171.5243880,-177.9771403
243.3333333333,-99.99812917,-40.44481795,-83.46287394,-75.62580295,-21.24199216,-16.07041151,-16.49012108,-3.433137532,-34.10838397,-4.342067221,0.1931983890,24.37838485,8.747623406,3.262606152,-40.06794704,-6.273997296,1.775482396,6.949251516,-14.48040020,2.830710955,11.23249301,34.82822182,46.70382955,72.46609152,18.01479422,66.24044710,95.30555823,109.6095589,140.5147465,169.7602914,49.08771798,152.9404750,207.6133815,255.7168269,177.7227386,162.3892974,362.3593975,415.8009859,557.7969073,324.4852317,42.74382817,236.6023626,176.4228630,6.814017241,39.62072444,-1.261279733,-137.2750509,15.43910496,-187.7012906,-47.01187046,-138.4863261,-144.7347212,-59.15259406,-117.1304857,-152.5361764,-50.33862821,-196.0959430,-294.0610772,-233.2064720,-146.7663520,-284.8611226,-94.79299657,-193.8402398,-288.7288558,-237.2066717,-219.0363594,-278.2148434,-219.9303492,-198.3097014,-7.788900450,-199.9357050,-148.1723113,-45.98399970,-119.8993356,-137.5543913,-104.6357236,-29.29995379,-111.5826475,-113.3648587,-98.17233241,-77.39846395,-99.48608298,-24.96846141,1.848767838,-16.50030667,40.57915060,-30.70069730,7.432059406,-66.66428426,-159.6325595,-87.98441889,-254.2460008,-53.64267735,-225.0001377,-118.6342764,-312.7606107,-347.3134934,-95.31954644,-248.8719670,-222.6130045,-173.7832125,-90.31115334,-164.5777830,-68.54872467,-124.9653384,-63.95052998,-76.51676262,-120.3549917,-133.6984355,-192.6411581,-185.9316403,-154.1546292,-135.0704295,-58.43745446,-36.48662985,-38.25104935,2.667694139,-109.8255320,-28.11843393,-45.37060495,-62.25558066,-25.17181693,-38.53184013,-95.86237977,-147.4009462,-24.54641820,-210.3461732,-327.2359469,-384.7546704,-247.9870136,-175.4397980,-181.1543442
273.7500000000,-89.84757086,-37.31065639,-78.56496033,-69.59743664,-18.01533686,-13.20821019,-11.36500754,-3.073230786,-30.41966715,-0.5763479932,1.828911612,26.64241641,12.37799258,3.644092922,-36.63711897,-3.203687657,2.040828161,9.512436327,-11.72872362,3.898053769,13.24227862,37.52516962,49.28425866,75.22202371,18.57512802,68.64141129,97.80831057,112.0331910,142.9346444,172.2409870,49.65601744,155.0574956,210.0112068,258.0191499,179.0053202,163.7617360,364.6952968,417.9574735,559.9013762,326.3490742,42.99836809,238.7453999,178.3463701,8.606726710,41.48153035,-1.247682835,-135.0472617,16.22953973,-186.0592962,-45.51576134,-137.4242657,-142.6568851,-58.62922786,-115.2519074,-150.9514506,-49.37765978,-194.0286934,-291.7411161,-231.2541523,-145.4817564,-281.9050756,-93.70526318,-191.4176648,-285.8964196,-234.8385592,-216.8410924,-276.1279183,-217.9706055,-196.3061053,-7.697713022,-197.6297947,-146.2057712,-45.23339450,-118.2409617,-135.4237154,-102.6845299,-28.56815830,-109.7399087,-111.1317865,-95.99334154,-75.26651481,-96.43287489,-24.13375712,4.372798283,-15.75482747,42.95958754,-29.98979819,9.771142611,-65.98909328,-157.2956091,-87.31151286,-251.8872982,-52.98414586,-222.3654099,-117.7212778,-310.9533752,-345.2361581,-94.72702266,-246.8914972,-220.6828152,-172.0652932,-89.25395463,-163.0563566,-68.09977221,-123.9015867,-63.21276965,-75.95239001,-119.2402711,-132.7447614,-191.6024264,-184.9364777,-153.1284568,-134.0257871,-57.85431280,-35.81745251,-37.13756390,2.849811846,-108.8228628,-27.60320811,-44.71136354,-61.39569966,-24.97654405,-37.77627118,-95.04552073,-146.4999306,-24.29013015,-208.9125171,-325.8420218,-382.7144007,-246.8181259,-174.4923341,-180.3696214
304.1666666667,-25.45508545,-17.39039265,-47.10703328,-30.98367413,2.565423222,5.238430047,21.48834261,-0.7693954137,-6.621901202,23.72994112,12.50658545,41.41195194,36.31990941,6.172506102,-13.46887883,17.52360306,3.833488535,26.56078064,6.622806303,11.01563120,26.82673912,55.74649972,66.69191210,93.71798873,22.32472961,85.05356661,114.8785022,128.5549041,159.4623866,189.2279012,53.57170466,169.2472086,226.1467235,273.6056765,187.7569066,172.8858125,380.3332129,432.4218957,574.0400368,338.7826194,44.64685295,252.6573377,190.5993335,19.92241037,53.20176095,-1.163799283,-121.0468428,21.26250333,-175.6534278,-35.88968971,-130.6575874,-129.3007659,-55.28134599,-103.2228143,-140.8345196,-43.24021024,-180.8478250,-276.9049014,-218.7277529,-137.2495576,-262.9431076,-86.74025682,-175.8868466,-267.7683365,-219.6861225,-202.8191155,-262.7985482,-205.4610617,-183.5248728,-7.117454907,-182.9243608,-133.6872343,-40.46597656,-107.6484195,-121.8343869,-90.26234555,-23.91822088,-97.94458903,-96.84662340,-82.04685738,-61.58922616,-76.78294911,-18.72215238,20.62428504,-10.91769732,58.28958888,-25.36627809,24.90329864,-61.58601894,-142.1466614,-82.90556807,-236.4989539,-48.64965073,-205.0568313,-111.7494534,-298.9872998,-331.5126058,-90.82787948,-233.6865211,-207.8338954,-160.6501911,-82.23177961,-153.0694110,-65.19121355,-116.9801410,-58.39807953,-72.29954346,-111.9882879,-126.5088313,-184.7690627,-178.3595272,-146.3225269,-127.0803993,-53.94944321,-31.37354865,-29.69949681,4.070299420,-102.1680720,-24.18144170,-40.35802748,-55.72290805,-23.67890467,-32.75770300,-89.53227868,-140.3267513,-22.52697968,-198.9140821,-316.0573558,-368.2808682,-238.6419074,-167.9563935,-175.0489423
334.5833333333,-25.37058929,-17.36782391,-47.06144609,-30.93946668,2.579789171,5.262424543,21.51154927,-0.7689036481,-6.595515955,23.73844614,12.52595452,41.42328898,36.38058845,6.176564797,-13.38007836,17.59270043,3.839016674,26.57413755,6.629554930,11.01478676,26.85685231,55.77741174,66.71406957,93.72894386,22.32515366,85.09566306,114.9106178,128.5810102,159.4833704,189.2478183,53.57570776,169.2341918,226.1310492,273.5871882,187.7452873,172.8642337,380.2926222,432.3796973,573.9891310,338.7294424,44.63955499,252.5833961,190.5211525,19.83325000,53.08963588,-1.164509628,-121.1868484,21.20343034,-175.7537881,-36.00600168,-130.7219915,-129.4645276,-55.31283630,-103.3772996,-140.9318811,-43.32472538,-180.9942013,-277.0163823,-218.7844223,-137.3131989,-263.0193906,-86.78883528,-175.9338067,-267.8582259,-219.7802368,-202.9298066,-262.9169955,-205.5929334,-183.6776030,-7.126063510,-183.0392734,-133.8153036,-40.52878015,-107.7089820,-121.9286984,-90.36913030,-23.96873763,-97.98754568,-96.91426695,-82.11402704,-61.64562953,-76.84022983,-18.72561773,20.54722151,-10.92614417,58.19107640,-25.37771107,24.80970401,-61.59832259,-142.2524920,-82.91860564,-236.5985000,-48.66151966,-205.1430043,-111.8025147,-299.0323448,-331.6040305,-90.86691326,-233.7451525,-207.9186532,-160.7534337,-82.30611149,-153.2313657,-65.25782974,-117.1403017,-58.51068680,-72.40517350,-112.1960005,-126.6854092,-184.9591086,-178.5372780,-146.4994723,-127.2559689,-54.04244691,-31.48121055,-29.87700185,4.042141150,-102.3263456,-24.26308021,-40.46053620,-55.86071612,-23.70959639,-32.87570224,-89.64270469,-140.4287154,-22.55253908,-199.0233487,-316.1379214,-368.3527158,-238.7052428,-168.0314088,-175.1343061
365.0000000000,-8.402096786,-12.12905008,-38.75822057,-20.75840486,8.015131156,10.14007995,30.23898157,-0.1482613468,-0.2423966018,30.29199728,15.36977640,45.40212262,42.74467544,6.855869636,-7.208338026,23.12632712,4.318188338,31.17095201,11.57418438,12.92770425,30.48482560,60.63615641,71.35074864,98.63958504,23.32420474,89.46833004,119.4601437,132.9856012,163.8960708,193.7878437,54.62613622,173.0237266,230.4472337,277.7715524,190.1054694,175.3107062,384.5067143,436.2796853,577.7986140,342.0255253,45.06828842,256.1947909,193.5459827,22.52180112,55.81897417,-1.145315004,-117.8385162,22.42530456,-173.1518992,-33.54827874,-128.9768504,-125.9623253,-54.43249918,-100.2081195,-138.2627953,-41.69856710,-177.5052883,-273.0803791,-215.4614604,-135.1181582,-257.9938704,-84.93483516,-171.8290356,-263.0544581,-215.7552048,-199.2009740,-259.3666950,-202.2554248,-180.2623002,-6.970652846,-179.1421271,-130.4922950,-39.25828117,-104.9144582,-118.3423106,-87.08769086,-22.73777602,-94.88918665,-93.15809798,-78.44746026,-58.05251700,-71.68613591,-17.30698271,24.81490806,-9.657106213,62.22356953,-24.16237894,28.79445228,-60.44051516,-138.2576435,-81.75798488,-232.5303062,-47.51827779,-200.5666968,-110.2176391,-295.8629192,-327.9542311,-89.82708354,-230.2373478,-204.5022523,-157.7144989,-80.43460314,-150.5528148,-64.47141639,-115.2689347,-57.20798628,-71.40899751,-110.2165502,-124.9818007,-183.0896518,-176.7370837,-144.6378252,-125.3568544,-52.97494734,-30.26982990,-27.85090293,4.374458987,-100.5204701,-23.33440593,-39.28404321,-54.32758631,-23.35746739,-31.51629610,-88.14473307,-138.7472591,-22.07380226,-196.3080291,-313.4856603,-364.4492539,-236.4921662,-166.2606490,-173.6922266
395.4166666667,18.23354094,-3.909531463,-25.75696798,-4.809580430,16.54341931,17.74879462,43.84861344,0.8206509237,9.615719106,40.44925499,19.75399827,51.52832203,52.49479354,7.897662465,2.221642386,31.56074962,5.047893358,38.20471282,19.15458320,15.87162895,36.01020693,68.03325880,78.40717184,106.1102819,24.84541300,96.06874421,126.3258136,139.6303419,170.5470812,200.6230515,56.20542972,178.7713239,236.9894594,284.1103788,193.6795705,179.0546433,390.9629362,442.2515209,583.6206482,346.9732084,45.70942592,261.5627902,197.6215848,25.67612647,58.64773528,-1.126672477,-113.9333575,23.91787388,-169.6003207,-30.10237336,-126.4325806,-120.8201053,-53.11108983,-95.52947385,-134.2447391,-39.28746460,-172.2682441,-267.0735828,-210.3400876,-131.7600855,-250.2502946,-82.09702415,-165.5008549,-255.6814595,-209.5937674,-193.5220539,-253.9740342,-197.2119220,-175.1222891,-6.738690616,-173.2259282,-125.4832895,-37.35873693,-100.6624926,-112.9073688,-82.13921276,-20.89263194,-90.16332824,-87.44716756,-72.87781949,-52.59152089,-63.84374769,-15.14120861,31.25943093,-7.728210140,68.27843624,-22.31990977,34.77158493,-58.69048777,-132.2871924,-80.00677819,-226.4498315,-45.79717801,-193.7216301,-107.8724893,-291.1215419,-322.5329758,-88.29625361,-225.0217192,-199.4574571,-153.2627720,-77.70817998,-146.6853711,-63.34757273,-112.6083660,-55.36137423,-70.01003978,-107.4431302,-122.5991603,-180.4774452,-174.2221243,-142.0378239,-122.7047555,-51.48428665,-28.57585248,-25.02357908,4.837760028,-97.99809857,-22.03945939,-37.64064066,-52.19284338,-22.86662506,-29.62455126,-86.04783711,-136.3774176,-21.39779303,-192.4517247,-309.7000937,-358.8431418,-233.3210641,-163.7344529,-171.6467732
425.8333333333,-37.70701884,-21.12871602,-52.91066920,-38.02236103,-1.154634420,2.015793223,15.76188586,-1.171881345,-10.59313133,19.62817911,10.81969309,39.03601521,32.75788539,5.793108339,-16.65553245,14.73719319,3.597735139,24.02262344,3.901551184,9.953232079,25.06288044,53.37448851,64.42233866,91.29330924,21.82557378,83.20923122,112.9659811,126.7210036,157.6860524,187.4646374,53.18868967,167.5259970,224.2697154,271.8975941,186.8649502,171.7330819,378.4686364,430.7721500,572.5476974,337.5891193,44.44657502,251.0978741,189.3651447,18.93708296,52.35541379,-1.172408198,-122.3479115,20.85951392,-176.7865670,-36.78404851,-131.4678325,-130.6982658,-55.70532293,-104.5407168,-142.1595217,-43.93900193,-182.5420008,-279.0418753,-220.6580928,-138.4463899,-265.9124284,-87.77984373,-178.3702497,-270.5964238,-222.0050680,-204.9055516,-264.7439911,-207.2240075,-185.2757207,-7.192617141,-185.1218038,-135.4757045,-41.10768573,-109.2655560,-123.8624818,-92.06628757,-24.56909358,-99.78080587,-99.02859724,-84.16171282,-63.65853761,-79.75290004,-19.54434065,18.28958104,-11.62838957,56.17681334,-26.02842623,22.86218954,-62.19822123,-144.1179811,-83.50098420,-238.4540989,-49.21523067,-207.2180096,-112.4412056,-300.4433911,-333.0920342,-91.24673323,-235.1669754,-209.1884087,-161.7663867,-82.87897931,-153.9440330,-65.42764083,-117.4928370,-58.73428910,-72.52345657,-112.3998000,-126.8379781,-185.1050639,-178.6639008,-146.6171825,-127.3667886,-54.09739272,-31.57774036,-30.01102302,4.023284603,-102.4843317,-24.33434435,-40.58073137,-55.99695865,-23.73514877,-32.97173747,-89.73993777,-140.5410853,-22.59166786,-199.2673898,-316.4281731,-368.8755151,-239.0074260,-168.2673636,-175.3213494
456.2500000000,-72.35702354,-31.86209185,-69.92116167,-58.91391739,-12.28656998,-8.007871552,-2.069048417,-2.421129906,-23.55585513,6.401835066,4.969476044,30.95599944,19.55638270,4.398401802,-29.56354198,3.177118588,2.596373870,14.60612094,-6.250487252,6.016019729,17.46455668,43.18267319,54.68606630,80.95186704,19.73251084,73.93177436,103.3147965,117.3743532,148.3156396,177.8124473,50.95497378,159.5505810,215.1729073,263.0725964,181.8851900,166.6207198,369.6656852,422.6062713,564.5293909,330.5128748,43.52417335,243.2724063,182.4546638,12.51952678,45.66038909,-1.219443747,-130.2615580,17.99156509,-182.6286865,-42.24552300,-135.2511451,-138.2392392,-57.57266720,-111.3147361,-147.7897674,-47.38801924,-189.8885657,-287.2440476,-227.5467059,-142.9970376,-276.3255347,-91.62132262,-186.8815045,-280.5539807,-230.3436804,-212.6403340,-272.1095522,-214.1568347,-192.3754743,-7.516297903,-193.2290210,-142.4036348,-43.75818638,-115.0933577,-131.3529081,-98.92865203,-27.14559577,-106.2583956,-106.8869231,-91.83876558,-71.18986795,-90.57506871,-22.52504112,9.299960400,-14.30060204,47.66752762,-28.58897285,14.44475359,-64.64306676,-152.5695797,-85.95400129,-247.0604639,-51.63599698,-216.9152729,-115.8033844,-307.1636975,-340.8281393,-93.45375148,-242.6264382,-216.4728693,-168.2644851,-86.88877635,-159.6591081,-67.09717531,-121.4823536,-61.51671879,-74.64382097,-116.6217472,-130.4780555,-189.1043419,-182.5198250,-150.6126606,-131.4479111,-56.39746744,-34.18497983,-34.38201245,3.304863428,-106.3807596,-26.34044436,-43.12289994,-59.31416595,-24.49633997,-35.91607115,-92.98592497,-144.1845672,-23.63126268,-205.1712946,-322.1992407,-377.3757289,-243.8112946,-172.0993914,-178.4324080
486.6666666667,-37.98483497,-21.25935613,-53.21967392,-38.47069997,-1.421461214,1.674311332,15.13277504,-1.217210448,-11.22212675,18.99394135,10.45068100,38.53639945,31.72884397,5.683285443,-17.89162248,13.56295232,3.490998934,23.24352398,3.052234299,9.632066617,24.23210374,52.26827249,63.37044183,90.19540615,21.60793206,81.95704226,111.6565701,125.4373195,156.3463548,186.0294755,52.83510030,166.5484665,223.0829674,270.6500230,186.0995002,171.1409979,377.3450826,429.6641145,571.3560040,336.4518959,44.33677971,250.0530824,188.3650981,17.89941412,51.13118774,-1.178750683,-123.5763351,20.35247507,-177.5802192,-37.67783826,-131.9332234,-131.8262249,-55.92001939,-105.5093619,-142.7722255,-44.41381125,-183.3776912,-279.7661635,-221.1476527,-138.8429189,-266.6075049,-88.08880706,-178.8857184,-271.2744414,-222.6203820,-205.5356288,-265.3824933,-207.8870708,-186.0049619,-7.230152620,-185.7702021,-136.1116956,-41.38974826,-109.6920438,-124.4559387,-92.65986697,-24.81676018,-100.2137374,-99.59583305,-84.72960626,-64.21699462,-80.55017195,-19.75740122,17.51104507,-11.84244567,55.35264069,-26.25037206,22.00667079,-62.42688660,-145.0451355,-83.74655522,-239.4426323,-49.47602639,-208.3612923,-112.8921283,-301.2696484,-334.1364652,-91.57433160,-236.2013389,-210.2791873,-162.8211815,-83.56644536,-154.9805392,-65.75218854,-118.3106505,-59.32219420,-73.00448696,-113.3847164,-127.7072848,-186.0801566,-179.6187632,-147.6216116,-128.4033777,-54.69084628,-32.22056439,-31.11282090,3.839077243,-103.4341062,-24.83141441,-41.18616464,-56.80124002,-23.92504747,-33.70827157,-90.57043567,-141.4835960,-22.85655325,-200.7744252,-317.8727887,-370.9501380,-240.1624427,-169.1798343,-176.0526440
517.0833333333,-18.60453573,-15.26968856,-43.72448403,-26.83240514,4.779298572,7.248115531,25.07330910,-0.5158736393,-3.981006940,26.44077953,13.70899599,43.08270079,39.05779393,6.462835318,-10.76018012,19.95739632,4.044805588,28.52474138,8.732757632,11.82865178,28.42368981,57.87866963,68.72159355,95.85695191,22.75795744,87.02271881,116.9213521,130.5322584,161.4488921,191.2799104,54.04952977,170.9059102,228.0472377,275.4615538,188.8127410,173.9416196,382.1658704,434.1262030,575.7170391,340.2486305,44.83141541,254.2249230,191.9349459,21.13236063,54.45199676,-1.155307781,-119.5680044,21.80558977,-174.5368293,-34.82736215,-129.9222988,-127.8165459,-54.91431581,-101.8929798,-139.7295890,-42.56505362,-179.4093026,-275.2876167,-217.3607301,-136.3501090,-260.8771539,-85.98158757,-174.1984220,-265.8007518,-218.0409739,-201.2988587,-261.3524801,-204.1033969,-182.1376816,-7.054587375,-181.3359634,-132.3366242,-39.95166124,-106.5027053,-120.3660570,-88.92251908,-23.41766631,-96.66622099,-95.29906027,-80.53451969,-60.10131641,-74.63527382,-18.12491957,22.40455563,-10.38275836,59.97107192,-24.85325719,26.57349716,-61.09532739,-140.4680757,-82.41153421,-234.7780453,-48.15944691,-203.1010411,-111.0766865,-297.6187541,-329.9446781,-90.38384320,-232.1573791,-206.3470326,-159.3299934,-81.41885583,-151.9301018,-64.86459902,-116.1964163,-57.85017121,-71.88675331,-111.1620667,-125.7929597,-183.9779097,-177.5918983,-145.5216121,-126.2582861,-53.48198007,-30.84968206,-28.81688574,4.216271440,-101.3867939,-23.77833274,-39.85089292,-55.06194309,-23.52571211,-32.16529869,-88.86506345,-139.5634648,-22.30798326,-197.6496434,-314.8114871,-366.4283056,-237.6085819,-167.1459896,-174.4053054
547.5000000000,-26.91031466,-17.84399340,-47.81390710,-31.86327250,2.086150886,4.821375583,20.72158628,-0.8248559101,-7.168176920,23.14518643,12.27010027,41.06298441,35.80994970,6.115451438,-13.92781056,17.10057317,3.796381731,26.15842351,6.181509798,10.84093700,26.53266831,55.34200504,66.29765370,93.28641460,22.23486253,84.70781023,114.5057974,128.1886653,159.0902841,188.8437627,53.48241474,168.8915298,225.7414162,273.2101826,187.5332469,172.6413808,379.9097034,432.0253725,573.6426698,338.4278275,44.59973733,252.2471423,190.2328537,19.57121555,52.81932906,-1.166433013,-121.5172432,21.08304205,-176.0058013,-36.24388063,-130.8891099,-129.8010609,-55.39657547,-103.6825918,-141.1860458,-43.48195525,-181.3283698,-277.3876843,-219.0939356,-137.5202183,-263.4867623,-86.96330764,-176.3142631,-268.3071357,-220.1582443,-203.2825864,-263.2542305,-205.9121790,-184.0062053,-7.141198499,-183.4086796,-134.1336817,-40.65184338,-107.9717580,-122.2678202,-90.68174936,-24.08716712,-98.27654515,-97.26631816,-82.45778577,-61.98140905,-77.31920583,-18.85600016,20.14743587,-11.04332845,57.81063842,-25.49021855,24.43449652,-61.70560377,-142.6296877,-83.02610567,-236.9811577,-48.76719076,-205.5701901,-111.9530112,-299.3262647,-331.9467233,-90.96595995,-234.0710453,-208.2390484,-161.0414243,-82.48457701,-153.4928405,-65.33663536,-117.3278170,-58.64121388,-72.50694268,-112.3976308,-126.8584213,-185.1482026,-178.7185006,-146.6858606,-127.4453617,-54.14808226,-31.60190855,-30.07828767,4.009291293,-102.5064091,-24.35557340,-40.57817159,-56.01434569,-23.74459295,-33.01076463,-89.78840191,-140.5889966,-22.59780210,-199.2753578,-316.3809773,-368.7050013,-238.9080431,-168.1969644,-175.2725128
577.9166666667,-68.78450489,-30.76238561,-68.20167232,-56.81150580,-11.16983328,-7.019476099,-0.3138997381,-2.298662628,-22.30624075,7.670241804,5.520008143,31.71086103,20.76512883,4.524678872,-28.42050561,4.182655045,2.682185823,15.44247424,-5.356067501,6.363326643,18.10650490,44.04252812,55.50645409,81.82450276,19.90963396,74.67183678,104.0798045,118.1106511,149.0413589,178.5481509,51.12048207,160.1924702,215.8900192,263.7471585,182.2524712,167.0352855,370.3565571,423.2326640,565.1211166,331.0179562,43.59815007,243.8737406,182.9716952,12.97535333,46.10225246,-1.215840243,-129.6991539,18.17961744,-182.1927365,-41.87750376,-134.9605635,-137.7135899,-57.42675714,-110.8360270,-147.3438695,-47.14250906,-189.3200788,-286.5527259,-226.9317584,-142.6134407,-275.3842203,-91.29073469,-186.0967547,-279.6612595,-229.6113652,-211.9795492,-271.4919005,-213.5937352,-191.8140143,-7.492029695,-192.5321444,-141.8329970,-43.55154967,-114.5771630,-130.7029641,-98.34874010,-26.93575196,-105.6685004,-106.1839825,-91.15488965,-70.51616570,-89.59860044,-22.25124055,10.08015608,-14.06112344,48.38143587,-28.36383696,15.14410679,-64.43173724,-151.8843274,-85.74536936,-246.3692121,-51.43336845,-216.1342451,-115.5501938,-306.6247907,-340.2381076,-93.29512045,-242.0539161,-215.9377957,-167.8114876,-86.61964142,-159.3040578,-67.00396751,-121.2683862,-61.37134207,-74.54645313,-116.4328936,-130.3188311,-188.9327341,-182.3562389,-150.4445699,-131.2773262,-56.30189399,-34.06957991,-34.19343775,3.335383881,-106.2044635,-26.25161152,-43.00378980,-59.16297990,-24.46286434,-35.78658775,-92.84330207,-144.0219671,-23.58298329,-204.8892607,-321.9101373,-376.9257264,-243.5589666,-171.9022408,-178.2761645
608.3333333333,-81.00464809,-34.60824934,-74.36686040,-64.50024655,-15.32532353,-10.85565540,-7.210336366,-2.784848873,-27.51542260,2.354681328,3.080512969,28.34797048,15.06506799,3.921219418,-34.18983633,-1.072359361,2.221165753,11.32520998,-9.801244469,4.645916352,14.57519865,39.30416516,50.97679570,77.01930836,18.94039545,70.09280191,99.29572736,113.4543029,144.3094225,173.6105329,49.95439272,156.3144357,211.3860900,259.2697683,179.6587518,164.5764892,366.0077319,419.1171797,560.9467484,327.2023801,43.14113127,239.8500810,179.2613232,9.354894705,42.12495127,-1.241205401,-134.1309558,16.49868746,-185.2990385,-44.96434203,-136.8991996,-141.8293940,-58.36018065,-114.4862675,-150.1179375,-48.98306626,-192.9995998,-290.3533300,-229.9414584,-144.7119942,-279.8710904,-93.02713170,-189.6893602,-283.9861284,-233.3053117,-215.5000054,-274.9011815,-216.8955844,-195.2713988,-7.656349111,-196.2105460,-145.1016437,-44.86202019,-117.1553379,-134.0878092,-101.5298079,-28.16966191,-108.4633646,-109.6395378,-94.54789444,-73.83568267,-94.33775691,-23.53434241,5.977067280,-15.24374956,44.37017090,-29.51908302,11.13746002,-65.55533434,-155.9964213,-86.89072496,-250.5904594,-52.58235605,-220.8905270,-117.2870397,-309.9378378,-344.1997852,-94.47385269,-245.8712734,-219.7911600,-171.3755348,-88.87308487,-162.6410874,-68.02436584,-123.7568144,-63.12751042,-75.94329916,-119.2408902,-132.7585562,-191.6290250,-184.9662728,-153.1602966,-134.0590697,-57.87218530,-35.81668072,-37.15052021,2.846708729,-108.8067776,-27.60148509,-44.68718860,-61.38114777,-24.97649327,-37.77606599,-95.03352412,-146.4645528,-24.27158381,-208.7594341,-325.6316149,-382.2946949,-246.5993363,-174.3454283,-180.2772703
638.7500000000,-28.05437608,-18.23562386,-48.51994779,-32.78906967,1.568149735,4.270884405,19.72054148,-0.8965083489,-8.042176653,22.25343235,11.80430771,40.42312329,34.59427588,5.985316884,-15.30918870,15.80235628,3.679450693,25.24374486,5.186476568,10.46201423,25.62543434,54.13073806,65.14393320,92.07787457,21.99319383,83.39384956,113.1304699,126.8420094,157.6925286,187.3550374,53.11870429,167.8381270,224.4765720,271.8974451,186.7378199,171.9934472,378.7012704,430.8460815,572.3925616,337.2516787,44.48057784,251.1354925,189.1904371,18.51060846,51.58798338,-1.173062739,-122.7868886,20.56597972,-176.8496110,-37.17318056,-131.3961040,-130.9973632,-55.63470412,-104.7202885,-141.8747770,-43.99577077,-182.2629144,-278.2402333,-219.7000471,-137.9897001,-264.3621857,-87.33611920,-176.9807567,-269.1589220,-220.9167988,-204.0420421,-264.0135076,-206.6845574,-184.8441824,-7.183432790,-184.1919812,-134.8791962,-40.97345734,-108.4952403,-122.9828634,-91.38363591,-24.37408768,-98.81720119,-97.96133907,-83.14865846,-62.65812413,-78.28203427,-19.11315325,19.24237970,-11.29461126,56.87394735,-25.74612141,23.47427265,-61.96450543,-143.6548620,-83.29989638,-238.0617924,-49.05296072,-206.8075485,-112.4338150,-300.2102631,-333.0532836,-91.30990106,-235.1556431,-209.3734064,-162.1295541,-83.18985671,-154.5591431,-65.67145232,-118.1649136,-59.24056766,-72.99762568,-113.3982307,-127.7385701,-186.1325127,-179.6800038,-147.6945587,-128.4845944,-54.74136289,-32.24632310,-31.18042372,3.825412080,-103.4582220,-24.85306191,-41.18518728,-56.81993226,-23.93450035,-33.74675354,-90.61518844,-141.5244290,-22.86050832,-200.7658806,-317.8082051,-370.7522944,-240.0524386,-169.1049170,-176.0039144
669.1666666667,-10.46977365,-12.80100519,-39.88574575,-22.19871700,7.219544553,9.364591076,28.82356499,-0.2506048000,-1.385252082,29.10719813,14.80391425,44.60857095,41.35270945,6.704690550,-8.704822831,21.72815788,4.193051973,30.11092007,10.41878067,12.48304100,29.51084512,59.32778588,70.09843193,97.31451226,23.05660674,88.11728082,118.0386589,131.5930416,162.4566413,192.2637584,54.25692922,171.8840527,229.0946936,276.3856768,189.2768765,174.5899636,383.1849136,435.0026200,576.4634665,340.7921815,44.93612691,254.9849822,192.4529578,21.44592384,54.59836734,-1.152117432,-119.1559258,21.89185651,-174.0737879,-34.55035708,-129.5537537,-127.2986179,-54.71092548,-101.3873401,-139.0823238,-42.29340739,-178.6195298,-274.1359946,-216.2333244,-135.7044052,-259.1202477,-85.40657951,-172.6971969,-264.1553480,-216.7286985,-200.1663080,-260.3251895,-203.2193729,-181.3007059,-7.022471956,-180.1401211,-131.4281537,-39.65678447,-105.5820851,-119.2464074,-87.96870732,-23.09527262,-95.57814498,-94.03705565,-79.31631514,-58.89659475,-72.87251011,-17.61805687,23.72329723,-9.956551826,61.10690729,-24.46409909,27.66560359,-60.74120724,-139.4491727,-82.07164423,-233.7681122,-47.83957799,-201.9574608,-110.7590265,-296.8373742,-329.1782902,-90.20885202,-231.4088590,-205.7272071,-158.8891688,-81.19478212,-151.7293500,-64.84904359,-116.2017403,-57.87193347,-71.95794435,-111.3270694,-125.9517970,-184.1669275,-177.7818518,-145.7246993,-126.4700789,-53.60375801,-30.96109664,-29.02450851,4.180183310,-101.5407910,-23.86587462,-39.93701721,-55.19354516,-23.55993125,-32.29958504,-89.00772669,-139.7072114,-22.34122618,-197.7987462,-314.8992003,-366.4516111,-237.6305623,-167.1828743,-174.4541007
699.5833333333,-52.89080443,-25.84346951,-60.42634168,-47.26612448,-6.090264257,-2.461499942,7.780419047,-1.732601851,-16.46060789,13.62552820,8.141627489,35.32488346,26.64486879,5.144256215,-22.71357491,9.276127983,3.122108269,19.60689696,-0.8743277356,8.103299273,21.43794140,48.51417119,59.77977398,86.36917976,20.83031122,78.70358039,108.2719518,122.1673255,153.0974801,182.7153132,52.08026831,163.6729370,219.8455153,267.5641766,184.3932601,169.2708091,374.1833991,426.7696609,568.5743008,334.0549670,44.00228005,247.2804084,185.9796643,15.75530909,48.97640606,-1.195178358,-126.2696962,19.40827284,-179.6489122,-39.53552257,-133.3089058,-134.4694970,-56.61042780,-107.9157589,-144.8772613,-45.65382615,-186.1118382,-282.9270532,-223.8605747,-140.6025351,-270.7319421,-89.58750928,-182.2813631,-275.2168803,-225.9017554,-208.5526890,-268.2379788,-210.5455171,-188.7044097,-7.351288028,-188.9362493,-138.7796630,-42.39246664,-111.9807062,-127.3761152,-95.31268666,-25.80192062,-102.7704761,-102.6781521,-87.73249500,-67.15755450,-84.76781985,-20.91809152,14.06764070,-12.87089588,52.13605833,-27.22711276,18.85062526,-63.34967052,-148.1775148,-84.66304047,-242.6035423,-50.36892944,-211.8946351,-114.0938547,-303.6929572,-336.8869441,-92.34630994,-238.8243136,-212.8019154,-165.0324696,-84.91288924,-156.8901392,-66.30578483,-119.6079139,-60.21668206,-73.67607659,-114.7047767,-128.8324994,-187.3033452,-180.7877150,-148.8215109,-129.6211306,-55.36970320,-33.00647233,-32.41574436,3.627032843,-104.6125765,-25.43368039,-41.96172644,-57.80641049,-24.15271514,-34.58690010,-91.52304462,-142.5405292,-23.15900926,-202.4789835,-319.5453171,-373.4265603,-241.5804195,-170.3247513,-176.9959931
730.0000000000,-86.16728435,-36.14283146,-76.66840315,-67.21866372,-16.72477498,-11.99167326,-9.177074294,-2.918997465,-28.72544162,1.144249605,2.641953525,27.75539684,14.32065176,3.848448902,-34.63950001,-1.364367138,2.203601940,10.91326925,-10.21705729,4.478658628,14.49087391,39.19461181,50.87655804,76.90395363,18.91295680,70.30722433,99.54597313,113.7256051,144.6620214,174.0525614,50.08719343,156.4340717,211.6230406,259.6376409,179.9531747,164.6233940,366.2374489,419.4281806,561.4101653,327.7442818,43.15886935,240.1769542,179.6833115,9.929166531,42.95524164,-1.238641756,-133.4486102,16.84369045,-184.9623723,-44.40595467,-136.7507778,-141.2004021,-58.30855942,-113.9715885,-150.0066918,-48.73802904,-192.7745598,-290.4741289,-230.2658807,-144.7847499,-280.4389532,-93.13253738,-190.2504230,-284.4852596,-233.6288160,-215.6820912,-275.0013494,-216.8724906,-195.1511030,-7.642416547,-196.4210799,-145.1230477,-44.79512161,-117.3955689,-134.3086896,-101.6319469,-28.15776005,-108.8249467,-109.9960905,-94.87556586,-74.16996760,-94.86134905,-23.70627631,5.749045516,-15.35764382,44.31510500,-29.59957503,11.13360375,-65.60667552,-155.8875692,-86.91890878,-250.4319763,-52.58658667,-220.7127434,-117.1144276,-309.7918476,-343.8421379,-94.31067254,-245.5337978,-219.3057715,-170.7851833,-88.44134984,-161.8612716,-67.73659213,-123.0084071,-62.57978050,-75.44916459,-118.2234079,-131.8573994,-190.6177288,-183.9786649,-152.1257478,-132.9944213,-57.26810529,-35.17196800,-36.03886640,3.032399514,-107.8616457,-27.10285446,-44.09145093,-60.57744363,-24.78574898,-37.03647387,-94.22072646,-145.5704582,-24.02746885,-207.4228296,-324.4045396,-380.6317236,-245.6498951,-173.5640638,-179.6198597
760.4166666667,-100.4749684,-40.58111888,-83.66221252,-75.84933600,-21.34948163,-16.15270623,-16.61865743,-3.441056690,-34.17137156,-4.393905668,0.1782855277,24.36765597,8.746345993,3.264644686,-40.03773692,-6.222001209,1.781581222,6.983814610,-14.43443803,2.849370405,11.29389728,34.91669408,46.79319973,72.56599687,18.03520560,66.37044093,95.45216357,109.7595730,140.6829152,169.9490720,49.13741531,153.0667007,207.7764032,255.9022119,177.8440769,162.4715902,362.5303626,415.9801095,558.0073331,324.7006982,42.76228369,236.7981462,176.6289011,7.049238768,39.92062362,-1.259832211,-136.9756850,15.56897797,-187.5150473,-46.78235672,-138.3790800,-144.4404055,-59.10377288,-116.8714439,-152.3959423,-50.20718807,-195.8884525,-293.9250087,-233.1521043,-146.6912920,-284.7979013,-94.74038543,-193.8139780,-288.6521116,-237.1158562,-218.9190336,-278.0833560,-219.7751820,-198.1244378,-7.778100513,-199.8184156,-148.0284524,-45.90847599,-119.8429813,-137.4579235,-104.5193421,-29.24210835,-111.5502111,-113.3032429,-98.10816346,-77.34324157,-99.42710578,-24.96369775,1.948878359,-16.48633051,40.71533987,-30.68064510,7.573164798,-66.64002595,-159.4649500,-87.95573054,-254.0718842,-53.61087573,-224.8182649,-118.5394159,-312.6387054,-347.1190699,-95.24647830,-248.7018222,-222.4049530,-173.5552645,-90.15292258,-164.2929435,-68.44414891,-124.7038344,-63.76292819,-76.34844309,-120.0146842,-133.4016346,-192.3127571,-185.6148563,-153.8271795,-134.7363482,-58.25088710,-36.28342664,-37.90578058,2.724720635,-109.5281213,-27.96257746,-45.18192168,-62.00210161,-25.11243025,-38.30225163,-95.61691756,-147.1376709,-24.47514246,-209.9661886,-326.8924526,-384.2987642,-247.7177608,-175.2099594,-180.9530642
790.8333333333,-48.26518915,-24.44478696,-58.28859108,-44.69331357,-4.737838645,-1.325624307,9.793402339,-1.591994399,-15.13132308,14.99649931,8.673735254,36.07555881,27.69069558,5.255242417,-21.87563781,9.981355570,3.179745697,20.33771194,-0.8688457544E-01,8.416509040,21.86590383,49.09786219,60.34385365,86.98693685,20.95971021,79.04309276,108.6252510,122.5000474,153.3942718,182.9807743,52.12618580,164.0614147,220.2356872,267.8730238,184.5227384,169.5523417,374.5930621,427.1025577,568.8277623,334.2155882,44.05173507,247.6204479,186.2210652,15.90151756,49.02979488,-1.193165520,-126.0366491,19.45085807,-179.3893853,-39.39423630,-133.1025803,-134.1896468,-56.49672474,-107.6271473,-144.5070700,-45.49019843,-185.6468670,-282.2738324,-223.2389640,-140.2347195,-269.7627955,-89.26009143,-181.4569750,-274.2929102,-225.1549593,-207.8941318,-267.6337362,-210.0141532,-188.1898945,-7.330310868,-188.2383925,-138.2311272,-42.20561281,-111.4598544,-126.7335024,-94.75253058,-25.60562041,-102.1722942,-101.9772511,-87.05776263,-66.50112920,-83.83159105,-20.66075154,14.77072313,-12.65522058,52.74735369,-27.03158466,19.42345848,-63.17497630,-147.6480925,-84.49947738,-242.1006394,-50.22163653,-211.3609810,-113.9392912,-303.3542702,-336.5490717,-92.26644784,-238.5320200,-212.5653303,-164.8708838,-84.83596624,-156.7977111,-66.28623244,-119.5924443,-60.21859609,-73.69284862,-114.7594959,-128.8957305,-187.3892628,-180.8836944,-148.9350922,-129.7470940,-55.45008639,-33.07503794,-32.54983777,3.602266526,-104.7088088,-25.48913126,-42.01470634,-57.88446781,-24.17485745,-34.67460511,-91.64119446,-142.6894970,-23.20014224,-202.7292430,-319.7804360,-373.7540103,-241.7430869,-170.4377014,-177.0704768
821.2500000000,28.53273512,-0.7318720173,-20.75817275,1.324060917,19.82885617,20.64343788,49.03498599,1.191003497,13.32645700,44.28622190,21.37689293,53.80212881,56.04748885,8.278804592,5.588611919,34.56271726,5.306880084,40.77800020,21.93501244,16.95793878,37.97501679,70.67008369,80.92749714,108.7899420,25.39378807,98.35485301,128.7113781,141.9403119,172.8542306,202.9855788,56.74838689,180.8310652,239.3250015,286.3657308,194.9464881,180.4331895,393.3415688,444.4563204,585.7825960,348.7895787,45.94793735,263.5813975,198.8879930,26.08204722,58.21954962,-1.138281173,-113.5027567,24.24762866,-168.4214233,-28.87019968,-125.4813227,-118.8782811,-52.60305903,-93.76672044,-132.7085799,-38.37843448,-170.2773520,-264.7720031,-208.3754550,-130.4751059,-247.2926261,-81.01454739,-163.0913978,-252.8763313,-207.2515618,-191.3685077,-251.9324636,-195.3088724,-173.1872710,-6.651655952,-170.9941369,-123.5996182,-36.64736006,-99.06471209,-110.8692455,-80.28690919,-20.20310056,-88.39349823,-85.31148741,-70.79803628,-50.55728053,-60.93331947,-14.34300743,33.63195778,-7.020211056,70.49819981,-21.64585144,36.95173875,-58.05386216,-130.1206230,-79.37301411,-224.2559143,-45.17930082,-191.2713250,-107.0360353,-289.4387910,-320.6126458,-87.75545020,-223.1951166,-197.6989880,-151.7199036,-76.76821585,-145.3386376,-62.95164134,-111.6823482,-54.72314519,-69.52370285,-106.4877753,-121.7851901,-179.5921778,-173.3762537,-141.1712219,-121.8259981,-50.99392969,-28.01199703,-24.09046693,4.989377792,-97.16031476,-21.61147287,-37.09331056,-51.48451374,-22.70498339,-29.00374929,-85.37021873,-135.6207669,-21.18288475,-191.2386878,-308.5145169,-357.0953708,-232.3182562,-162.9232866,-170.9778879
851.6666666667,1.599524137,-9.027082004,-33.80519806,-14.66320675,11.27708604,13.10553202,35.54618588,0.2299509111,3.683896712,34.33164260,17.15708717,47.89238018,46.81308757,7.290439925,-3.165611649,26.77002869,4.635424685,34.11692602,14.74604770,14.15169419,32.89134557,63.85564178,74.42033848,101.8826447,23.98196255,92.46041249,122.5735722,136.0048691,166.9401401,196.9403151,55.36388912,175.5736557,233.3787486,280.6508825,191.7538981,176.9461574,387.3664837,438.9511529,580.4454601,344.3310126,45.35208942,258.6208850,195.5287627,24.24822090,57.56694008,-1.134053091,-115.7226991,23.22903976,-171.4708912,-31.88837697,-127.8381974,-123.5965256,-53.85608384,-98.08082904,-136.5261137,-40.61322754,-175.2269575,-270.5613513,-213.3631435,-133.7133368,-254.8362775,-83.75707274,-169.2671435,-260.0404529,-213.2179014,-196.8376229,-257.1066201,-200.1154278,-178.0602139,-6.869464545,-176.6804962,-128.3737916,-38.43873041,-103.1584861,-116.0786730,-85.00595424,-21.95142912,-92.95155404,-90.79944348,-76.14095742,-55.78921938,-68.43486597,-16.41020860,27.53788800,-8.848641420,64.81881485,-23.38308641,31.37481144,-59.69272509,-135.6502113,-81.00256697,-229.8548930,-46.76723264,-197.5382128,-109.1571956,-293.7484260,-325.4984711,-89.12110723,-227.8582136,-202.1653446,-155.6156744,-79.13235668,-148.6863177,-63.92159496,-113.9457270,-56.28075845,-70.69413158,-108.7852970,-123.7417668,-181.7200327,-175.4109862,-143.2588126,-123.9446867,-52.17614481,-29.37509637,-26.34543683,4.622765227,-99.19109426,-22.64799894,-38.42323956,-53.20230414,-23.09660065,-30.50878175,-87.02000850,-137.4721399,-21.71149366,-194.2397979,-311.4670544,-361.4820638,-234.8244001,-164.9380667,-172.6272071
882.0833333333,5.370200297,-7.879278786,-32.02136856,-12.49874195,12.42523834,14.09707186,37.31117345,0.3552409946,4.906328256,35.59384659,17.67259717,48.61627097,47.89432615,7.405713006,-2.195347620,27.61550249,4.706902193,34.88300284,15.56883491,14.47433530,33.42541335,64.57137998,75.10346261,102.6094990,24.13147092,93.01476916,123.1469953,136.5541084,167.4717680,197.4677944,55.47853362,176.0867120,233.9386994,281.1610847,192.0210407,177.2915446,387.9273021,439.4467770,580.8912906,344.6733089,45.40890435,259.0554255,195.8163272,24.41798678,57.65548776,-1.132745904,-115.4915801,23.29819240,-171.1987718,-31.67364748,-127.6205919,-123.2238593,-53.73657076,-97.72485518,-136.1502745,-40.42284687,-174.7499858,-269.9388253,-212.7902421,-133.3633057,-253.9541494,-83.45227634,-168.5276898,-259.2053817,-212.5367884,-196.2309491,-256.5441467,-199.6115111,-177.5646991,-6.848666427,-176.0451534,-127.8653382,-38.25980192,-102.6878626,-115.4932885,-84.49095641,-21.76837759,-92.41370566,-90.16432584,-75.52627453,-55.18658345,-67.56658684,-16.16743103,28.21100643,-8.640464513,65.42040064,-23.19002771,31.95536552,-59.51510856,-135.0940989,-80.83030685,-229.3028280,-46.60415703,-196.9253575,-108.9672166,-293.3344424,-325.0590378,-89.00805876,-227.4434580,-201.7941918,-155.3188190,-78.96432240,-148.4703147,-63.86718925,-113.8327530,-56.20888012,-70.65186396,-108.7112492,-123.6853304,-181.6649325,-175.3625918,-143.2135887,-123.9018237,-52.15480604,-29.34157651,-26.29773315,4.629582280,-99.13831781,-22.62369904,-38.38475638,-53.15785666,-23.08779833,-30.47604373,-86.98678587,-137.4346406,-21.69917082,-194.1658834,-311.3819422,-361.3327803,-234.7355811,-164.8665148,-172.5685723
912.5000000000,14.06555044,-5.203448730,-27.81179991,-7.347555960,15.17584444,16.52547055,41.64876930,0.6634307525,8.008453838,38.78691106,19.03316134,50.51625098,50.87721447,7.723696420,0.6420716139,30.13528567,4.923693811,37.01902726,17.87010020,15.37123426,35.06094084,66.75898062,77.18881099,104.8170056,24.58170659,94.90770533,125.1114474,138.4504235,169.3562684,199.3909226,55.91754289,177.7478371,235.8135845,282.9553370,193.0186159,178.3826217,389.7856904,441.1495586,582.5243060,346.0281850,45.59268836,260.5619608,196.8901865,25.16052622,58.22998220,-1.128623833,-114.5653513,23.64657398,-170.2488408,-30.77928213,-126.9079474,-121.8317389,-53.35860746,-96.44601279,-134.9924483,-39.75941778,-173.2546910,-268.1557448,-211.2313876,-132.3651458,-251.5856131,-82.60188116,-166.5769394,-256.9592493,-210.6757071,-194.5362050,-254.9474150,-198.1385677,-176.0804753,-6.783182012,-174.2780209,-126.3965939,-37.71599253,-101.4034099,-113.8668736,-83.02758479,-21.23144614,-90.97065633,-88.43448794,-73.84289589,-53.53398784,-65.18614963,-15.50514945,30.13176793,-8.057462153,67.19742867,-22.63790094,33.70130890,-58.99504282,-133.3696379,-80.31381163,-227.5542199,-46.10063476,-194.9568472,-108.3123387,-291.9747884,-323.5373602,-88.58923972,-225.9785354,-200.4050488,-154.1213878,-78.24338083,-147.4763797,-63.58881600,-113.1858547,-55.76502666,-70.32918947,-108.0785938,-123.1468842,-181.0790438,-174.8010391,-142.6353866,-123.3136013,-51.82534065,-28.95995008,-25.66704266,4.732285744,-98.56747013,-22.33301680,-38.00926249,-52.67555394,-22.97794015,-30.05366108,-86.51739060,-136.8998863,-21.54475604,-193.2751098,-310.4927471,-359.9888835,-233.9765132,-164.2658974,-172.0862895
942.9166666667,-62.49173964,-28.77529161,-64.98554144,-52.79453928,-9.003517555,-4.997914351,3.304176734,-2.044006922,-19.55883009,10.47363334,6.818414555,33.50094934,23.83093050,4.849752709,-25.27392605,7.054534983,2.934677887,17.66560015,-2.953150486,7.290972623,20.04271546,46.63970010,57.98854069,84.45521398,20.43939293,77.21373739,106.7354605,120.6968116,151.6755834,181.3032510,51.77388127,162.3292917,218.3805711,266.2350325,183.7014585,168.3849990,372.7574946,425.5115462,567.4423826,333.1429682,43.84768234,246.0830402,185.0067373,14.96714623,48.30147797,-1.202084523,-127.2696426,19.10925900,-180.4972831,-40.17243760,-133.9055032,-135.4491698,-56.91961772,-108.8335050,-145.8408185,-46.13506620,-187.3233138,-284.5090598,-225.3242241,-141.4846806,-272.9926702,-90.35965124,-184.1880861,-277.3558915,-227.6369891,-210.0922472,-269.6600196,-211.8133130,-189.9447969,-7.402804178,-190.5625348,-140.0741995,-42.84293120,-113.2007987,-128.8917367,-96.64204757,-26.27144084,-104.1805638,-104.3400002,-89.34260555,-68.74203641,-87.06444309,-21.56454732,12.28668901,-13.42564381,50.54765979,-27.74094354,17.31424330,-63.82381622,-149.6492049,-85.12339198,-244.0667215,-50.80682334,-213.5328486,-114.5964227,-304.8065582,-338.0571927,-92.64432503,-239.9461327,-213.8044789,-165.8327899,-85.36580965,-157.4471795,-66.43577597,-119.8782034,-60.38812897,-73.76285281,-114.8536002,-128.9433498,-187.4086801,-180.8786893,-148.9059923,-129.7004371,-55.40916707,-33.07883478,-32.51562030,3.612995632,-104.7329477,-25.48779588,-42.05465042,-57.91157658,-24.17214859,-34.66068535,-91.59797983,-142.6277580,-23.18992562,-202.6733918,-319.7785058,-373.8489035,-241.8219878,-170.5112848,-177.1419395
973.3333333333,-91.16476714,-37.69751273,-79.12692363,-70.25420729,-18.35248125,-13.46030829,-11.80460887,-3.103448380,-30.65302994,-0.8181365924,1.767230431,26.55182903,12.33862320,3.640479415,-36.55955125,-3.097032882,2.052813789,9.509858660,-11.72484444,3.895662829,13.34580511,37.66067034,49.41122976,75.34573154,18.59755373,68.89101934,98.07162435,112.2963263,143.2261605,172.5703306,49.74349108,155.2192828,210.2335194,258.2853875,179.1878957,163.8463810,364.8955902,418.1780360,560.1730938,326.6359316,43.01543152,238.9507028,178.5732417,8.878818990,41.84364097,-1.246346582,-134.7398038,16.37296388,-185.8962814,-45.28420454,-137.3454888,-142.3933709,-58.59857879,-115.0388944,-150.8774865,-49.27928955,-193.9130967,-291.7240032,-231.3032570,-145.4755958,-282.0031253,-93.71376405,-191.5254855,-285.9831974,-234.8864044,-216.8543952,-276.1205201,-217.9312398,-196.2395562,-7.692435935,-197.6514746,-146.1817998,-45.20386796,-118.2779519,-135.4476811,-102.6806081,-28.55380617,-109.8031409,-111.1866719,-96.03993673,-75.31188722,-96.50110528,-24.15615933,4.376292382,-15.76298855,43.00835719,-29.98891972,9.839895031,-65.97962876,-157.1912845,-87.29380777,-251.7592675,-52.95747250,-222.2075449,-117.6379866,-310.8277079,-345.0426720,-94.65612059,-246.6914908,-220.4444366,-171.8090739,-89.07647541,-162.7725580,-68.00479604,-123.6522720,-63.02965835,-75.79428909,-118.9110502,-132.4502508,-191.2682826,-184.6060223,-152.7771669,-133.6605813,-57.64308060,-35.59613171,-36.75203544,2.915054263,-108.4979954,-27.43115989,-44.50778425,-61.12206382,-24.91044190,-37.51951121,-94.75028285,-146.1613305,-24.19565266,-208.3726010,-325.3292453,-381.9867944,-246.4173323,-174.1787114,-180.1216162
1003.750000000,-63.96785779,-29.31163443,-65.99731223,-54.16860173,-9.789657385,-5.869556257,1.706137471,-2.158783254,-20.99951092,9.003585578,6.029894502,32.41952602,21.73384028,4.625119436,-27.68557159,4.773719229,2.728466268,16.07815014,-4.683525047,6.631479734,18.43476832,44.48942534,55.93711789,82.29934399,20.01012439,74.85394726,104.2611702,118.2710227,149.1519375,178.6099919,51.11459194,160.4353793,216.0994788,263.8593347,182.2578026,167.2220561,370.5798257,423.3770501,565.1635873,330.9723732,43.62834798,244.0206124,183.0228491,12.91441553,45.89973020,-1.215120869,-129.7319547,18.10769589,-182.1076867,-41.94517962,-134.8586683,-137.7056689,-57.36193094,-110.7880460,-147.1161232,-47.10170988,-189.0606966,-286.0553579,-226.3943780,-142.3324153,-274.5275453,-91.02815403,-185.3439249,-278.8579540,-228.9870112,-211.4608637,-271.0367149,-213.2277317,-191.4898916,-7.481607055,-191.9766829,-141.4407755,-43.44085122,-114.1363349,-130.1822649,-97.92272486,-26.80121506,-105.1351856,-105.5797395,-90.57780948,-69.94955458,-88.77509993,-22.01593716,10.64856961,-13.87301587,48.83200186,-28.20018638,15.55237529,-64.29159700,-151.5409184,-85.62004775,-246.0590497,-51.32661517,-215.8063793,-115.4922839,-306.4256048,-340.1042299,-93.28750773,-241.9446424,-215.9134339,-167.8729836,-86.69434480,-159.4749515,-67.07820453,-121.4860329,-61.53992591,-74.70992788,-116.7835703,-130.6397525,-189.3034241,-182.7264748,-150.8410097,-131.6913218,-56.54288922,-34.31478631,-34.62699883,3.261359742,-106.5602493,-26.44250995,-43.22221780,-59.46233466,-24.53651062,-36.07327851,-93.17337076,-144.3979942,-23.68582572,-205.4690409,-322.4451162,-377.6549772,-243.9590336,-172.2175876,-178.5277622
1034.166666667,-73.16377823,-32.11819527,-70.34376008,-59.44271989,-12.57127361,-8.284031471,-2.559920624,-2.455366896,-23.94567815,6.012219181,4.776434858,30.69688754,19.08149190,4.348897779,-30.07637535,2.708628437,2.555033750,14.27027893,-6.611374581,5.878637795,17.15022322,42.76485699,54.28958551,80.53737618,19.64998835,73.49974012,102.8665477,116.9382456,147.8691003,177.3418591,50.84199084,159.2102972,214.7707627,262.6644012,181.6430892,166.4130673,369.2887763,422.2445695,564.1553807,330.1655823,43.48652872,242.9328960,182.1377408,12.20432704,45.30595932,-1.221500327,-130.6317799,17.84718213,-182.8768427,-42.50157046,-135.4006423,-138.5674822,-57.64297425,-111.5980198,-147.9937964,-47.52664054,-190.1567717,-287.5141153,-227.7589891,-143.1449299,-276.6400379,-91.74239531,-187.1324160,-280.8531024,-230.5984292,-212.8821120,-272.3437476,-214.3838207,-192.6129769,-7.527529998,-193.4791825,-142.6252760,-43.84691503,-115.2705979,-131.5851448,-99.14556420,-27.22902501,-106.4532168,-107.1271366,-92.07564082,-71.42456460,-90.91698252,-22.62080201,9.002058444,-14.38933530,47.37572863,-28.67619300,14.14822266,-64.72902606,-152.8769875,-86.04294952,-247.3829041,-51.72723493,-217.2895037,-115.9377145,-307.4321078,-341.1448610,-93.54661641,-242.9435981,-216.7913981,-168.5576155,-87.07410199,-159.9210862,-67.17363176,-121.6730888,-61.65301572,-74.75017656,-116.8398628,-130.6710175,-189.3217164,-182.7341935,-150.8401876,-131.6842913,-56.53435880,-34.33165653,-34.63479240,3.262252804,-106.5980008,-26.45423567,-43.26096292,-59.49655621,-24.53994705,-36.08535635,-93.18339754,-144.4155106,-23.69727313,-205.5576198,-322.5779580,-377.9351154,-244.1170305,-172.3339859,-178.6132536
1064.583333333,-59.39363096,-27.87316257,-63.68250416,-51.28641045,-8.238934084,-4.435331872,4.269957644,-1.978412977,-19.07287656,10.97097400,6.930654761,33.66293760,23.83890118,4.848340056,-25.54855815,6.718295100,2.898993628,17.60173633,-3.037059790,7.268151563,19.74114049,46.24319680,57.61386369,84.07823748,20.36892391,76.54664938,106.0294226,119.9917687,150.9002001,180.4337551,51.54532408,161.8683688,217.7631398,265.5127266,183.2155137,168.1305554,372.1863711,424.8959956,566.7016600,332.3727410,43.79588684,245.4936263,184.3718992,14.22534652,47.33617702,-1.205965775,-128.1271230,18.71708599,-180.9776152,-40.82086827,-134.1507093,-136.2028202,-57.02009011,-109.4547366,-146.0994912,-46.42899811,-187.7128463,-284.6575009,-225.2836931,-141.5596064,-272.8705529,-90.38819979,-184.0162271,-277.2616896,-227.6245103,-210.1641580,-269.7816878,-212.0137170,-190.2198115,-7.421353755,-190.6224256,-140.2395324,-42.96025415,-113.1864625,-128.9366720,-96.75367135,-26.34840818,-104.1045566,-104.3066249,-89.32801005,-68.72643196,-87.02804787,-21.54209699,12.15821661,-13.43683651,50.30591679,-27.77428718,17.02487969,-63.87761753,-150.0306657,-85.19810455,-244.5078509,-50.90346369,-214.0576383,-114.8553435,-305.2069147,-338.6493575,-92.85548443,-240.5418896,-214.4995919,-166.5674135,-85.86962695,-158.2558701,-66.70609385,-120.5788528,-60.89961490,-74.20120058,-115.7603767,-129.7501854,-188.3193976,-181.7737758,-149.8503216,-130.6769527,-55.96949114,-33.67642805,-33.54765117,3.439693399,-105.6114742,-25.95058420,-42.60936099,-58.65515020,-24.34937737,-35.34871404,-92.37396738,-143.5046258,-23.43384202,-204.0501621,-321.0794252,-375.6821638,-242.8431136,-171.3223205,-177.7960695
1095.000000000,-3.358700218,-10.60782322,-36.41920416,-17.94798276,9.490961588,11.39295719,32.45886163,0.8879971656E-02,1.248969511,31.83195676,15.97404650,46.25202305,43.94998926,6.983430314,-6.205246304,23.96968778,4.387104733,31.99889837,12.45219688,13.27138871,30.98349472,61.30438936,71.98792945,99.32172507,23.46601494,89.88003137,119.8776211,133.3750528,164.2425184,194.0999583,54.68148033,173.4383218,230.8628874,278.0985223,190.2419319,175.6018458,384.9271451,436.6144630,578.0373867,342.1469911,45.11316539,256.4749346,193.6764897,22.51293204,55.66897524,-1.144594931,-117.8118974,22.38687038,-173.0015818,-33.52694890,-128.8235865,-125.8208524,-54.33964271,-100.0437723,-137.9534701,-41.60027096,-177.1375551,-272.4730573,-214.8376758,-134.7752858,-257.0119586,-84.62309340,-170.9798055,-262.1354724,-215.0308814,-198.5875806,-258.8187146,-201.7983671,-179.8421421,-6.955679472,-178.4924589,-130.0160142,-39.11314513,-104.4082523,-117.7361730,-86.58186497,-22.57230088,-94.28531177,-92.46603183,-77.78324340,-57.39825820,-70.73253452,-17.03334162,25.50018343,-9.432726882,62.79120252,-23.96195766,29.32654019,-60.26322090,-137.7827642,-81.59295171,-232.0759548,-47.36939401,-200.0655772,-110.0976292,-295.5343328,-327.6667476,-89.77465740,-229.9690078,-204.3183045,-157.6293141,-80.41653417,-150.5958245,-64.50937397,-115.3948526,-57.31054474,-71.52167140,-110.4619732,-125.2087616,-183.3534354,-177.0008139,-144.9201264,-125.6514774,-53.14603501,-30.44097714,-28.15631085,4.322139711,-100.7671801,-23.46812581,-39.43364572,-54.53655131,-23.40917564,-31.71828869,-88.37301286,-139.0013233,-22.14169936,-196.6792852,-313.8143940,-364.8702553,-236.7255382,-166.4501452,-173.8490004
1125.416666667,6.640910067,-7.484789635,-31.39768937,-11.72857316,12.84054596,14.46659497,37.97677406,0.4029102189,5.389346565,36.09554179,17.88730702,48.91931159,48.37064099,7.457111985,-1.737979543,28.02713344,4.742643427,35.23337354,15.94843202,14.62268908,33.69858562,64.93860610,75.45494799,102.9835243,24.20796450,93.33969078,123.4868297,136.8837927,167.8024228,197.8077081,55.55702981,176.3778560,234.2702282,281.4826496,192.2023369,177.4837481,388.2590492,439.7543118,581.1924520,344.9306727,45.44249271,259.3383987,196.0354426,24.59405198,57.82064876,-1.131633419,-115.2678709,23.38378721,-171.0021627,-31.48032364,-127.4810439,-122.9363685,-53.66437222,-97.46175297,-135.9301597,-40.28610353,-174.4593589,-269.6155822,-212.5217228,-133.1822857,-253.5498818,-83.30022647,-168.2002163,-258.8170537,-212.2085929,-195.9236965,-256.2497104,-199.3318228,-177.2759915,-6.835297260,-175.7240466,-127.5874577,-38.15146802,-102.4606799,-115.1993916,-84.21897882,-21.66475443,-92.16532035,-89.86083710,-75.22987545,-54.89746186,-67.15550997,-16.05602768,28.55581194,-8.540026797,65.74987512,-23.09331843,32.28046104,-59.42280386,-134.7666340,-80.73766698,-228.9703829,-46.51309707,-196.5553822,-108.8358203,-293.0803904,-324.7606652,-88.92121406,-227.1611465,-201.5153879,-155.0670207,-78.80785331,-148.2383949,-63.79652612,-113.6648485,-56.09206879,-70.56033576,-108.5303417,-123.5304716,-181.4961489,-175.2014536,-143.0487018,-123.7349627,-52.06246097,-29.23485301,-26.12083458,4.658258776,-98.97915488,-22.54219463,-38.28034511,-53.02163654,-23.05701962,-30.35742496,-86.86084623,-137.2979573,-21.66082980,-193.9554769,-311.1803331,-361.0430594,-234.5665246,-164.7262440,-172.4492246
1155.833333333,3.925009806,-8.330912705,-32.74475917,-13.39677591,11.93958689,13.65514417,36.51514929,0.2982782661,4.312788726,34.98002794,17.40030403,48.23430827,47.26911366,7.338334670,-2.821901414,27.04461402,4.656780252,34.42044773,15.06686399,14.27934981,33.04020770,64.05431522,74.60904894,102.0855425,24.02498730,92.52514083,122.6340860,136.0545164,166.9637150,196.9381291,55.35332690,175.6626023,233.4464206,280.6712186,191.7368444,177.0171955,387.4406413,438.9872823,580.4278087,344.2637954,45.36049122,258.6326068,195.4707726,24.11607339,57.34458277,-1.134577003,-115.8645242,23.14963426,-171.4972745,-31.98410530,-127.8227157,-123.6642493,-53.83858238,-98.12047709,-136.4564442,-40.62525866,-175.1581755,-270.3672990,-213.1320893,-133.6025826,-254.4636511,-83.65020344,-168.9342551,-259.6963268,-212.9572730,-196.6312802,-256.9320899,-199.9867796,-177.9575644,-6.867324423,-176.4604097,-128.2338045,-38.40766471,-102.9763299,-115.8714257,-84.84610493,-21.90628077,-92.72366516,-90.54752796,-75.90190717,-55.55280825,-68.08635510,-16.30738284,27.76291499,-8.769062917,64.98287954,-23.31562653,31.51961116,-59.63673104,-135.5405307,-80.95410837,-229.7607489,-46.72779726,-197.4381912,-109.1551640,-293.6902133,-325.4866920,-89.13567012,-227.8514246,-202.2057158,-155.6992091,-79.20468466,-148.8317718,-63.97964677,-114.1053420,-56.40083348,-70.80651230,-109.0213344,-123.9541897,-181.9617362,-175.6492668,-143.5106224,-124.2052578,-52.32550955,-29.53156855,-26.61806295,4.576812768,-99.41942567,-22.76935217,-38.56572515,-53.39623600,-23.14316517,-30.68987633,-87.22180797,-137.6963727,-21.77253041,-194.5762949,-311.7747472,-361.8961510,-235.0567593,-165.1265458,-172.7831997
1186.250000000,-10.56988307,-12.80090699,-39.81992031,-22.06751041,7.310947921,9.512102580,29.10589400,-0.2296634929,-1.066359987,29.43264097,15.00339544,44.88205883,41.93144813,6.767624074,-7.988210392,22.42067368,4.256757739,30.56651041,10.91996195,12.67304790,30.01357470,60.00048123,70.74063707,97.98778340,23.19068935,88.89861241,118.8613548,132.4030666,163.3088149,193.1817370,54.48514296,172.5068645,229.8567222,277.1954436,189.7786071,174.9708322,383.9172354,435.7306046,577.2556815,341.5514189,45.00736036,255.6738941,193.1074585,22.12667839,55.40890967,-1.148099913,-118.3436344,22.23494494,-173.5449393,-33.93508692,-129.2409052,-126.5148041,-54.56570258,-100.7109576,-138.6673228,-41.95915583,-178.0443600,-273.6593282,-215.9300865,-135.4420126,-258.6970903,-85.20531474,-172.3947196,-263.7350442,-216.3356723,-199.7512604,-259.8977877,-202.7658580,-180.7942583,-6.995746792,-179.7161253,-130.9973871,-39.45918914,-105.3145759,-118.8647425,-87.57663458,-22.92678154,-95.32009878,-93.68888353,-78.96636508,-58.55641248,-72.39717920,-17.49658286,24.20967844,-9.829704495,61.63765095,-24.32959131,28.21670489,-60.60074243,-138.8438157,-81.91919948,-233.1238800,-47.67682209,-201.2218878,-110.4569125,-296.3100245,-328.4903856,-89.98678717,-230.7388340,-205.0058637,-158.1777470,-80.72589787,-150.9981460,-64.61197998,-115.6050603,-57.44287966,-71.59890328,-110.5933986,-125.3054805,-183.4434614,-177.0755027,-144.9846633,-125.7084023,-53.16993108,-30.49143342,-28.22068816,4.314227258,-100.8492867,-23.50377428,-39.49758804,-54.60820187,-23.42160393,-31.76364200,-88.40838092,-139.0329960,-22.15330875,-196.7416351,-313.8959445,-365.0293401,-236.8316836,-166.5439330,-173.9344750
1216.666666667,22.39494057,-2.615529132,-23.69796584,-2.266257292,17.91290213,18.97883728,46.05842361,0.9785747583,11.23694688,42.12315166,20.48403174,52.54820840,54.14254163,8.074637971,3.842494353,33.02379135,5.175454283,39.40938422,20.45889970,16.37901007,36.98396352,69.33893845,79.65448654,107.4323855,25.11461976,97.26887377,127.5798689,140.8488378,171.7782861,201.8989378,56.50438966,179.8211372,238.1985787,285.3023628,194.3646090,179.7435442,392.1758479,443.3909077,584.7609758,347.9584949,45.82918504,262.5981112,198.3438608,26.10291143,58.88190712,-1.126914604,-113.4355871,24.16492677,-168.9617746,-29.41589680,-125.9512167,-119.7874883,-52.85936396,-94.59951940,-133.4886483,-38.81122275,-171.2745715,-265.9830705,-209.4411594,-131.1514195,-248.9064189,-81.59025622,-164.4190780,-254.4001296,-208.5102084,-192.5085100,-253.0021511,-196.2881753,-174.1684176,-6.694524607,-172.1770655,-124.5747362,-37.00436175,-99.92272906,-111.9506909,-81.25524558,-20.55635224,-89.35564972,-86.46063232,-71.91337375,-51.64835700,-62.49718889,-14.77450325,32.38916048,-7.396644877,69.35999986,-21.99968403,35.84417465,-58.38355146,-131.2022009,-79.69692845,-225.3399690,-45.49023800,-192.4754729,-107.4308109,-290.2574963,-321.5193247,-88.00173168,-224.0510066,-198.4982828,-152.3958229,-77.16847968,-145.8943326,-63.10838375,-112.0349018,-54.96021388,-69.69445422,-106.8136010,-122.0556078,-179.8792418,-173.6452801,-141.4410751,-122.0956457,-51.14125339,-28.19114191,-24.37797563,4.943850074,-97.42839292,-21.74545627,-37.27248284,-51.71089507,-22.75505170,-29.19437200,-85.57297083,-135.8448025,-21.24754562,-191.6036307,-308.8802272,-357.6519675,-232.6440998,-163.1900611,-171.2010619
1247.083333333,-45.85011682,-23.65213268,-56.92009825,-42.94721358,-3.782383549,-0.3542853675,11.53597149,-1.469105312,-13.68204000,16.46045264,9.421116272,37.09081465,29.59185659,5.456359689,-19.76000162,11.94330606,3.354866280,21.73112046,1.423889550,8.992402961,23.21277028,50.89182084,62.04952050,88.77347767,21.31518606,80.94070365,110.6017028,124.4285908,155.3815330,185.0856961,52.63580882,165.5666677,222.0284663,269.7130256,185.6257438,170.4745537,376.2898951,428.7447010,570.5468263,335.8218315,44.22019271,249.1659364,187.6673657,17.35714535,50.69249254,-1.183854733,-124.3104883,20.13871379,-178.2374291,-38.16560356,-132.4093122,-132.6100970,-56.17084096,-106.2592317,-143.5625802,-44.81599919,-184.3841596,-281.0654618,-222.3354769,-139.5710672,-268.4409761,-88.72514186,-180.4260447,-273.0217092,-224.0478864,-206.8139427,-266.5697302,-208.9552966,-187.0596278,-7.274912274,-187.1188657,-137.1999464,-41.77573346,-110.6881960,-125.7005008,-93.76171869,-25.21164292,-101.3482674,-100.9394316,-86.02975342,-65.48730261,-82.37041979,-20.26018872,16.09557361,-12.27385076,54.08347565,-26.64964681,20.78943897,-62.79308380,-146.2092682,-84.09954177,-240.5859517,-49.80737291,-209.6139928,-113.2857044,-302.1035617,-335.0274107,-91.80611433,-237.0245249,-211.0177749,-163.4140945,-83.90232592,-155.4295656,-65.87118794,-118.5559939,-59.47740580,-73.10074604,-113.5504450,-127.8307291,-186.1961128,-179.7152263,-147.7052190,-128.4772557,-54.72192065,-32.28309907,-31.19469496,3.828809919,-103.5358868,-24.87655465,-41.26469215,-56.89212433,-23.94087757,-33.76712522,-90.61201464,-141.5136082,-22.86745939,-200.8215510,-317.9350787,-371.0729295,-240.2562152,-169.2716986,-176.1446594
1277.500000000,-80.00146037,-34.27552518,-73.79931830,-63.76496841,-14.91625813,-10.44383496,-6.459794766,-2.731357587,-26.89028510,2.991640052,3.400356726,28.78677738,15.87167426,4.006911231,-33.31512591,-0.2492368732,2.295224940,11.92566187,-9.148223606,4.896103941,15.15124470,40.07563051,51.71333171,77.79536080,19.09561021,70.90742308,100.1492327,114.2894709,145.1727039,174.5262542,50.17635151,156.9793403,212.1785552,260.0842943,180.1472214,164.9887644,366.7667074,419.8541279,561.7234040,327.9362883,43.21907361,240.5695886,179.9491623,10.05763755,42.93572497,-1.236603805,-133.2839461,16.83525074,-184.7372274,-44.36519933,-136.5620156,-141.0548708,-58.20206658,-113.8102972,-149.6576563,-48.64693969,-192.3772636,-289.7744719,-229.5229402,-144.3942868,-279.2625664,-92.77261734,-189.2205869,-283.3935133,-232.7821936,-214.9804862,-274.3851475,-216.3752813,-194.7103641,-7.628317327,-195.6720386,-144.5952866,-44.64623274,-116.7923229,-133.5953034,-101.0496598,-27.97502795,-108.0853136,-109.1570449,-94.06972734,-73.36854254,-93.67488746,-23.35831144,6.590493113,-15.07363582,44.99871325,-29.34741558,11.77662651,-65.38316706,-155.3196688,-86.71044466,-249.8843374,-52.39634462,-220.0891670,-116.9773319,-309.3717147,-343.4940087,-94.25493408,-245.1857220,-219.0752591,-170.6900071,-88.42972177,-161.9678272,-67.81230292,-123.2295067,-62.75132493,-75.63557293,-118.6163161,-132.2115957,-191.0203867,-184.3736169,-152.5396917,-133.4205640,-57.50940980,-35.42034763,-36.47383899,2.959310962,-108.2189675,-27.29451141,-44.31024328,-60.88105892,-24.85934363,-37.32186305,-94.52858542,-145.8984838,-24.11285918,-207.8659380,-324.7785066,-381.0752934,-245.9129858,-173.7962486,-179.8300179
1307.916666667,-37.06256567,-21.00396342,-52.87197059,-38.09538739,-1.245272220,1.776848778,15.28931761,-1.207751756,-11.20879853,19.00172108,10.40799957,38.47541762,31.51980811,5.659138708,-18.22391016,13.21567516,3.457395972,23.04856054,2.830599398,9.548890103,23.95533120,51.89508889,63.01161723,89.81724772,21.53324543,81.46635339,111.1331097,124.9165041,155.7859097,185.4148081,52.67839070,166.1563021,222.5881855,270.1049907,185.7510382,170.9033297,376.8658449,429.1734401,570.7996247,335.8978783,44.28939712,249.5684764,187.8742989,17.35856393,50.45946321,-1.181934706,-124.2298891,20.06933429,-177.9841799,-38.17008844,-132.1615114,-132.4363219,-56.02230741,-106.0327514,-143.0593920,-44.67196542,-183.7891667,-280.0528898,-221.2854843,-138.9994745,-266.7802798,-88.20066039,-178.9823903,-271.4599553,-222.8193626,-205.7746723,-265.6439609,-208.1872960,-186.3570405,-7.250108479,-186.0112692,-136.3907609,-41.53121742,-109.8243186,-124.6665682,-92.89890322,-24.92959581,-100.3172082,-99.75895651,-84.89847005,-64.37672742,-80.75987949,-19.80236247,17.24211393,-11.90115551,55.02451134,-26.31962376,21.65939684,-62.50463409,-145.4456338,-83.83526221,-239.8723918,-49.57448347,-208.8455018,-113.1112005,-301.6161825,-334.6228167,-91.74124700,-236.6672216,-210.8056538,-163.3631175,-83.93201524,-155.5774151,-65.95438492,-118.8222126,-59.69113380,-73.32166029,-114.0325138,-128.2775218,-186.7174150,-180.2394689,-148.2700784,-129.0695604,-55.06877950,-32.62921854,-31.81273221,3.722538994,-104.0352166,-25.14657327,-41.56756942,-57.31130253,-24.04535210,-34.17440217,-91.08508896,-142.0546799,-23.01445243,-201.6503724,-318.6925146,-372.0910895,-240.8100627,-169.7059864,-176.4887774
1338.333333333,-74.97423949,-32.71540382,-71.34009639,-60.73491739,-13.29497592,-8.988642569,-3.860384482,-2.549073427,-24.99866718,4.918004912,4.251933743,29.95986346,17.78708894,4.208468857,-31.45692251,1.411639387,2.438720351,13.27937557,-7.694029259,5.460053825,16.23760476,41.53317027,53.10608776,79.27633489,19.39565664,72.22711472,101.5217576,115.6181338,146.5020851,175.8930929,50.49128948,158.1182124,213.4742428,261.3360557,180.8498961,165.7200828,368.0198820,421.0148190,562.8609170,328.9447889,43.35308652,241.7034635,180.9637863,11.00464094,43.92262226,-1.229548225,-132.1155926,17.25508670,-183.8793033,-43.57314456,-136.0097365,-139.9667293,-57.93079620,-112.8322554,-148.8395004,-48.14907775,-191.3115361,-288.5812957,-228.5190172,-143.7338120,-277.7439752,-92.21422170,-187.9771528,-281.9412705,-231.5680814,-213.8554022,-273.3150878,-215.3695488,-193.6817538,-7.581516116,-194.4896740,-143.5867586,-44.26110622,-115.9396651,-132.4997895,-100.0465584,-27.59888974,-107.1351326,-108.0050887,-92.94444428,-72.26451111,-92.08791901,-22.92149000,7.907131129,-14.68239792,46.24304897,-28.97316980,13.00568306,-65.02619844,-154.0876781,-86.35297481,-248.6328675,-52.04419788,-218.6806567,-116.4901072,-308.3975411,-342.3752337,-93.93635570,-244.1077043,-218.0237012,-169.7532328,-87.85244807,-161.1474653,-67.57387226,-122.6610068,-62.35575808,-75.33635033,-118.0226743,-131.7016764,-190.4627087,-183.8371708,-151.9839971,-132.8532885,-57.19101323,-35.05667565,-35.86500047,3.059150557,-107.6718910,-27.01321795,-43.95046479,-60.41215618,-24.75267315,-36.90886656,-94.07784937,-145.3964884,-23.96950329,-207.0561257,-323.9865710,-379.9083025,-245.2507576,-173.2653353,-179.3959143
1368.750000000,-90.18777227,-37.44615537,-78.82419778,-69.97155719,-18.24358903,-13.45884608,-11.85005209,-3.109451001,-30.86407883,-1.047073167,1.586928533,26.29631357,11.73663717,3.573265094,-37.35577974,-3.903402696,1.976517681,8.994496859,-12.30083032,3.677218231,12.72710844,36.82781817,48.61236565,74.50547265,18.43089819,67.87752751,96.99595140,111.2313497,142.0935323,171.3397552,49.43424563,154.4030126,209.2210238,257.1919890,178.5010895,163.3482543,363.9182729,417.1913311,559.0742169,325.5516589,42.91654029,237.9674785,177.5838442,7.804414525,40.52971674,-1.252910678,-136.0361111,15.82856296,-186.7062159,-46.23104728,-137.8105254,-143.5878587,-58.80976902,-116.0710639,-151.4777224,-49.78980275,-194.7596712,-292.3666012,-231.6625427,-145.8259402,-282.4837786,-93.97405049,-191.8412475,-286.4774153,-235.3750484,-217.4019429,-276.7000956,-218.5703997,-196.9711227,-7.732532104,-198.2090849,-146.7847282,-45.49456118,-118.6082657,-135.9426158,-103.2138326,-28.79388776,-110.0952092,-111.6061794,-96.46627400,-75.71983513,-97.05355754,-24.28608077,3.752389272,-15.91152295,42.28981302,-30.15380583,9.089515986,-66.15740504,-158.0345236,-87.49057612,-252.6545351,-53.17038482,-223.2155599,-118.0760782,-311.5440472,-346.0180447,-94.98324031,-247.6268923,-221.4828763,-172.8616813,-89.78012943,-163.9059548,-68.38375099,-124.6071682,-63.71637000,-76.37951162,-120.1035475,-133.4977065,-192.4361301,-185.7429328,-153.9659304,-134.8824838,-58.33565971,-36.34655129,-38.03704826,2.701143480,-109.6053187,-28.01153907,-45.21303858,-62.06395683,-25.13206236,-38.37844096,-95.69782728,-147.2124190,-24.48683576,-209.9890624,-326.8462333,-384.1066913,-247.6207376,-175.1555600,-180.9307628
1399.166666667,-63.82670906,-29.27948724,-65.96876754,-54.15381236,-9.790955633,-5.893003696,1.654158808,-2.163045015,-21.07738990,8.920764208,5.975289239,32.34230258,21.56535584,4.606360671,-27.90085727,4.559944251,2.708497067,15.93748775,-4.839790676,6.572089231,18.27401861,44.27294952,55.72928333,82.07987946,19.96645046,74.59549426,103.9865901,117.9992319,148.8633933,178.2971691,51.03617577,160.2243767,215.8390389,263.5795944,182.0829233,167.0923439,370.3273746,423.1235211,564.8831600,330.6976771,43.60284902,243.7693096,182.7725895,12.64476530,45.57212868,-1.216779119,-130.0595247,17.96941032,-182.3155431,-42.18771097,-134.9787572,-138.0102491,-57.41664802,-111.0512098,-147.2721089,-47.23211413,-189.2797907,-286.2264924,-226.4943205,-142.4260900,-274.6635875,-91.09864295,-185.4363767,-278.9966492,-229.1214763,-211.6085244,-271.1915091,-213.3961408,-191.6811081,-7.491967835,-192.1269337,-141.5998823,-43.51630282,-114.2267059,-130.3154435,-98.06400982,-26.86392628,-105.2168879,-105.6945436,-90.69380676,-70.06050903,-88.92574137,-22.05181513,10.48411353,-13.91280205,48.64560584,-28.24367326,15.35897092,-64.33788658,-151.7565801,-85.67083194,-246.2870177,-51.38107256,-216.0621475,-115.6025293,-306.6065419,-340.3492562,-93.36932163,-242.1786458,-216.1721603,-168.1343264,-86.86874124,-159.7563997,-67.17258735,-121.7234346,-61.71060889,-74.85581171,-117.0809060,-130.9010686,-189.5950998,-183.0104159,-151.1375502,-131.9959494,-56.71571527,-34.50167432,-34.94692953,3.208094453,-106.8351080,-26.58653792,-43.39655541,-59.69518295,-24.59149901,-36.28625011,-93.40922277,-144.6604215,-23.75852342,-205.8735341,-322.8248379,-378.1859369,-244.2600640,-172.4614550,-178.7291762
1429.583333333,-65.42530929,-29.73321859,-66.60642004,-54.86726058,-10.13957250,-6.126671667,1.271968578,-2.187734271,-21.21204989,8.792639295,5.984092589,32.35794598,21.74420538,4.628101275,-27.54702515,4.944895717,2.746603963,16.12911640,-4.619127827,6.652739963,18.59064926,44.69737925,56.13582047,82.50356952,20.04924176,75.18582337,104.6153972,118.6256035,149.5414757,179.0454318,51.22851703,160.6804794,216.4229782,264.2328388,182.5061892,167.3631856,370.8871561,423.7043243,565.5525288,331.3735888,43.65759223,244.3435722,183.3664809,13.31097145,46.41035899,-1.212936648,-129.2611563,18.31958965,-181.8337086,-41.58746330,-134.7128147,-137.2783214,-57.29984441,-110.4284049,-146.9492486,-46.92744472,-188.8123110,-285.9303695,-226.3794629,-142.2661693,-274.5369737,-90.99035827,-185.3907083,-278.8511025,-228.9438690,-211.3737801,-270.9243685,-213.0745892,-191.2942802,-7.469315259,-191.8924293,-141.3052864,-43.35880620,-114.1093237,-130.1120871,-97.81833521,-26.74202072,-105.1407358,-105.5534227,-90.54299678,-69.91860368,-88.74404221,-22.01686850,10.75999247,-13.85710626,49.00301826,-28.17302119,15.74484037,-64.25461313,-151.3004212,-85.57275684,-245.7912411,-51.26921633,-215.4988708,-115.3417862,-306.1989985,-339.7684691,-93.16757441,-241.6171398,-215.5307558,-167.4681888,-86.41709174,-159.0203299,-66.92366955,-121.0901196,-61.25258372,-74.46242908,-116.2754185,-130.1905345,-188.7996939,-182.2345786,-150.3256881,-131.1610838,-56.24125832,-33.98923393,-34.06809944,3.354589920,-106.0808647,-26.19082132,-42.91791850,-59.05480570,-24.44035030,-35.70027870,-92.76078479,-143.9395905,-23.55905562,-204.7648153,-321.7859076,-376.7374540,-243.4402859,-171.7975424,-178.1807806
1460.000000000,-69.57311740,-31.05303237,-68.74703749,-57.56130653,-11.60598263,-7.500711531,-1.209459645,-2.363600816,-23.11862774,6.835556998,5.075478819,31.09714367,19.58567331,4.397608328,-29.77159283,2.900205912,2.566026212,14.53993659,-6.341813199,5.986829664,17.19681684,42.82330382,54.34112763,80.59652255,19.66455303,73.33497302,102.6741816,116.7307671,147.6035781,177.0126326,50.74427190,159.1053497,214.5801819,262.3818370,181.4224360,166.3639093,369.0987765,421.9984025,563.8004557,329.7565229,43.47016495,242.6676671,181.8060012,11.76452494,44.68151881,-1.223587098,-131.1626473,17.58359271,-183.1511775,-42.93442012,-135.5284201,-139.0619224,-57.69038454,-112.0075680,-148.1056893,-47.72426278,-190.3625671,-287.4720358,-227.5595808,-143.1178055,-276.2823169,-91.68761207,-186.7689750,-280.5453493,-230.4108270,-212.7958286,-272.3156804,-214.4440807,-192.7462121,-7.539878869,-193.3754936,-142.6541920,-43.91361300,-115.1296574,-131.4692918,-99.11415963,-27.25470380,-106.2256590,-106.9119948,-91.88031809,-71.22220755,-90.59129918,-22.50916119,9.120795244,-14.31868816,47.36989960,-28.62928674,14.10765590,-64.70249935,-152.9994098,-86.03289838,-247.5394804,-51.73378225,-217.4604924,-116.0796646,-307.5638693,-341.4376556,-93.67570546,-243.2150348,-217.1714340,-169.0126663,-87.40445410,-160.5184209,-67.39393085,-122.2425272,-62.06862033,-75.12431726,-117.6081985,-131.3500878,-190.0823426,-183.4750271,-151.6134657,-132.4781052,-56.98307206,-34.81341910,-35.46305139,3.124332117,-107.3047177,-26.82624243,-43.70716091,-60.09792846,-24.68206409,-36.63619849,-93.78417201,-145.0720023,-23.87617511,-206.5307637,-323.4681387,-379.1353347,-244.8069923,-172.9065520,-179.0996633
