,sidx,idx_strs,pargp9,parval1_9,9
0,"(183, 0, 193, 258)",idx0:183_idx1:0_idx2:193_idx3:258,sfr_rhk,1.0,1.0000000000000000000000000000000000000000000000000000000000000
1,"(397, 0, 117, 210)",idx0:397_idx1:0_idx2:117_idx3:210,sfr_rhk,1.0,1.0000000000000000000000000000000000000000000000000000000000000
2,"(617, 0, 37, 100)",idx0:617_idx1:0_idx2:37_idx3:100,sfr_rhk,1.0,1.000000000000000000000000000000000000000000000000000000000000
3,"(648, 0, 23, 84)",idx0:648_idx1:0_idx2:23_idx3:84,sfr_rhk,1.0,1.00000000000000000000000000000000000000000000000000000000000
4,"(23, 0, 169, 363)",idx0:23_idx1:0_idx2:169_idx3:363,sfr_rhk,1.0,1.000000000000000000000000000000000000000000000000000000000000
5,"(470, 0, 115, 160)",idx0:470_idx1:0_idx2:115_idx3:160,sfr_rhk,1.0,1.0000000000000000000000000000000000000000000000000000000000000
6,"(342, 0, 127, 223)",idx0:342_idx1:0_idx2:127_idx3:223,sfr_rhk,1.0,1.0000000000000000000000000000000000000000000000000000000000000
7,"(673, 0, 11, 71)",idx0:673_idx1:0_idx2:11_idx3:71,sfr_rhk,1.0,1.00000000000000000000000000000000000000000000000000000000000
8,"(646, 0, 24, 85)",idx0:646_idx1:0_idx2:24_idx3:85,sfr_rhk,1.0,1.00000000000000000000000000000000000000000000000000000000000
9,"(288, 0, 152, 225)",idx0:288_idx1:0_idx2:152_idx3:225,sfr_rhk,1.0,1.0000000000000000000000000000000000000000000000000000000000000
10,"(139, 0, 178, 284)",idx0:139_idx1:0_idx2:178_idx3:284,sfr_rhk,1.0,1.0000000000000000000000000000000000000000000000000000000000000
11,"(332, 0, 127, 229)",idx0:332_idx1:0_idx2:127_idx3:229,sfr_rhk,1.0,1.0000000000000000000000000000000000000000000000000000000000000
12,"(618, 0, 36, 100)",idx0:618_idx1:0_idx2:36_idx3:100,sfr_rhk,1.0,1.000000000000000000000000000000000000000000000000000000000000
13,"(671, 0, 12, 72)",idx0:671_idx1:0_idx2:12_idx3:72,sfr_rhk,1.0,1.00000000000000000000000000000000000000000000000000000000000
14,"(99, 0, 164, 309)",idx0:99_idx1:0_idx2:164_idx3:309,sfr_rhk,1.0,1.000000000000000000000000000000000000000000000000000000000000
15,"(159, 0, 190, 276)",idx0:159_idx1:0_idx2:190_idx3:276,sfr_rhk,1.0,1.0000000000000000000000000000000000000000000000000000000000000
16,"(690, 0, 3, 62)",idx0:690_idx1:0_idx2:3_idx3:62,sfr_rhk,1.0,1.0000000000000000000000000000000000000000000000000000000000
17,"(374, 0, 115, 223)",idx0:374_idx1:0_idx2:115_idx3:223,sfr_rhk,1.0,1.0000000000000000000000000000000000000000000000000000000000000
18,"(633, 0, 31, 91)",idx0:633_idx1:0_idx2:31_idx3:91,sfr_rhk,1.0,1.00000000000000000000000000000000000000000000000000000000000
19,"(507, 0, 90, 156)",idx0:507_idx1:0_idx2:90_idx3:156,sfr_rhk,1.0,1.000000000000000000000000000000000000000000000000000000000000
20,"(513, 0, 87, 153)",idx0:513_idx1:0_idx2:87_idx3:153,sfr_rhk,1.0,1.000000000000000000000000000000000000000000000000000000000000
21,"(333, 0, 126, 229)",idx0:333_idx1:0_idx2:126_idx3:229,sfr_rhk,1.0,1.0000000000000000000000000000000000000000000000000000000000000
22,"(538, 0, 72, 143)",idx0:538_idx1:0_idx2:72_idx3:143,sfr_rhk,1.0,1.000000000000000000000000000000000000000000000000000000000000
23,"(13, 0, 172, 370)",idx0:13_idx1:0_idx2:172_idx3:370,sfr_rhk,1.0,1.000000000000000000000000000000000000000000000000000000000000
24,"(205, 0, 199, 242)",idx0:205_idx1:0_idx2:199_idx3:242,sfr_rhk,1.0,1.0000000000000000000000000000000000000000000000000000000000000
25,"(639, 0, 28, 88)",idx0:639_idx1:0_idx2:28_idx3:88,sfr_rhk,1.0,1.00000000000000000000000000000000000000000000000000000000000
26,"(31, 0, 164, 360)",idx0:31_idx1:0_idx2:164_idx3:360,sfr_rhk,1.0,1.000000000000000000000000000000000000000000000000000000000000
27,"(440, 0, 121, 182)",idx0:440_idx1:0_idx2:121_idx3:182,sfr_rhk,1.0,1.0000000000000000000000000000000000000000000000000000000000000
28,"(438, 0, 122, 183)",idx0:438_idx1:0_idx2:122_idx3:183,sfr_rhk,1.0,1.0000000000000000000000000000000000000000000000000000000000000
29,"(532, 0, 75, 146)",idx0:532_idx1:0_idx2:75_idx3:146,sfr_rhk,1.0,1.000000000000000000000000000000000000000000000000000000000000
30,"(14, 0, 171, 370)",idx0:14_idx1:0_idx2:171_idx3:370,sfr_rhk,1.0,1.000000000000000000000000000000000000000000000000000000000000
31,"(80, 0, 160, 324)",idx0:80_idx1:0_idx2:160_idx3:324,sfr_rhk,1.0,1.000000000000000000000000000000000000000000000000000000000000
32,"(306, 0, 139, 220)",idx0:306_idx1:0_idx2:139_idx3:220,sfr_rhk,1.0,1.0000000000000000000000000000000000000000000000000000000000000
33,"(563, 0, 58, 132)",idx0:563_idx1:0_idx2:58_idx3:132,sfr_rhk,1.0,1.000000000000000000000000000000000000000000000000000000000000
34,"(5, 0, 174, 376)",idx0:5_idx1:0_idx2:174_idx3:376,sfr_rhk,1.0,1.00000000000000000000000000000000000000000000000000000000000
35,"(662, 0, 17, 76)",idx0:662_idx1:0_idx2:17_idx3:76,sfr_rhk,1.0,1.00000000000000000000000000000000000000000000000000000000000
36,"(260, 0, 170, 218)",idx0:260_idx1:0_idx2:170_idx3:218,sfr_rhk,1.0,1.0000000000000000000000000000000000000000000000000000000000000
37,"(530, 0, 76, 147)",idx0:530_idx1:0_idx2:76_idx3:147,sfr_rhk,1.0,1.000000000000000000000000000000000000000000000000000000000000
38,"(12, 0, 172, 371)",idx0:12_idx1:0_idx2:172_idx3:371,sfr_rhk,1.0,1.000000000000000000000000000000000000000000000000000000000000
39,"(304, 0, 140, 221)",idx0:304_idx1:0_idx2:140_idx3:221,sfr_rhk,1.0,1.0000000000000000000000000000000000000000000000000000000000000
40,"(208, 0, 199, 239)",idx0:208_idx1:0_idx2:199_idx3:239,sfr_rhk,1.0,1.0000000000000000000000000000000000000000000000000000000000000
41,"(367, 0, 118, 219)",idx0:367_idx1:0_idx2:118_idx3:219,sfr_rhk,1.0,1.0000000000000000000000000000000000000000000000000000000000000
42,"(391, 0, 113, 212)",idx0:391_idx1:0_idx2:113_idx3:212,sfr_rhk,1.0,1.0000000000000000000000000000000000000000000000000000000000000
43,"(663, 0, 16, 76)",idx0:663_idx1:0_idx2:16_idx3:76,sfr_rhk,1.0,1.00000000000000000000000000000000000000000000000000000000000
44,"(158, 0, 190, 277)",idx0:158_idx1:0_idx2:190_idx3:277,sfr_rhk,1.0,1.0000000000000000000000000000000000000000000000000000000000000
45,"(682, 0, 7, 66)",idx0:682_idx1:0_idx2:7_idx3:66,sfr_rhk,1.0,1.0000000000000000000000000000000000000000000000000000000000
46,"(185, 0, 194, 257)",idx0:185_idx1:0_idx2:194_idx3:257,sfr_rhk,1.0,1.0000000000000000000000000000000000000000000000000000000000000
47,"(344, 0, 126, 222)",idx0:344_idx1:0_idx2:126_idx3:222,sfr_rhk,1.0,1.0000000000000000000000000000000000000000000000000000000000000
48,"(401, 0, 120, 211)",idx0:401_idx1:0_idx2:120_idx3:211,sfr_rhk,1.0,1.0000000000000000000000000000000000000000000000000000000000000
49,"(456, 0, 119, 170)",idx0:456_idx1:0_idx2:119_idx3:170,sfr_rhk,1.0,1.0000000000000000000000000000000000000000000000000000000000000
50,"(459, 0, 118, 168)",idx0:459_idx1:0_idx2:118_idx3:168,sfr_rhk,1.0,1.0000000000000000000000000000000000000000000000000000000000000
51,"(523, 0, 80, 150)",idx0:523_idx1:0_idx2:80_idx3:150,sfr_rhk,1.0,1.000000000000000000000000000000000000000000000000000000000000
52,"(30, 0, 164, 361)",idx0:30_idx1:0_idx2:164_idx3:361,sfr_rhk,1.0,1.000000000000000000000000000000000000000000000000000000000000
53,"(454, 0, 120, 171)",idx0:454_idx1:0_idx2:120_idx3:171,sfr_rhk,1.0,1.0000000000000000000000000000000000000000000000000000000000000
54,"(116, 0, 167, 296)",idx0:116_idx1:0_idx2:167_idx3:296,sfr_rhk,1.0,1.0000000000000000000000000000000000000000000000000000000000000
55,"(632, 0, 31, 92)",idx0:632_idx1:0_idx2:31_idx3:92,sfr_rhk,1.0,1.00000000000000000000000000000000000000000000000000000000000
56,"(492, 0, 100, 158)",idx0:492_idx1:0_idx2:100_idx3:158,sfr_rhk,1.0,1.0000000000000000000000000000000000000000000000000000000000000
57,"(387, 0, 112, 215)",idx0:387_idx1:0_idx2:112_idx3:215,sfr_rhk,1.0,1.0000000000000000000000000000000000000000000000000000000000000
58,"(404, 0, 122, 210)",idx0:404_idx1:0_idx2:122_idx3:210,sfr_rhk,1.0,1.0000000000000000000000000000000000000000000000000000000000000
59,"(0, 0, 176, 379)",idx0:0_idx1:0_idx2:176_idx3:379,sfr_rhk,1.0,1.00000000000000000000000000000000000000000000000000000000000
60,"(63, 0, 159, 337)",idx0:63_idx1:0_idx2:159_idx3:337,sfr_rhk,1.0,1.000000000000000000000000000000000000000000000000000000000000
61,"(473, 0, 114, 158)",idx0:473_idx1:0_idx2:114_idx3:158,sfr_rhk,1.0,1.0000000000000000000000000000000000000000000000000000000000000
62,"(168, 0, 190, 269)",idx0:168_idx1:0_idx2:190_idx3:269,sfr_rhk,1.0,1.0000000000000000000000000000000000000000000000000000000000000
63,"(654, 0, 21, 80)",idx0:654_idx1:0_idx2:21_idx3:80,sfr_rhk,1.0,1.00000000000000000000000000000000000000000000000000000000000
64,"(593, 0, 44, 117)",idx0:593_idx1:0_idx2:44_idx3:117,sfr_rhk,1.0,1.000000000000000000000000000000000000000000000000000000000000
65,"(49, 0, 162, 348)",idx0:49_idx1:0_idx2:162_idx3:348,sfr_rhk,1.0,1.000000000000000000000000000000000000000000000000000000000000
66,"(623, 0, 35, 96)",idx0:623_idx1:0_idx2:35_idx3:96,sfr_rhk,1.0,1.00000000000000000000000000000000000000000000000000000000000
67,"(24, 0, 168, 363)",idx0:24_idx1:0_idx2:168_idx3:363,sfr_rhk,1.0,1.000000000000000000000000000000000000000000000000000000000000
68,"(103, 0, 165, 306)",idx0:103_idx1:0_idx2:165_idx3:306,sfr_rhk,1.0,1.0000000000000000000000000000000000000000000000000000000000000
69,"(213, 0, 197, 237)",idx0:213_idx1:0_idx2:197_idx3:237,sfr_rhk,1.0,1.0000000000000000000000000000000000000000000000000000000000000
70,"(173, 0, 191, 266)",idx0:173_idx1:0_idx2:191_idx3:266,sfr_rhk,1.0,1.0000000000000000000000000000000000000000000000000000000000000
71,"(674, 0, 11, 70)",idx0:674_idx1:0_idx2:11_idx3:70,sfr_rhk,1.0,1.00000000000000000000000000000000000000000000000000000000000
72,"(565, 0, 57, 131)",idx0:565_idx1:0_idx2:57_idx3:131,sfr_rhk,1.0,1.000000000000000000000000000000000000000000000000000000000000
73,"(238, 0, 185, 224)",idx0:238_idx1:0_idx2:185_idx3:224,sfr_rhk,1.0,1.0000000000000000000000000000000000000000000000000000000000000
74,"(129, 0, 173, 289)",idx0:129_idx1:0_idx2:173_idx3:289,sfr_rhk,1.0,1.0000000000000000000000000000000000000000000000000000000000000
75,"(211, 0, 198, 238)",idx0:211_idx1:0_idx2:198_idx3:238,sfr_rhk,1.0,1.0000000000000000000000000000000000000000000000000000000000000
76,"(122, 0, 170, 293)",idx0:122_idx1:0_idx2:170_idx3:293,sfr_rhk,1.0,1.0000000000000000000000000000000000000000000000000000000000000
77,"(291, 0, 149, 225)",idx0:291_idx1:0_idx2:149_idx3:225,sfr_rhk,1.0,1.0000000000000000000000000000000000000000000000000000000000000
78,"(135, 0, 176, 286)",idx0:135_idx1:0_idx2:176_idx3:286,sfr_rhk,1.0,1.0000000000000000000000000000000000000000000000000000000000000
79,"(236, 0, 186, 225)",idx0:236_idx1:0_idx2:186_idx3:225,sfr_rhk,1.0,1.0000000000000000000000000000000000000000000000000000000000000
80,"(243, 0, 182, 223)",idx0:243_idx1:0_idx2:182_idx3:223,sfr_rhk,1.0,1.0000000000000000000000000000000000000000000000000000000000000
81,"(338, 0, 125, 225)",idx0:338_idx1:0_idx2:125_idx3:225,sfr_rhk,1.0,1.0000000000000000000000000000000000000000000000000000000000000
82,"(675, 0, 10, 70)",idx0:675_idx1:0_idx2:10_idx3:70,sfr_rhk,1.0,1.00000000000000000000000000000000000000000000000000000000000
83,"(420, 0, 120, 199)",idx0:420_idx1:0_idx2:120_idx3:199,sfr_rhk,1.0,1.0000000000000000000000000000000000000000000000000000000000000
84,"(19, 0, 170, 366)",idx0:19_idx1:0_idx2:170_idx3:366,sfr_rhk,1.0,1.000000000000000000000000000000000000000000000000000000000000
85,"(399, 0, 118, 211)",idx0:399_idx1:0_idx2:118_idx3:211,sfr_rhk,1.0,1.0000000000000000000000000000000000000000000000000000000000000
86,"(164, 0, 191, 272)",idx0:164_idx1:0_idx2:191_idx3:272,sfr_rhk,1.0,1.0000000000000000000000000000000000000000000000000000000000000
87,"(305, 0, 140, 220)",idx0:305_idx1:0_idx2:140_idx3:220,sfr_rhk,1.0,1.0000000000000000000000000000000000000000000000000000000000000
88,"(640, 0, 27, 88)",idx0:640_idx1:0_idx2:27_idx3:88,sfr_rhk,1.0,1.00000000000000000000000000000000000000000000000000000000000
89,"(535, 0, 74, 144)",idx0:535_idx1:0_idx2:74_idx3:144,sfr_rhk,1.0,1.000000000000000000000000000000000000000000000000000000000000
90,"(87, 0, 162, 319)",idx0:87_idx1:0_idx2:162_idx3:319,sfr_rhk,1.0,1.000000000000000000000000000000000000000000000000000000000000
91,"(556, 0, 62, 135)",idx0:556_idx1:0_idx2:62_idx3:135,sfr_rhk,1.0,1.000000000000000000000000000000000000000000000000000000000000
92,"(577, 0, 50, 126)",idx0:577_idx1:0_idx2:50_idx3:126,sfr_rhk,1.0,1.000000000000000000000000000000000000000000000000000000000000
93,"(165, 0, 190, 272)",idx0:165_idx1:0_idx2:190_idx3:272,sfr_rhk,1.0,1.0000000000000000000000000000000000000000000000000000000000000
94,"(408, 0, 122, 207)",idx0:408_idx1:0_idx2:122_idx3:207,sfr_rhk,1.0,1.0000000000000000000000000000000000000000000000000000000000000
95,"(91, 0, 163, 316)",idx0:91_idx1:0_idx2:163_idx3:316,sfr_rhk,1.0,1.000000000000000000000000000000000000000000000000000000000000
96,"(656, 0, 20, 79)",idx0:656_idx1:0_idx2:20_idx3:79,sfr_rhk,1.0,1.00000000000000000000000000000000000000000000000000000000000
97,"(350, 0, 124, 218)",idx0:350_idx1:0_idx2:124_idx3:218,sfr_rhk,1.0,1.0000000000000000000000000000000000000000000000000000000000000
98,"(231, 0, 188, 228)",idx0:231_idx1:0_idx2:188_idx3:228,sfr_rhk,1.0,1.0000000000000000000000000000000000000000000000000000000000000
99,"(142, 0, 180, 283)",idx0:142_idx1:0_idx2:180_idx3:283,sfr_rhk,1.0,1.0000000000000000000000000000000000000000000000000000000000000
100,"(412, 0, 120, 205)",idx0:412_idx1:0_idx2:120_idx3:205,sfr_rhk,1.0,1.0000000000000000000000000000000000000000000000000000000000000
101,"(52, 0, 162, 345)",idx0:52_idx1:0_idx2:162_idx3:345,sfr_rhk,1.0,1.000000000000000000000000000000000000000000000000000000000000
102,"(256, 0, 174, 218)",idx0:256_idx1:0_idx2:174_idx3:218,sfr_rhk,1.0,1.0000000000000000000000000000000000000000000000000000000000000
103,"(547, 0, 67, 139)",idx0:547_idx1:0_idx2:67_idx3:139,sfr_rhk,1.0,1.000000000000000000000000000000000000000000000000000000000000
104,"(368, 0, 118, 220)",idx0:368_idx1:0_idx2:118_idx3:220,sfr_rhk,1.0,1.0000000000000000000000000000000000000000000000000000000000000
105,"(229, 0, 189, 229)",idx0:229_idx1:0_idx2:189_idx3:229,sfr_rhk,1.0,1.0000000000000000000000000000000000000000000000000000000000000
106,"(280, 0, 160, 225)",idx0:280_idx1:0_idx2:160_idx3:225,sfr_rhk,1.0,1.0000000000000000000000000000000000000000000000000000000000000
107,"(524, 0, 79, 150)",idx0:524_idx1:0_idx2:79_idx3:150,sfr_rhk,1.0,1.000000000000000000000000000000000000000000000000000000000000
108,"(252, 0, 177, 219)",idx0:252_idx1:0_idx2:177_idx3:219,sfr_rhk,1.0,1.0000000000000000000000000000000000000000000000000000000000000
109,"(585, 0, 46, 123)",idx0:585_idx1:0_idx2:46_idx3:123,sfr_rhk,1.0,1.000000000000000000000000000000000000000000000000000000000000
110,"(112, 0, 166, 299)",idx0:112_idx1:0_idx2:166_idx3:299,sfr_rhk,1.0,1.0000000000000000000000000000000000000000000000000000000000000
111,"(250, 0, 178, 220)",idx0:250_idx1:0_idx2:178_idx3:220,sfr_rhk,1.0,1.0000000000000000000000000000000000000000000000000000000000000
112,"(73, 0, 159, 330)",idx0:73_idx1:0_idx2:159_idx3:330,sfr_rhk,1.0,1.000000000000000000000000000000000000000000000000000000000000
113,"(7, 0, 174, 374)",idx0:7_idx1:0_idx2:174_idx3:374,sfr_rhk,1.0,1.00000000000000000000000000000000000000000000000000000000000
114,"(302, 0, 141, 222)",idx0:302_idx1:0_idx2:141_idx3:222,sfr_rhk,1.0,1.0000000000000000000000000000000000000000000000000000000000000
115,"(487, 0, 105, 158)",idx0:487_idx1:0_idx2:105_idx3:158,sfr_rhk,1.0,1.0000000000000000000000000000000000000000000000000000000000000
116,"(145, 0, 182, 282)",idx0:145_idx1:0_idx2:182_idx3:282,sfr_rhk,1.0,1.0000000000000000000000000000000000000000000000000000000000000
117,"(474, 0, 113, 158)",idx0:474_idx1:0_idx2:113_idx3:158,sfr_rhk,1.0,1.0000000000000000000000000000000000000000000000000000000000000
118,"(426, 0, 121, 194)",idx0:426_idx1:0_idx2:121_idx3:194,sfr_rhk,1.0,1.0000000000000000000000000000000000000000000000000000000000000
119,"(294, 0, 147, 224)",idx0:294_idx1:0_idx2:147_idx3:224,sfr_rhk,1.0,1.0000000000000000000000000000000000000000000000000000000000000
120,"(345, 0, 126, 221)",idx0:345_idx1:0_idx2:126_idx3:221,sfr_rhk,1.0,1.0000000000000000000000000000000000000000000000000000000000000
121,"(378, 0, 113, 221)",idx0:378_idx1:0_idx2:113_idx3:221,sfr_rhk,1.0,1.0000000000000000000000000000000000000000000000000000000000000
122,"(182, 0, 193, 259)",idx0:182_idx1:0_idx2:193_idx3:259,sfr_rhk,1.0,1.0000000000000000000000000000000000000000000000000000000000000
123,"(668, 0, 14, 73)",idx0:668_idx1:0_idx2:14_idx3:73,sfr_rhk,1.0,1.00000000000000000000000000000000000000000000000000000000000
124,"(267, 0, 169, 221)",idx0:267_idx1:0_idx2:169_idx3:221,sfr_rhk,1.0,1.0000000000000000000000000000000000000000000000000000000000000
125,"(108, 0, 166, 302)",idx0:108_idx1:0_idx2:166_idx3:302,sfr_rhk,1.0,1.0000000000000000000000000000000000000000000000000000000000000
126,"(169, 0, 190, 268)",idx0:169_idx1:0_idx2:190_idx3:268,sfr_rhk,1.0,1.0000000000000000000000000000000000000000000000000000000000000
127,"(445, 0, 122, 178)",idx0:445_idx1:0_idx2:122_idx3:178,sfr_rhk,1.0,1.0000000000000000000000000000000000000000000000000000000000000
128,"(371, 0, 117, 222)",idx0:371_idx1:0_idx2:117_idx3:222,sfr_rhk,1.0,1.0000000000000000000000000000000000000000000000000000000000000
129,"(691, 0, 3, 61)",idx0:691_idx1:0_idx2:3_idx3:61,sfr_rhk,1.0,1.0000000000000000000000000000000000000000000000000000000000
130,"(515, 0, 85, 153)",idx0:515_idx1:0_idx2:85_idx3:153,sfr_rhk,1.0,1.000000000000000000000000000000000000000000000000000000000000
131,"(536, 0, 73, 144)",idx0:536_idx1:0_idx2:73_idx3:144,sfr_rhk,1.0,1.000000000000000000000000000000000000000000000000000000000000
132,"(462, 0, 117, 166)",idx0:462_idx1:0_idx2:117_idx3:166,sfr_rhk,1.0,1.0000000000000000000000000000000000000000000000000000000000000
133,"(644, 0, 25, 86)",idx0:644_idx1:0_idx2:25_idx3:86,sfr_rhk,1.0,1.00000000000000000000000000000000000000000000000000000000000
134,"(557, 0, 61, 135)",idx0:557_idx1:0_idx2:61_idx3:135,sfr_rhk,1.0,1.000000000000000000000000000000000000000000000000000000000000
135,"(582, 0, 47, 125)",idx0:582_idx1:0_idx2:47_idx3:125,sfr_rhk,1.0,1.000000000000000000000000000000000000000000000000000000000000
136,"(642, 0, 26, 87)",idx0:642_idx1:0_idx2:26_idx3:87,sfr_rhk,1.0,1.00000000000000000000000000000000000000000000000000000000000
137,"(346, 0, 126, 220)",idx0:346_idx1:0_idx2:126_idx3:220,sfr_rhk,1.0,1.0000000000000000000000000000000000000000000000000000000000000
138,"(537, 0, 72, 144)",idx0:537_idx1:0_idx2:72_idx3:144,sfr_rhk,1.0,1.000000000000000000000000000000000000000000000000000000000000
139,"(597, 0, 43, 114)",idx0:597_idx1:0_idx2:43_idx3:114,sfr_rhk,1.0,1.000000000000000000000000000000000000000000000000000000000000
140,"(25, 0, 168, 362)",idx0:25_idx1:0_idx2:168_idx3:362,sfr_rhk,1.0,1.000000000000000000000000000000000000000000000000000000000000
141,"(192, 0, 196, 252)",idx0:192_idx1:0_idx2:196_idx3:252,sfr_rhk,1.0,1.0000000000000000000000000000000000000000000000000000000000000
142,"(138, 0, 178, 285)",idx0:138_idx1:0_idx2:178_idx3:285,sfr_rhk,1.0,1.0000000000000000000000000000000000000000000000000000000000000
143,"(136, 0, 177, 286)",idx0:136_idx1:0_idx2:177_idx3:286,sfr_rhk,1.0,1.0000000000000000000000000000000000000000000000000000000000000
144,"(667, 0, 14, 74)",idx0:667_idx1:0_idx2:14_idx3:74,sfr_rhk,1.0,1.00000000000000000000000000000000000000000000000000000000000
145,"(234, 0, 187, 226)",idx0:234_idx1:0_idx2:187_idx3:226,sfr_rhk,1.0,1.0000000000000000000000000000000000000000000000000000000000000
146,"(480, 0, 110, 156)",idx0:480_idx1:0_idx2:110_idx3:156,sfr_rhk,1.0,1.0000000000000000000000000000000000000000000000000000000000000
147,"(508, 0, 90, 155)",idx0:508_idx1:0_idx2:90_idx3:155,sfr_rhk,1.0,1.000000000000000000000000000000000000000000000000000000000000
148,"(599, 0, 42, 113)",idx0:599_idx1:0_idx2:42_idx3:113,sfr_rhk,1.0,1.000000000000000000000000000000000000000000000000000000000000
149,"(312, 0, 136, 218)",idx0:312_idx1:0_idx2:136_idx3:218,sfr_rhk,1.0,1.0000000000000000000000000000000000000000000000000000000000000
150,"(232, 0, 188, 227)",idx0:232_idx1:0_idx2:188_idx3:227,sfr_rhk,1.0,1.0000000000000000000000000000000000000000000000000000000000000
151,"(282, 0, 158, 225)",idx0:282_idx1:0_idx2:158_idx3:225,sfr_rhk,1.0,1.0000000000000000000000000000000000000000000000000000000000000
152,"(331, 0, 128, 229)",idx0:331_idx1:0_idx2:128_idx3:229,sfr_rhk,1.0,1.0000000000000000000000000000000000000000000000000000000000000
153,"(196, 0, 197, 249)",idx0:196_idx1:0_idx2:197_idx3:249,sfr_rhk,1.0,1.0000000000000000000000000000000000000000000000000000000000000
154,"(661, 0, 17, 77)",idx0:661_idx1:0_idx2:17_idx3:77,sfr_rhk,1.0,1.00000000000000000000000000000000000000000000000000000000000
155,"(392, 0, 113, 211)",idx0:392_idx1:0_idx2:113_idx3:211,sfr_rhk,1.0,1.0000000000000000000000000000000000000000000000000000000000000
156,"(493, 0, 99, 158)",idx0:493_idx1:0_idx2:99_idx3:158,sfr_rhk,1.0,1.000000000000000000000000000000000000000000000000000000000000
157,"(437, 0, 122, 184)",idx0:437_idx1:0_idx2:122_idx3:184,sfr_rhk,1.0,1.0000000000000000000000000000000000000000000000000000000000000
158,"(328, 0, 130, 228)",idx0:328_idx1:0_idx2:130_idx3:228,sfr_rhk,1.0,1.0000000000000000000000000000000000000000000000000000000000000
159,"(528, 0, 77, 148)",idx0:528_idx1:0_idx2:77_idx3:148,sfr_rhk,1.0,1.000000000000000000000000000000000000000000000000000000000000
160,"(123, 0, 170, 292)",idx0:123_idx1:0_idx2:170_idx3:292,sfr_rhk,1.0,1.0000000000000000000000000000000000000000000000000000000000000
161,"(457, 0, 119, 169)",idx0:457_idx1:0_idx2:119_idx3:169,sfr_rhk,1.0,1.0000000000000000000000000000000000000000000000000000000000000
162,"(684, 0, 6, 65)",idx0:684_idx1:0_idx2:6_idx3:65,sfr_rhk,1.0,1.0000000000000000000000000000000000000000000000000000000000
163,"(573, 0, 52, 128)",idx0:573_idx1:0_idx2:52_idx3:128,sfr_rhk,1.0,1.000000000000000000000000000000000000000000000000000000000000
164,"(495, 0, 98, 159)",idx0:495_idx1:0_idx2:98_idx3:159,sfr_rhk,1.0,1.000000000000000000000000000000000000000000000000000000000000
165,"(499, 0, 95, 159)",idx0:499_idx1:0_idx2:95_idx3:159,sfr_rhk,1.0,1.000000000000000000000000000000000000000000000000000000000000
166,"(203, 0, 199, 244)",idx0:203_idx1:0_idx2:199_idx3:244,sfr_rhk,1.0,1.0000000000000000000000000000000000000000000000000000000000000
167,"(363, 0, 116, 217)",idx0:363_idx1:0_idx2:116_idx3:217,sfr_rhk,1.0,1.0000000000000000000000000000000000000000000000000000000000000
168,"(627, 0, 33, 94)",idx0:627_idx1:0_idx2:33_idx3:94,sfr_rhk,1.0,1.00000000000000000000000000000000000000000000000000000000000
169,"(207, 0, 199, 240)",idx0:207_idx1:0_idx2:199_idx3:240,sfr_rhk,1.0,1.0000000000000000000000000000000000000000000000000000000000000
170,"(33, 0, 162, 360)",idx0:33_idx1:0_idx2:162_idx3:360,sfr_rhk,1.0,1.000000000000000000000000000000000000000000000000000000000000
171,"(483, 0, 108, 157)",idx0:483_idx1:0_idx2:108_idx3:157,sfr_rhk,1.0,1.0000000000000000000000000000000000000000000000000000000000000
172,"(184, 0, 194, 258)",idx0:184_idx1:0_idx2:194_idx3:258,sfr_rhk,1.0,1.0000000000000000000000000000000000000000000000000000000000000
173,"(195, 0, 197, 250)",idx0:195_idx1:0_idx2:197_idx3:250,sfr_rhk,1.0,1.0000000000000000000000000000000000000000000000000000000000000
174,"(429, 0, 121, 191)",idx0:429_idx1:0_idx2:121_idx3:191,sfr_rhk,1.0,1.0000000000000000000000000000000000000000000000000000000000000
175,"(22, 0, 169, 364)",idx0:22_idx1:0_idx2:169_idx3:364,sfr_rhk,1.0,1.000000000000000000000000000000000000000000000000000000000000
176,"(570, 0, 54, 129)",idx0:570_idx1:0_idx2:54_idx3:129,sfr_rhk,1.0,1.000000000000000000000000000000000000000000000000000000000000
177,"(672, 0, 12, 71)",idx0:672_idx1:0_idx2:12_idx3:71,sfr_rhk,1.0,1.00000000000000000000000000000000000000000000000000000000000
178,"(669, 0, 13, 73)",idx0:669_idx1:0_idx2:13_idx3:73,sfr_rhk,1.0,1.00000000000000000000000000000000000000000000000000000000000
179,"(319, 0, 133, 222)",idx0:319_idx1:0_idx2:133_idx3:222,sfr_rhk,1.0,1.0000000000000000000000000000000000000000000000000000000000000
180,"(248, 0, 179, 221)",idx0:248_idx1:0_idx2:179_idx3:221,sfr_rhk,1.0,1.0000000000000000000000000000000000000000000000000000000000000
181,"(46, 0, 163, 350)",idx0:46_idx1:0_idx2:163_idx3:350,sfr_rhk,1.0,1.000000000000000000000000000000000000000000000000000000000000
182,"(419, 0, 119, 199)",idx0:419_idx1:0_idx2:119_idx3:199,sfr_rhk,1.0,1.0000000000000000000000000000000000000000000000000000000000000
183,"(416, 0, 120, 201)",idx0:416_idx1:0_idx2:120_idx3:201,sfr_rhk,1.0,1.0000000000000000000000000000000000000000000000000000000000000
184,"(265, 0, 170, 221)",idx0:265_idx1:0_idx2:170_idx3:221,sfr_rhk,1.0,1.0000000000000000000000000000000000000000000000000000000000000
185,"(268, 0, 169, 222)",idx0:268_idx1:0_idx2:169_idx3:222,sfr_rhk,1.0,1.0000000000000000000000000000000000000000000000000000000000000
186,"(629, 0, 33, 93)",idx0:629_idx1:0_idx2:33_idx3:93,sfr_rhk,1.0,1.00000000000000000000000000000000000000000000000000000000000
187,"(622, 0, 35, 97)",idx0:622_idx1:0_idx2:35_idx3:97,sfr_rhk,1.0,1.00000000000000000000000000000000000000000000000000000000000
188,"(48, 0, 162, 349)",idx0:48_idx1:0_idx2:162_idx3:349,sfr_rhk,1.0,1.000000000000000000000000000000000000000000000000000000000000
189,"(310, 0, 137, 218)",idx0:310_idx1:0_idx2:137_idx3:218,sfr_rhk,1.0,1.0000000000000000000000000000000000000000000000000000000000000
190,"(519, 0, 82, 152)",idx0:519_idx1:0_idx2:82_idx3:152,sfr_rhk,1.0,1.000000000000000000000000000000000000000000000000000000000000
191,"(625, 0, 34, 95)",idx0:625_idx1:0_idx2:34_idx3:95,sfr_rhk,1.0,1.00000000000000000000000000000000000000000000000000000000000
192,"(467, 0, 116, 162)",idx0:467_idx1:0_idx2:116_idx3:162,sfr_rhk,1.0,1.0000000000000000000000000000000000000000000000000000000000000
193,"(696, 0, 0, 59)",idx0:696_idx1:0_idx2:0_idx3:59,sfr_rhk,1.0,1.0000000000000000000000000000000000000000000000000000000000
194,"(439, 0, 121, 183)",idx0:439_idx1:0_idx2:121_idx3:183,sfr_rhk,1.0,1.0000000000000000000000000000000000000000000000000000000000000
195,"(546, 0, 68, 139)",idx0:546_idx1:0_idx2:68_idx3:139,sfr_rhk,1.0,1.000000000000000000000000000000000000000000000000000000000000
196,"(561, 0, 59, 133)",idx0:561_idx1:0_idx2:59_idx3:133,sfr_rhk,1.0,1.000000000000000000000000000000000000000000000000000000000000
197,"(34, 0, 162, 359)",idx0:34_idx1:0_idx2:162_idx3:359,sfr_rhk,1.0,1.000000000000000000000000000000000000000000000000000000000000
198,"(564, 0, 57, 132)",idx0:564_idx1:0_idx2:57_idx3:132,sfr_rhk,1.0,1.000000000000000000000000000000000000000000000000000000000000
199,"(620, 0, 36, 98)",idx0:620_idx1:0_idx2:36_idx3:98,sfr_rhk,1.0,1.00000000000000000000000000000000000000000000000000000000000
200,"(624, 0, 34, 96)",idx0:624_idx1:0_idx2:34_idx3:96,sfr_rhk,1.0,1.00000000000000000000000000000000000000000000000000000000000
201,"(79, 0, 160, 325)",idx0:79_idx1:0_idx2:160_idx3:325,sfr_rhk,1.0,1.000000000000000000000000000000000000000000000000000000000000
202,"(559, 0, 60, 134)",idx0:559_idx1:0_idx2:60_idx3:134,sfr_rhk,1.0,1.000000000000000000000000000000000000000000000000000000000000
203,"(562, 0, 58, 133)",idx0:562_idx1:0_idx2:58_idx3:133,sfr_rhk,1.0,1.000000000000000000000000000000000000000000000000000000000000
204,"(552, 0, 64, 137)",idx0:552_idx1:0_idx2:64_idx3:137,sfr_rhk,1.0,1.000000000000000000000000000000000000000000000000000000000000
205,"(358, 0, 119, 215)",idx0:358_idx1:0_idx2:119_idx3:215,sfr_rhk,1.0,1.0000000000000000000000000000000000000000000000000000000000000
206,"(327, 0, 131, 228)",idx0:327_idx1:0_idx2:131_idx3:228,sfr_rhk,1.0,1.0000000000000000000000000000000000000000000000000000000000000
207,"(157, 0, 190, 278)",idx0:157_idx1:0_idx2:190_idx3:278,sfr_rhk,1.0,1.0000000000000000000000000000000000000000000000000000000000000
208,"(370, 0, 118, 222)",idx0:370_idx1:0_idx2:118_idx3:222,sfr_rhk,1.0,1.0000000000000000000000000000000000000000000000000000000000000
209,"(681, 0, 7, 67)",idx0:681_idx1:0_idx2:7_idx3:67,sfr_rhk,1.0,1.0000000000000000000000000000000000000000000000000000000000
210,"(687, 0, 5, 63)",idx0:687_idx1:0_idx2:5_idx3:63,sfr_rhk,1.0,1.0000000000000000000000000000000000000000000000000000000000
211,"(602, 0, 41, 111)",idx0:602_idx1:0_idx2:41_idx3:111,sfr_rhk,1.0,1.000000000000000000000000000000000000000000000000000000000000
212,"(605, 0, 40, 109)",idx0:605_idx1:0_idx2:40_idx3:109,sfr_rhk,1.0,1.000000000000000000000000000000000000000000000000000000000000
213,"(149, 0, 186, 282)",idx0:149_idx1:0_idx2:186_idx3:282,sfr_rhk,1.0,1.0000000000000000000000000000000000000000000000000000000000000
214,"(40, 0, 162, 355)",idx0:40_idx1:0_idx2:162_idx3:355,sfr_rhk,1.0,1.000000000000000000000000000000000000000000000000000000000000
215,"(679, 0, 8, 68)",idx0:679_idx1:0_idx2:8_idx3:68,sfr_rhk,1.0,1.0000000000000000000000000000000000000000000000000000000000
216,"(505, 0, 92, 156)",idx0:505_idx1:0_idx2:92_idx3:156,sfr_rhk,1.0,1.000000000000000000000000000000000000000000000000000000000000
217,"(522, 0, 80, 151)",idx0:522_idx1:0_idx2:80_idx3:151,sfr_rhk,1.0,1.000000000000000000000000000000000000000000000000000000000000
218,"(162, 0, 191, 274)",idx0:162_idx1:0_idx2:191_idx3:274,sfr_rhk,1.0,1.0000000000000000000000000000000000000000000000000000000000000
219,"(619, 0, 36, 99)",idx0:619_idx1:0_idx2:36_idx3:99,sfr_rhk,1.0,1.00000000000000000000000000000000000000000000000000000000000
220,"(489, 0, 103, 158)",idx0:489_idx1:0_idx2:103_idx3:158,sfr_rhk,1.0,1.0000000000000000000000000000000000000000000000000000000000000
221,"(227, 0, 190, 230)",idx0:227_idx1:0_idx2:190_idx3:230,sfr_rhk,1.0,1.0000000000000000000000000000000000000000000000000000000000000
222,"(42, 0, 162, 353)",idx0:42_idx1:0_idx2:162_idx3:353,sfr_rhk,1.0,1.000000000000000000000000000000000000000000000000000000000000
223,"(472, 0, 114, 159)",idx0:472_idx1:0_idx2:114_idx3:159,sfr_rhk,1.0,1.0000000000000000000000000000000000000000000000000000000000000
224,"(589, 0, 46, 119)",idx0:589_idx1:0_idx2:46_idx3:119,sfr_rhk,1.0,1.000000000000000000000000000000000000000000000000000000000000
225,"(352, 0, 123, 217)",idx0:352_idx1:0_idx2:123_idx3:217,sfr_rhk,1.0,1.0000000000000000000000000000000000000000000000000000000000000
226,"(225, 0, 191, 231)",idx0:225_idx1:0_idx2:191_idx3:231,sfr_rhk,1.0,1.0000000000000000000000000000000000000000000000000000000000000
227,"(58, 0, 160, 341)",idx0:58_idx1:0_idx2:160_idx3:341,sfr_rhk,1.0,1.000000000000000000000000000000000000000000000000000000000000
228,"(360, 0, 118, 216)",idx0:360_idx1:0_idx2:118_idx3:216,sfr_rhk,1.0,1.0000000000000000000000000000000000000000000000000000000000000
229,"(204, 0, 199, 243)",idx0:204_idx1:0_idx2:199_idx3:243,sfr_rhk,1.0,1.0000000000000000000000000000000000000000000000000000000000000
230,"(376, 0, 114, 222)",idx0:376_idx1:0_idx2:114_idx3:222,sfr_rhk,1.0,1.0000000000000000000000000000000000000000000000000000000000000
231,"(130, 0, 174, 289)",idx0:130_idx1:0_idx2:174_idx3:289,sfr_rhk,1.0,1.0000000000000000000000000000000000000000000000000000000000000
232,"(6, 0, 174, 375)",idx0:6_idx1:0_idx2:174_idx3:375,sfr_rhk,1.0,1.00000000000000000000000000000000000000000000000000000000000
233,"(543, 0, 69, 141)",idx0:543_idx1:0_idx2:69_idx3:141,sfr_rhk,1.0,1.000000000000000000000000000000000000000000000000000000000000
234,"(689, 0, 4, 62)",idx0:689_idx1:0_idx2:4_idx3:62,sfr_rhk,1.0,1.0000000000000000000000000000000000000000000000000000000000
235,"(1, 0, 176, 378)",idx0:1_idx1:0_idx2:176_idx3:378,sfr_rhk,1.0,1.00000000000000000000000000000000000000000000000000000000000
236,"(175, 0, 191, 264)",idx0:175_idx1:0_idx2:191_idx3:264,sfr_rhk,1.0,1.0000000000000000000000000000000000000000000000000000000000000
237,"(301, 0, 142, 222)",idx0:301_idx1:0_idx2:142_idx3:222,sfr_rhk,1.0,1.0000000000000000000000000000000000000000000000000000000000000
238,"(541, 0, 70, 142)",idx0:541_idx1:0_idx2:70_idx3:142,sfr_rhk,1.0,1.000000000000000000000000000000000000000000000000000000000000
239,"(61, 0, 159, 339)",idx0:61_idx1:0_idx2:159_idx3:339,sfr_rhk,1.0,1.000000000000000000000000000000000000000000000000000000000000
240,"(659, 0, 18, 78)",idx0:659_idx1:0_idx2:18_idx3:78,sfr_rhk,1.0,1.00000000000000000000000000000000000000000000000000000000000
241,"(502, 0, 94, 157)",idx0:502_idx1:0_idx2:94_idx3:157,sfr_rhk,1.0,1.000000000000000000000000000000000000000000000000000000000000
242,"(92, 0, 163, 315)",idx0:92_idx1:0_idx2:163_idx3:315,sfr_rhk,1.0,1.000000000000000000000000000000000000000000000000000000000000
243,"(444, 0, 122, 179)",idx0:444_idx1:0_idx2:122_idx3:179,sfr_rhk,1.0,1.0000000000000000000000000000000000000000000000000000000000000
244,"(309, 0, 137, 219)",idx0:309_idx1:0_idx2:137_idx3:219,sfr_rhk,1.0,1.0000000000000000000000000000000000000000000000000000000000000
245,"(665, 0, 15, 75)",idx0:665_idx1:0_idx2:15_idx3:75,sfr_rhk,1.0,1.00000000000000000000000000000000000000000000000000000000000
246,"(137, 0, 177, 285)",idx0:137_idx1:0_idx2:177_idx3:285,sfr_rhk,1.0,1.0000000000000000000000000000000000000000000000000000000000000
247,"(88, 0, 162, 318)",idx0:88_idx1:0_idx2:162_idx3:318,sfr_rhk,1.0,1.000000000000000000000000000000000000000000000000000000000000
248,"(410, 0, 121, 206)",idx0:410_idx1:0_idx2:121_idx3:206,sfr_rhk,1.0,1.0000000000000000000000000000000000000000000000000000000000000
249,"(216, 0, 196, 235)",idx0:216_idx1:0_idx2:196_idx3:235,sfr_rhk,1.0,1.0000000000000000000000000000000000000000000000000000000000000
250,"(313, 0, 136, 219)",idx0:313_idx1:0_idx2:136_idx3:219,sfr_rhk,1.0,1.0000000000000000000000000000000000000000000000000000000000000
251,"(84, 0, 161, 321)",idx0:84_idx1:0_idx2:161_idx3:321,sfr_rhk,1.0,1.000000000000000000000000000000000000000000000000000000000000
252,"(336, 0, 125, 227)",idx0:336_idx1:0_idx2:125_idx3:227,sfr_rhk,1.0,1.0000000000000000000000000000000000000000000000000000000000000
253,"(259, 0, 171, 218)",idx0:259_idx1:0_idx2:171_idx3:218,sfr_rhk,1.0,1.0000000000000000000000000000000000000000000000000000000000000
254,"(688, 0, 4, 63)",idx0:688_idx1:0_idx2:4_idx3:63,sfr_rhk,1.0,1.0000000000000000000000000000000000000000000000000000000000
255,"(133, 0, 175, 287)",idx0:133_idx1:0_idx2:175_idx3:287,sfr_rhk,1.0,1.0000000000000000000000000000000000000000000000000000000000000
256,"(314, 0, 135, 219)",idx0:314_idx1:0_idx2:135_idx3:219,sfr_rhk,1.0,1.0000000000000000000000000000000000000000000000000000000000000
257,"(581, 0, 47, 126)",idx0:581_idx1:0_idx2:47_idx3:126,sfr_rhk,1.0,1.000000000000000000000000000000000000000000000000000000000000
258,"(611, 0, 38, 105)",idx0:611_idx1:0_idx2:38_idx3:105,sfr_rhk,1.0,1.000000000000000000000000000000000000000000000000000000000000
259,"(279, 0, 161, 225)",idx0:279_idx1:0_idx2:161_idx3:225,sfr_rhk,1.0,1.0000000000000000000000000000000000000000000000000000000000000
260,"(405, 0, 122, 209)",idx0:405_idx1:0_idx2:122_idx3:209,sfr_rhk,1.0,1.0000000000000000000000000000000000000000000000000000000000000
261,"(526, 0, 78, 149)",idx0:526_idx1:0_idx2:78_idx3:149,sfr_rhk,1.0,1.000000000000000000000000000000000000000000000000000000000000
262,"(56, 0, 161, 342)",idx0:56_idx1:0_idx2:161_idx3:342,sfr_rhk,1.0,1.000000000000000000000000000000000000000000000000000000000000
263,"(189, 0, 195, 254)",idx0:189_idx1:0_idx2:195_idx3:254,sfr_rhk,1.0,1.0000000000000000000000000000000000000000000000000000000000000
264,"(578, 0, 49, 126)",idx0:578_idx1:0_idx2:49_idx3:126,sfr_rhk,1.0,1.000000000000000000000000000000000000000000000000000000000000
265,"(504, 0, 92, 157)",idx0:504_idx1:0_idx2:92_idx3:157,sfr_rhk,1.0,1.000000000000000000000000000000000000000000000000000000000000
266,"(72, 0, 159, 331)",idx0:72_idx1:0_idx2:159_idx3:331,sfr_rhk,1.0,1.000000000000000000000000000000000000000000000000000000000000
267,"(576, 0, 51, 126)",idx0:576_idx1:0_idx2:51_idx3:126,sfr_rhk,1.0,1.000000000000000000000000000000000000000000000000000000000000
268,"(458, 0, 119, 168)",idx0:458_idx1:0_idx2:119_idx3:168,sfr_rhk,1.0,1.0000000000000000000000000000000000000000000000000000000000000
269,"(55, 0, 161, 343)",idx0:55_idx1:0_idx2:161_idx3:343,sfr_rhk,1.0,1.000000000000000000000000000000000000000000000000000000000000
270,"(485, 0, 106, 157)",idx0:485_idx1:0_idx2:106_idx3:157,sfr_rhk,1.0,1.0000000000000000000000000000000000000000000000000000000000000
271,"(574, 0, 52, 127)",idx0:574_idx1:0_idx2:52_idx3:127,sfr_rhk,1.0,1.000000000000000000000000000000000000000000000000000000000000
272,"(476, 0, 112, 157)",idx0:476_idx1:0_idx2:112_idx3:157,sfr_rhk,1.0,1.0000000000000000000000000000000000000000000000000000000000000
273,"(316, 0, 134, 220)",idx0:316_idx1:0_idx2:134_idx3:220,sfr_rhk,1.0,1.0000000000000000000000000000000000000000000000000000000000000
274,"(361, 0, 117, 216)",idx0:361_idx1:0_idx2:117_idx3:216,sfr_rhk,1.0,1.0000000000000000000000000000000000000000000000000000000000000
275,"(631, 0, 32, 92)",idx0:631_idx1:0_idx2:32_idx3:92,sfr_rhk,1.0,1.00000000000000000000000000000000000000000000000000000000000
276,"(339, 0, 126, 225)",idx0:339_idx1:0_idx2:126_idx3:225,sfr_rhk,1.0,1.0000000000000000000000000000000000000000000000000000000000000
277,"(27, 0, 166, 362)",idx0:27_idx1:0_idx2:166_idx3:362,sfr_rhk,1.0,1.000000000000000000000000000000000000000000000000000000000000
278,"(262, 0, 169, 219)",idx0:262_idx1:0_idx2:169_idx3:219,sfr_rhk,1.0,1.0000000000000000000000000000000000000000000000000000000000000
279,"(471, 0, 114, 160)",idx0:471_idx1:0_idx2:114_idx3:160,sfr_rhk,1.0,1.0000000000000000000000000000000000000000000000000000000000000
280,"(677, 0, 9, 69)",idx0:677_idx1:0_idx2:9_idx3:69,sfr_rhk,1.0,1.0000000000000000000000000000000000000000000000000000000000
281,"(568, 0, 55, 130)",idx0:568_idx1:0_idx2:55_idx3:130,sfr_rhk,1.0,1.000000000000000000000000000000000000000000000000000000000000
282,"(680, 0, 8, 67)",idx0:680_idx1:0_idx2:8_idx3:67,sfr_rhk,1.0,1.0000000000000000000000000000000000000000000000000000000000
283,"(120, 0, 169, 294)",idx0:120_idx1:0_idx2:169_idx3:294,sfr_rhk,1.0,1.0000000000000000000000000000000000000000000000000000000000000
284,"(486, 0, 106, 158)",idx0:486_idx1:0_idx2:106_idx3:158,sfr_rhk,1.0,1.0000000000000000000000000000000000000000000000000000000000000
285,"(107, 0, 166, 303)",idx0:107_idx1:0_idx2:166_idx3:303,sfr_rhk,1.0,1.0000000000000000000000000000000000000000000000000000000000000
286,"(177, 0, 192, 263)",idx0:177_idx1:0_idx2:192_idx3:263,sfr_rhk,1.0,1.0000000000000000000000000000000000000000000000000000000000000
287,"(430, 0, 122, 191)",idx0:430_idx1:0_idx2:122_idx3:191,sfr_rhk,1.0,1.0000000000000000000000000000000000000000000000000000000000000
288,"(239, 0, 184, 224)",idx0:239_idx1:0_idx2:184_idx3:224,sfr_rhk,1.0,1.0000000000000000000000000000000000000000000000000000000000000
289,"(237, 0, 185, 225)",idx0:237_idx1:0_idx2:185_idx3:225,sfr_rhk,1.0,1.0000000000000000000000000000000000000000000000000000000000000
290,"(608, 0, 39, 107)",idx0:608_idx1:0_idx2:39_idx3:107,sfr_rhk,1.0,1.000000000000000000000000000000000000000000000000000000000000
291,"(151, 0, 187, 281)",idx0:151_idx1:0_idx2:187_idx3:281,sfr_rhk,1.0,1.0000000000000000000000000000000000000000000000000000000000000
292,"(272, 0, 166, 223)",idx0:272_idx1:0_idx2:166_idx3:223,sfr_rhk,1.0,1.0000000000000000000000000000000000000000000000000000000000000
293,"(266, 0, 170, 221)",idx0:266_idx1:0_idx2:170_idx3:221,sfr_rhk,1.0,1.0000000000000000000000000000000000000000000000000000000000000
294,"(569, 0, 54, 130)",idx0:569_idx1:0_idx2:54_idx3:130,sfr_rhk,1.0,1.000000000000000000000000000000000000000000000000000000000000
295,"(398, 0, 118, 210)",idx0:398_idx1:0_idx2:118_idx3:210,sfr_rhk,1.0,1.0000000000000000000000000000000000000000000000000000000000000
296,"(295, 0, 146, 224)",idx0:295_idx1:0_idx2:146_idx3:224,sfr_rhk,1.0,1.0000000000000000000000000000000000000000000000000000000000000
297,"(230, 0, 189, 228)",idx0:230_idx1:0_idx2:189_idx3:228,sfr_rhk,1.0,1.0000000000000000000000000000000000000000000000000000000000000
298,"(45, 0, 163, 351)",idx0:45_idx1:0_idx2:163_idx3:351,sfr_rhk,1.0,1.000000000000000000000000000000000000000000000000000000000000
299,"(415, 0, 120, 202)",idx0:415_idx1:0_idx2:120_idx3:202,sfr_rhk,1.0,1.0000000000000000000000000000000000000000000000000000000000000
300,"(586, 0, 46, 122)",idx0:586_idx1:0_idx2:46_idx3:122,sfr_rhk,1.0,1.000000000000000000000000000000000000000000000000000000000000
301,"(20, 0, 169, 366)",idx0:20_idx1:0_idx2:169_idx3:366,sfr_rhk,1.0,1.000000000000000000000000000000000000000000000000000000000000
302,"(296, 0, 145, 224)",idx0:296_idx1:0_idx2:145_idx3:224,sfr_rhk,1.0,1.0000000000000000000000000000000000000000000000000000000000000
303,"(285, 0, 155, 225)",idx0:285_idx1:0_idx2:155_idx3:225,sfr_rhk,1.0,1.0000000000000000000000000000000000000000000000000000000000000
304,"(74, 0, 159, 329)",idx0:74_idx1:0_idx2:159_idx3:329,sfr_rhk,1.0,1.000000000000000000000000000000000000000000000000000000000000
305,"(628, 0, 33, 94)",idx0:628_idx1:0_idx2:33_idx3:94,sfr_rhk,1.0,1.00000000000000000000000000000000000000000000000000000000000
306,"(140, 0, 179, 284)",idx0:140_idx1:0_idx2:179_idx3:284,sfr_rhk,1.0,1.0000000000000000000000000000000000000000000000000000000000000
307,"(584, 0, 47, 123)",idx0:584_idx1:0_idx2:47_idx3:123,sfr_rhk,1.0,1.000000000000000000000000000000000000000000000000000000000000
308,"(156, 0, 189, 278)",idx0:156_idx1:0_idx2:189_idx3:278,sfr_rhk,1.0,1.0000000000000000000000000000000000000000000000000000000000000
309,"(273, 0, 165, 223)",idx0:273_idx1:0_idx2:165_idx3:223,sfr_rhk,1.0,1.0000000000000000000000000000000000000000000000000000000000000
310,"(666, 0, 15, 74)",idx0:666_idx1:0_idx2:15_idx3:74,sfr_rhk,1.0,1.00000000000000000000000000000000000000000000000000000000000
311,"(261, 0, 169, 218)",idx0:261_idx1:0_idx2:169_idx3:218,sfr_rhk,1.0,1.0000000000000000000000000000000000000000000000000000000000000
312,"(275, 0, 164, 224)",idx0:275_idx1:0_idx2:164_idx3:224,sfr_rhk,1.0,1.0000000000000000000000000000000000000000000000000000000000000
313,"(393, 0, 114, 211)",idx0:393_idx1:0_idx2:114_idx3:211,sfr_rhk,1.0,1.0000000000000000000000000000000000000000000000000000000000000
314,"(9, 0, 173, 373)",idx0:9_idx1:0_idx2:173_idx3:373,sfr_rhk,1.0,1.00000000000000000000000000000000000000000000000000000000000
315,"(579, 0, 48, 126)",idx0:579_idx1:0_idx2:48_idx3:126,sfr_rhk,1.0,1.000000000000000000000000000000000000000000000000000000000000
316,"(228, 0, 190, 229)",idx0:228_idx1:0_idx2:190_idx3:229,sfr_rhk,1.0,1.0000000000000000000000000000000000000000000000000000000000000
317,"(441, 0, 121, 181)",idx0:441_idx1:0_idx2:121_idx3:181,sfr_rhk,1.0,1.0000000000000000000000000000000000000000000000000000000000000
318,"(308, 0, 138, 219)",idx0:308_idx1:0_idx2:138_idx3:219,sfr_rhk,1.0,1.0000000000000000000000000000000000000000000000000000000000000
319,"(68, 0, 158, 333)",idx0:68_idx1:0_idx2:158_idx3:333,sfr_rhk,1.0,1.000000000000000000000000000000000000000000000000000000000000
320,"(77, 0, 160, 327)",idx0:77_idx1:0_idx2:160_idx3:327,sfr_rhk,1.0,1.000000000000000000000000000000000000000000000000000000000000
321,"(340, 0, 126, 224)",idx0:340_idx1:0_idx2:126_idx3:224,sfr_rhk,1.0,1.0000000000000000000000000000000000000000000000000000000000000
322,"(488, 0, 104, 158)",idx0:488_idx1:0_idx2:104_idx3:158,sfr_rhk,1.0,1.0000000000000000000000000000000000000000000000000000000000000
323,"(357, 0, 120, 215)",idx0:357_idx1:0_idx2:120_idx3:215,sfr_rhk,1.0,1.0000000000000000000000000000000000000000000000000000000000000
324,"(548, 0, 66, 139)",idx0:548_idx1:0_idx2:66_idx3:139,sfr_rhk,1.0,1.000000000000000000000000000000000000000000000000000000000000
325,"(297, 0, 145, 223)",idx0:297_idx1:0_idx2:145_idx3:223,sfr_rhk,1.0,1.0000000000000000000000000000000000000000000000000000000000000
326,"(451, 0, 121, 173)",idx0:451_idx1:0_idx2:121_idx3:173,sfr_rhk,1.0,1.0000000000000000000000000000000000000000000000000000000000000
327,"(693, 0, 2, 60)",idx0:693_idx1:0_idx2:2_idx3:60,sfr_rhk,1.0,1.0000000000000000000000000000000000000000000000000000000000
328,"(254, 0, 175, 219)",idx0:254_idx1:0_idx2:175_idx3:219,sfr_rhk,1.0,1.0000000000000000000000000000000000000000000000000000000000000
329,"(329, 0, 129, 228)",idx0:329_idx1:0_idx2:129_idx3:228,sfr_rhk,1.0,1.0000000000000000000000000000000000000000000000000000000000000
330,"(452, 0, 120, 173)",idx0:452_idx1:0_idx2:120_idx3:173,sfr_rhk,1.0,1.0000000000000000000000000000000000000000000000000000000000000
331,"(4, 0, 175, 376)",idx0:4_idx1:0_idx2:175_idx3:376,sfr_rhk,1.0,1.00000000000000000000000000000000000000000000000000000000000
332,"(600, 0, 41, 113)",idx0:600_idx1:0_idx2:41_idx3:113,sfr_rhk,1.0,1.000000000000000000000000000000000000000000000000000000000000
333,"(186, 0, 194, 256)",idx0:186_idx1:0_idx2:194_idx3:256,sfr_rhk,1.0,1.0000000000000000000000000000000000000000000000000000000000000
334,"(97, 0, 164, 311)",idx0:97_idx1:0_idx2:164_idx3:311,sfr_rhk,1.0,1.000000000000000000000000000000000000000000000000000000000000
335,"(694, 0, 1, 60)",idx0:694_idx1:0_idx2:1_idx3:60,sfr_rhk,1.0,1.0000000000000000000000000000000000000000000000000000000000
336,"(220, 0, 194, 233)",idx0:220_idx1:0_idx2:194_idx3:233,sfr_rhk,1.0,1.0000000000000000000000000000000000000000000000000000000000000
337,"(2, 0, 176, 377)",idx0:2_idx1:0_idx2:176_idx3:377,sfr_rhk,1.0,1.00000000000000000000000000000000000000000000000000000000000
338,"(110, 0, 166, 301)",idx0:110_idx1:0_idx2:166_idx3:301,sfr_rhk,1.0,1.0000000000000000000000000000000000000000000000000000000000000
339,"(348, 0, 125, 219)",idx0:348_idx1:0_idx2:125_idx3:219,sfr_rhk,1.0,1.0000000000000000000000000000000000000000000000000000000000000
340,"(514, 0, 86, 153)",idx0:514_idx1:0_idx2:86_idx3:153,sfr_rhk,1.0,1.000000000000000000000000000000000000000000000000000000000000
341,"(104, 0, 165, 305)",idx0:104_idx1:0_idx2:165_idx3:305,sfr_rhk,1.0,1.0000000000000000000000000000000000000000000000000000000000000
342,"(127, 0, 172, 290)",idx0:127_idx1:0_idx2:172_idx3:290,sfr_rhk,1.0,1.0000000000000000000000000000000000000000000000000000000000000
343,"(539, 0, 71, 143)",idx0:539_idx1:0_idx2:71_idx3:143,sfr_rhk,1.0,1.000000000000000000000000000000000000000000000000000000000000
344,"(542, 0, 70, 141)",idx0:542_idx1:0_idx2:70_idx3:141,sfr_rhk,1.0,1.000000000000000000000000000000000000000000000000000000000000
345,"(59, 0, 160, 340)",idx0:59_idx1:0_idx2:160_idx3:340,sfr_rhk,1.0,1.000000000000000000000000000000000000000000000000000000000000
346,"(422, 0, 120, 197)",idx0:422_idx1:0_idx2:120_idx3:197,sfr_rhk,1.0,1.0000000000000000000000000000000000000000000000000000000000000
347,"(469, 0, 115, 161)",idx0:469_idx1:0_idx2:115_idx3:161,sfr_rhk,1.0,1.0000000000000000000000000000000000000000000000000000000000000
348,"(364, 0, 116, 218)",idx0:364_idx1:0_idx2:116_idx3:218,sfr_rhk,1.0,1.0000000000000000000000000000000000000000000000000000000000000
349,"(510, 0, 89, 154)",idx0:510_idx1:0_idx2:89_idx3:154,sfr_rhk,1.0,1.000000000000000000000000000000000000000000000000000000000000
350,"(102, 0, 165, 307)",idx0:102_idx1:0_idx2:165_idx3:307,sfr_rhk,1.0,1.0000000000000000000000000000000000000000000000000000000000000
351,"(587, 0, 46, 121)",idx0:587_idx1:0_idx2:46_idx3:121,sfr_rhk,1.0,1.000000000000000000000000000000000000000000000000000000000000
352,"(128, 0, 173, 290)",idx0:128_idx1:0_idx2:173_idx3:290,sfr_rhk,1.0,1.0000000000000000000000000000000000000000000000000000000000000
353,"(214, 0, 197, 236)",idx0:214_idx1:0_idx2:197_idx3:236,sfr_rhk,1.0,1.0000000000000000000000000000000000000000000000000000000000000
354,"(85, 0, 161, 320)",idx0:85_idx1:0_idx2:161_idx3:320,sfr_rhk,1.0,1.000000000000000000000000000000000000000000000000000000000000
355,"(334, 0, 126, 228)",idx0:334_idx1:0_idx2:126_idx3:228,sfr_rhk,1.0,1.0000000000000000000000000000000000000000000000000000000000000
356,"(626, 0, 34, 94)",idx0:626_idx1:0_idx2:34_idx3:94,sfr_rhk,1.0,1.00000000000000000000000000000000000000000000000000000000000
357,"(212, 0, 198, 237)",idx0:212_idx1:0_idx2:198_idx3:237,sfr_rhk,1.0,1.0000000000000000000000000000000000000000000000000000000000000
358,"(287, 0, 153, 225)",idx0:287_idx1:0_idx2:153_idx3:225,sfr_rhk,1.0,1.0000000000000000000000000000000000000000000000000000000000000
359,"(81, 0, 160, 323)",idx0:81_idx1:0_idx2:160_idx3:323,sfr_rhk,1.0,1.000000000000000000000000000000000000000000000000000000000000
360,"(311, 0, 137, 218)",idx0:311_idx1:0_idx2:137_idx3:218,sfr_rhk,1.0,1.0000000000000000000000000000000000000000000000000000000000000
361,"(400, 0, 119, 211)",idx0:400_idx1:0_idx2:119_idx3:211,sfr_rhk,1.0,1.0000000000000000000000000000000000000000000000000000000000000
362,"(281, 0, 159, 225)",idx0:281_idx1:0_idx2:159_idx3:225,sfr_rhk,1.0,1.0000000000000000000000000000000000000000000000000000000000000
363,"(258, 0, 172, 218)",idx0:258_idx1:0_idx2:172_idx3:218,sfr_rhk,1.0,1.0000000000000000000000000000000000000000000000000000000000000
364,"(501, 0, 94, 158)",idx0:501_idx1:0_idx2:94_idx3:158,sfr_rhk,1.0,1.000000000000000000000000000000000000000000000000000000000000
365,"(343, 0, 127, 222)",idx0:343_idx1:0_idx2:127_idx3:222,sfr_rhk,1.0,1.0000000000000000000000000000000000000000000000000000000000000
366,"(434, 0, 122, 187)",idx0:434_idx1:0_idx2:122_idx3:187,sfr_rhk,1.0,1.0000000000000000000000000000000000000000000000000000000000000
367,"(50, 0, 162, 347)",idx0:50_idx1:0_idx2:162_idx3:347,sfr_rhk,1.0,1.000000000000000000000000000000000000000000000000000000000000
368,"(385, 0, 111, 216)",idx0:385_idx1:0_idx2:111_idx3:216,sfr_rhk,1.0,1.0000000000000000000000000000000000000000000000000000000000000
369,"(402, 0, 121, 211)",idx0:402_idx1:0_idx2:121_idx3:211,sfr_rhk,1.0,1.0000000000000000000000000000000000000000000000000000000000000
370,"(409, 0, 121, 207)",idx0:409_idx1:0_idx2:121_idx3:207,sfr_rhk,1.0,1.0000000000000000000000000000000000000000000000000000000000000
371,"(512, 0, 87, 154)",idx0:512_idx1:0_idx2:87_idx3:154,sfr_rhk,1.0,1.000000000000000000000000000000000000000000000000000000000000
372,"(683, 0, 7, 65)",idx0:683_idx1:0_idx2:7_idx3:65,sfr_rhk,1.0,1.0000000000000000000000000000000000000000000000000000000000
373,"(383, 0, 112, 217)",idx0:383_idx1:0_idx2:112_idx3:217,sfr_rhk,1.0,1.0000000000000000000000000000000000000000000000000000000000000
374,"(143, 0, 181, 283)",idx0:143_idx1:0_idx2:181_idx3:283,sfr_rhk,1.0,1.0000000000000000000000000000000000000000000000000000000000000
375,"(283, 0, 157, 225)",idx0:283_idx1:0_idx2:157_idx3:225,sfr_rhk,1.0,1.0000000000000000000000000000000000000000000000000000000000000
376,"(407, 0, 122, 208)",idx0:407_idx1:0_idx2:122_idx3:208,sfr_rhk,1.0,1.0000000000000000000000000000000000000000000000000000000000000
377,"(572, 0, 53, 128)",idx0:572_idx1:0_idx2:53_idx3:128,sfr_rhk,1.0,1.000000000000000000000000000000000000000000000000000000000000
378,"(575, 0, 52, 126)",idx0:575_idx1:0_idx2:52_idx3:126,sfr_rhk,1.0,1.000000000000000000000000000000000000000000000000000000000000
379,"(442, 0, 122, 181)",idx0:442_idx1:0_idx2:122_idx3:181,sfr_rhk,1.0,1.0000000000000000000000000000000000000000000000000000000000000
380,"(386, 0, 112, 216)",idx0:386_idx1:0_idx2:112_idx3:216,sfr_rhk,1.0,1.0000000000000000000000000000000000000000000000000000000000000
381,"(610, 0, 38, 106)",idx0:610_idx1:0_idx2:38_idx3:106,sfr_rhk,1.0,1.000000000000000000000000000000000000000000000000000000000000
382,"(482, 0, 109, 157)",idx0:482_idx1:0_idx2:109_idx3:157,sfr_rhk,1.0,1.0000000000000000000000000000000000000000000000000000000000000
383,"(28, 0, 166, 361)",idx0:28_idx1:0_idx2:166_idx3:361,sfr_rhk,1.0,1.000000000000000000000000000000000000000000000000000000000000
384,"(318, 0, 133, 221)",idx0:318_idx1:0_idx2:133_idx3:221,sfr_rhk,1.0,1.0000000000000000000000000000000000000000000000000000000000000
385,"(621, 0, 36, 97)",idx0:621_idx1:0_idx2:36_idx3:97,sfr_rhk,1.0,1.00000000000000000000000000000000000000000000000000000000000
386,"(418, 0, 119, 200)",idx0:418_idx1:0_idx2:119_idx3:200,sfr_rhk,1.0,1.0000000000000000000000000000000000000000000000000000000000000
387,"(188, 0, 195, 255)",idx0:188_idx1:0_idx2:195_idx3:255,sfr_rhk,1.0,1.0000000000000000000000000000000000000000000000000000000000000
388,"(652, 0, 22, 81)",idx0:652_idx1:0_idx2:22_idx3:81,sfr_rhk,1.0,1.00000000000000000000000000000000000000000000000000000000000
389,"(226, 0, 191, 230)",idx0:226_idx1:0_idx2:191_idx3:230,sfr_rhk,1.0,1.0000000000000000000000000000000000000000000000000000000000000
390,"(251, 0, 177, 220)",idx0:251_idx1:0_idx2:177_idx3:220,sfr_rhk,1.0,1.0000000000000000000000000000000000000000000000000000000000000
391,"(224, 0, 192, 231)",idx0:224_idx1:0_idx2:192_idx3:231,sfr_rhk,1.0,1.0000000000000000000000000000000000000000000000000000000000000
392,"(484, 0, 107, 157)",idx0:484_idx1:0_idx2:107_idx3:157,sfr_rhk,1.0,1.0000000000000000000000000000000000000000000000000000000000000
393,"(638, 0, 28, 89)",idx0:638_idx1:0_idx2:28_idx3:89,sfr_rhk,1.0,1.00000000000000000000000000000000000000000000000000000000000
394,"(3, 0, 175, 377)",idx0:3_idx1:0_idx2:175_idx3:377,sfr_rhk,1.0,1.00000000000000000000000000000000000000000000000000000000000
395,"(174, 0, 191, 265)",idx0:174_idx1:0_idx2:191_idx3:265,sfr_rhk,1.0,1.0000000000000000000000000000000000000000000000000000000000000
396,"(417, 0, 119, 201)",idx0:417_idx1:0_idx2:119_idx3:201,sfr_rhk,1.0,1.0000000000000000000000000000000000000000000000000000000000000
397,"(187, 0, 195, 256)",idx0:187_idx1:0_idx2:195_idx3:256,sfr_rhk,1.0,1.0000000000000000000000000000000000000000000000000000000000000
398,"(269, 0, 168, 222)",idx0:269_idx1:0_idx2:168_idx3:222,sfr_rhk,1.0,1.0000000000000000000000000000000000000000000000000000000000000
399,"(70, 0, 158, 331)",idx0:70_idx1:0_idx2:158_idx3:331,sfr_rhk,1.0,1.000000000000000000000000000000000000000000000000000000000000
400,"(592, 0, 45, 117)",idx0:592_idx1:0_idx2:45_idx3:117,sfr_rhk,1.0,1.000000000000000000000000000000000000000000000000000000000000
401,"(549, 0, 66, 138)",idx0:549_idx1:0_idx2:66_idx3:138,sfr_rhk,1.0,1.000000000000000000000000000000000000000000000000000000000000
402,"(655, 0, 20, 80)",idx0:655_idx1:0_idx2:20_idx3:80,sfr_rhk,1.0,1.00000000000000000000000000000000000000000000000000000000000
403,"(241, 0, 184, 223)",idx0:241_idx1:0_idx2:184_idx3:223,sfr_rhk,1.0,1.0000000000000000000000000000000000000000000000000000000000000
404,"(315, 0, 135, 220)",idx0:315_idx1:0_idx2:135_idx3:220,sfr_rhk,1.0,1.0000000000000000000000000000000000000000000000000000000000000
405,"(119, 0, 169, 295)",idx0:119_idx1:0_idx2:169_idx3:295,sfr_rhk,1.0,1.0000000000000000000000000000000000000000000000000000000000000
406,"(353, 0, 122, 217)",idx0:353_idx1:0_idx2:122_idx3:217,sfr_rhk,1.0,1.0000000000000000000000000000000000000000000000000000000000000
407,"(8, 0, 174, 373)",idx0:8_idx1:0_idx2:174_idx3:373,sfr_rhk,1.0,1.00000000000000000000000000000000000000000000000000000000000
408,"(516, 0, 84, 153)",idx0:516_idx1:0_idx2:84_idx3:153,sfr_rhk,1.0,1.000000000000000000000000000000000000000000000000000000000000
409,"(166, 0, 190, 271)",idx0:166_idx1:0_idx2:190_idx3:271,sfr_rhk,1.0,1.0000000000000000000000000000000000000000000000000000000000000
410,"(293, 0, 147, 225)",idx0:293_idx1:0_idx2:147_idx3:225,sfr_rhk,1.0,1.0000000000000000000000000000000000000000000000000000000000000
411,"(351, 0, 124, 217)",idx0:351_idx1:0_idx2:124_idx3:217,sfr_rhk,1.0,1.0000000000000000000000000000000000000000000000000000000000000
412,"(170, 0, 190, 267)",idx0:170_idx1:0_idx2:190_idx3:267,sfr_rhk,1.0,1.0000000000000000000000000000000000000000000000000000000000000
413,"(423, 0, 121, 197)",idx0:423_idx1:0_idx2:121_idx3:197,sfr_rhk,1.0,1.0000000000000000000000000000000000000000000000000000000000000
414,"(148, 0, 185, 282)",idx0:148_idx1:0_idx2:185_idx3:282,sfr_rhk,1.0,1.0000000000000000000000000000000000000000000000000000000000000
415,"(90, 0, 162, 316)",idx0:90_idx1:0_idx2:162_idx3:316,sfr_rhk,1.0,1.000000000000000000000000000000000000000000000000000000000000
416,"(335, 0, 125, 228)",idx0:335_idx1:0_idx2:125_idx3:228,sfr_rhk,1.0,1.0000000000000000000000000000000000000000000000000000000000000
417,"(150, 0, 187, 282)",idx0:150_idx1:0_idx2:187_idx3:282,sfr_rhk,1.0,1.0000000000000000000000000000000000000000000000000000000000000
418,"(276, 0, 163, 224)",idx0:276_idx1:0_idx2:163_idx3:224,sfr_rhk,1.0,1.0000000000000000000000000000000000000000000000000000000000000
419,"(39, 0, 162, 356)",idx0:39_idx1:0_idx2:162_idx3:356,sfr_rhk,1.0,1.000000000000000000000000000000000000000000000000000000000000
420,"(94, 0, 163, 313)",idx0:94_idx1:0_idx2:163_idx3:313,sfr_rhk,1.0,1.000000000000000000000000000000000000000000000000000000000000
421,"(446, 0, 122, 177)",idx0:446_idx1:0_idx2:122_idx3:177,sfr_rhk,1.0,1.0000000000000000000000000000000000000000000000000000000000000
422,"(366, 0, 117, 219)",idx0:366_idx1:0_idx2:117_idx3:219,sfr_rhk,1.0,1.0000000000000000000000000000000000000000000000000000000000000
423,"(71, 0, 158, 331)",idx0:71_idx1:0_idx2:158_idx3:331,sfr_rhk,1.0,1.000000000000000000000000000000000000000000000000000000000000
424,"(465, 0, 116, 164)",idx0:465_idx1:0_idx2:116_idx3:164,sfr_rhk,1.0,1.0000000000000000000000000000000000000000000000000000000000000
425,"(650, 0, 22, 83)",idx0:650_idx1:0_idx2:22_idx3:83,sfr_rhk,1.0,1.00000000000000000000000000000000000000000000000000000000000
426,"(506, 0, 91, 156)",idx0:506_idx1:0_idx2:91_idx3:156,sfr_rhk,1.0,1.000000000000000000000000000000000000000000000000000000000000
427,"(44, 0, 163, 352)",idx0:44_idx1:0_idx2:163_idx3:352,sfr_rhk,1.0,1.000000000000000000000000000000000000000000000000000000000000
428,"(463, 0, 117, 165)",idx0:463_idx1:0_idx2:117_idx3:165,sfr_rhk,1.0,1.0000000000000000000000000000000000000000000000000000000000000
429,"(555, 0, 63, 135)",idx0:555_idx1:0_idx2:63_idx3:135,sfr_rhk,1.0,1.000000000000000000000000000000000000000000000000000000000000
430,"(21, 0, 169, 365)",idx0:21_idx1:0_idx2:169_idx3:365,sfr_rhk,1.0,1.000000000000000000000000000000000000000000000000000000000000
431,"(583, 0, 47, 124)",idx0:583_idx1:0_idx2:47_idx3:124,sfr_rhk,1.0,1.000000000000000000000000000000000000000000000000000000000000
432,"(278, 0, 162, 225)",idx0:278_idx1:0_idx2:162_idx3:225,sfr_rhk,1.0,1.0000000000000000000000000000000000000000000000000000000000000
433,"(78, 0, 160, 326)",idx0:78_idx1:0_idx2:160_idx3:326,sfr_rhk,1.0,1.000000000000000000000000000000000000000000000000000000000000
434,"(193, 0, 196, 251)",idx0:193_idx1:0_idx2:196_idx3:251,sfr_rhk,1.0,1.0000000000000000000000000000000000000000000000000000000000000
435,"(355, 0, 121, 216)",idx0:355_idx1:0_idx2:121_idx3:216,sfr_rhk,1.0,1.0000000000000000000000000000000000000000000000000000000000000
436,"(478, 0, 112, 156)",idx0:478_idx1:0_idx2:112_idx3:156,sfr_rhk,1.0,1.0000000000000000000000000000000000000000000000000000000000000
437,"(62, 0, 159, 338)",idx0:62_idx1:0_idx2:159_idx3:338,sfr_rhk,1.0,1.000000000000000000000000000000000000000000000000000000000000
438,"(263, 0, 170, 219)",idx0:263_idx1:0_idx2:170_idx3:219,sfr_rhk,1.0,1.0000000000000000000000000000000000000000000000000000000000000
439,"(413, 0, 120, 204)",idx0:413_idx1:0_idx2:120_idx3:204,sfr_rhk,1.0,1.0000000000000000000000000000000000000000000000000000000000000
440,"(431, 0, 122, 190)",idx0:431_idx1:0_idx2:122_idx3:190,sfr_rhk,1.0,1.0000000000000000000000000000000000000000000000000000000000000
441,"(201, 0, 198, 245)",idx0:201_idx1:0_idx2:198_idx3:245,sfr_rhk,1.0,1.0000000000000000000000000000000000000000000000000000000000000
442,"(300, 0, 143, 222)",idx0:300_idx1:0_idx2:143_idx3:222,sfr_rhk,1.0,1.0000000000000000000000000000000000000000000000000000000000000
443,"(53, 0, 161, 345)",idx0:53_idx1:0_idx2:161_idx3:345,sfr_rhk,1.0,1.000000000000000000000000000000000000000000000000000000000000
444,"(121, 0, 170, 294)",idx0:121_idx1:0_idx2:170_idx3:294,sfr_rhk,1.0,1.0000000000000000000000000000000000000000000000000000000000000
445,"(323, 0, 133, 226)",idx0:323_idx1:0_idx2:133_idx3:226,sfr_rhk,1.0,1.0000000000000000000000000000000000000000000000000000000000000
446,"(427, 0, 121, 193)",idx0:427_idx1:0_idx2:121_idx3:193,sfr_rhk,1.0,1.0000000000000000000000000000000000000000000000000000000000000
447,"(197, 0, 197, 248)",idx0:197_idx1:0_idx2:197_idx3:248,sfr_rhk,1.0,1.0000000000000000000000000000000000000000000000000000000000000
448,"(47, 0, 162, 350)",idx0:47_idx1:0_idx2:162_idx3:350,sfr_rhk,1.0,1.000000000000000000000000000000000000000000000000000000000000
449,"(601, 0, 41, 112)",idx0:601_idx1:0_idx2:41_idx3:112,sfr_rhk,1.0,1.000000000000000000000000000000000000000000000000000000000000
450,"(651, 0, 22, 82)",idx0:651_idx1:0_idx2:22_idx3:82,sfr_rhk,1.0,1.00000000000000000000000000000000000000000000000000000000000
451,"(264, 0, 170, 220)",idx0:264_idx1:0_idx2:170_idx3:220,sfr_rhk,1.0,1.0000000000000000000000000000000000000000000000000000000000000
452,"(337, 0, 125, 226)",idx0:337_idx1:0_idx2:125_idx3:226,sfr_rhk,1.0,1.0000000000000000000000000000000000000000000000000000000000000
453,"(373, 0, 116, 223)",idx0:373_idx1:0_idx2:116_idx3:223,sfr_rhk,1.0,1.0000000000000000000000000000000000000000000000000000000000000
454,"(356, 0, 120, 216)",idx0:356_idx1:0_idx2:120_idx3:216,sfr_rhk,1.0,1.0000000000000000000000000000000000000000000000000000000000000
455,"(163, 0, 191, 273)",idx0:163_idx1:0_idx2:191_idx3:273,sfr_rhk,1.0,1.0000000000000000000000000000000000000000000000000000000000000
456,"(676, 0, 10, 69)",idx0:676_idx1:0_idx2:10_idx3:69,sfr_rhk,1.0,1.00000000000000000000000000000000000000000000000000000000000
457,"(550, 0, 65, 138)",idx0:550_idx1:0_idx2:65_idx3:138,sfr_rhk,1.0,1.000000000000000000000000000000000000000000000000000000000000
458,"(540, 0, 71, 142)",idx0:540_idx1:0_idx2:71_idx3:142,sfr_rhk,1.0,1.000000000000000000000000000000000000000000000000000000000000
459,"(179, 0, 192, 261)",idx0:179_idx1:0_idx2:192_idx3:261,sfr_rhk,1.0,1.0000000000000000000000000000000000000000000000000000000000000
460,"(362, 0, 116, 216)",idx0:362_idx1:0_idx2:116_idx3:216,sfr_rhk,1.0,1.0000000000000000000000000000000000000000000000000000000000000
461,"(612, 0, 38, 104)",idx0:612_idx1:0_idx2:38_idx3:104,sfr_rhk,1.0,1.000000000000000000000000000000000000000000000000000000000000
462,"(124, 0, 171, 292)",idx0:124_idx1:0_idx2:171_idx3:292,sfr_rhk,1.0,1.0000000000000000000000000000000000000000000000000000000000000
463,"(377, 0, 113, 222)",idx0:377_idx1:0_idx2:113_idx3:222,sfr_rhk,1.0,1.0000000000000000000000000000000000000000000000000000000000000
464,"(18, 0, 170, 367)",idx0:18_idx1:0_idx2:170_idx3:367,sfr_rhk,1.0,1.000000000000000000000000000000000000000000000000000000000000
465,"(647, 0, 24, 84)",idx0:647_idx1:0_idx2:24_idx3:84,sfr_rhk,1.0,1.00000000000000000000000000000000000000000000000000000000000
466,"(16, 0, 171, 368)",idx0:16_idx1:0_idx2:171_idx3:368,sfr_rhk,1.0,1.000000000000000000000000000000000000000000000000000000000000
467,"(96, 0, 164, 312)",idx0:96_idx1:0_idx2:164_idx3:312,sfr_rhk,1.0,1.000000000000000000000000000000000000000000000000000000000000
468,"(645, 0, 25, 85)",idx0:645_idx1:0_idx2:25_idx3:85,sfr_rhk,1.0,1.00000000000000000000000000000000000000000000000000000000000
469,"(219, 0, 194, 234)",idx0:219_idx1:0_idx2:194_idx3:234,sfr_rhk,1.0,1.0000000000000000000000000000000000000000000000000000000000000
470,"(289, 0, 151, 225)",idx0:289_idx1:0_idx2:151_idx3:225,sfr_rhk,1.0,1.0000000000000000000000000000000000000000000000000000000000000
471,"(664, 0, 16, 75)",idx0:664_idx1:0_idx2:16_idx3:75,sfr_rhk,1.0,1.00000000000000000000000000000000000000000000000000000000000
472,"(95, 0, 163, 312)",idx0:95_idx1:0_idx2:163_idx3:312,sfr_rhk,1.0,1.000000000000000000000000000000000000000000000000000000000000
473,"(155, 0, 189, 279)",idx0:155_idx1:0_idx2:189_idx3:279,sfr_rhk,1.0,1.0000000000000000000000000000000000000000000000000000000000000
474,"(326, 0, 131, 227)",idx0:326_idx1:0_idx2:131_idx3:227,sfr_rhk,1.0,1.0000000000000000000000000000000000000000000000000000000000000
475,"(460, 0, 118, 167)",idx0:460_idx1:0_idx2:118_idx3:167,sfr_rhk,1.0,1.0000000000000000000000000000000000000000000000000000000000000
476,"(588, 0, 46, 120)",idx0:588_idx1:0_idx2:46_idx3:120,sfr_rhk,1.0,1.000000000000000000000000000000000000000000000000000000000000
477,"(435, 0, 122, 186)",idx0:435_idx1:0_idx2:122_idx3:186,sfr_rhk,1.0,1.0000000000000000000000000000000000000000000000000000000000000
478,"(616, 0, 37, 101)",idx0:616_idx1:0_idx2:37_idx3:101,sfr_rhk,1.0,1.000000000000000000000000000000000000000000000000000000000000
479,"(54, 0, 161, 344)",idx0:54_idx1:0_idx2:161_idx3:344,sfr_rhk,1.0,1.000000000000000000000000000000000000000000000000000000000000
480,"(51, 0, 162, 346)",idx0:51_idx1:0_idx2:162_idx3:346,sfr_rhk,1.0,1.000000000000000000000000000000000000000000000000000000000000
481,"(57, 0, 160, 342)",idx0:57_idx1:0_idx2:160_idx3:342,sfr_rhk,1.0,1.000000000000000000000000000000000000000000000000000000000000
482,"(76, 0, 159, 327)",idx0:76_idx1:0_idx2:159_idx3:327,sfr_rhk,1.0,1.000000000000000000000000000000000000000000000000000000000000
483,"(531, 0, 76, 146)",idx0:531_idx1:0_idx2:76_idx3:146,sfr_rhk,1.0,1.000000000000000000000000000000000000000000000000000000000000
484,"(29, 0, 165, 361)",idx0:29_idx1:0_idx2:165_idx3:361,sfr_rhk,1.0,1.000000000000000000000000000000000000000000000000000000000000
485,"(403, 0, 121, 210)",idx0:403_idx1:0_idx2:121_idx3:210,sfr_rhk,1.0,1.0000000000000000000000000000000000000000000000000000000000000
486,"(67, 0, 158, 334)",idx0:67_idx1:0_idx2:158_idx3:334,sfr_rhk,1.0,1.000000000000000000000000000000000000000000000000000000000000
487,"(117, 0, 168, 296)",idx0:117_idx1:0_idx2:168_idx3:296,sfr_rhk,1.0,1.0000000000000000000000000000000000000000000000000000000000000
488,"(529, 0, 77, 147)",idx0:529_idx1:0_idx2:77_idx3:147,sfr_rhk,1.0,1.000000000000000000000000000000000000000000000000000000000000
489,"(11, 0, 173, 371)",idx0:11_idx1:0_idx2:173_idx3:371,sfr_rhk,1.0,1.000000000000000000000000000000000000000000000000000000000000
490,"(637, 0, 29, 89)",idx0:637_idx1:0_idx2:29_idx3:89,sfr_rhk,1.0,1.00000000000000000000000000000000000000000000000000000000000
491,"(479, 0, 111, 156)",idx0:479_idx1:0_idx2:111_idx3:156,sfr_rhk,1.0,1.0000000000000000000000000000000000000000000000000000000000000
492,"(36, 0, 161, 358)",idx0:36_idx1:0_idx2:161_idx3:358,sfr_rhk,1.0,1.000000000000000000000000000000000000000000000000000000000000
493,"(154, 0, 189, 280)",idx0:154_idx1:0_idx2:189_idx3:280,sfr_rhk,1.0,1.0000000000000000000000000000000000000000000000000000000000000
494,"(83, 0, 161, 322)",idx0:83_idx1:0_idx2:161_idx3:322,sfr_rhk,1.0,1.000000000000000000000000000000000000000000000000000000000000
495,"(307, 0, 139, 219)",idx0:307_idx1:0_idx2:139_idx3:219,sfr_rhk,1.0,1.0000000000000000000000000000000000000000000000000000000000000
496,"(384, 0, 111, 217)",idx0:384_idx1:0_idx2:111_idx3:217,sfr_rhk,1.0,1.0000000000000000000000000000000000000000000000000000000000000
497,"(598, 0, 42, 114)",idx0:598_idx1:0_idx2:42_idx3:114,sfr_rhk,1.0,1.000000000000000000000000000000000000000000000000000000000000
498,"(66, 0, 158, 335)",idx0:66_idx1:0_idx2:158_idx3:335,sfr_rhk,1.0,1.000000000000000000000000000000000000000000000000000000000000
499,"(200, 0, 198, 246)",idx0:200_idx1:0_idx2:198_idx3:246,sfr_rhk,1.0,1.0000000000000000000000000000000000000000000000000000000000000
500,"(657, 0, 19, 79)",idx0:657_idx1:0_idx2:19_idx3:79,sfr_rhk,1.0,1.00000000000000000000000000000000000000000000000000000000000
501,"(317, 0, 134, 221)",idx0:317_idx1:0_idx2:134_idx3:221,sfr_rhk,1.0,1.0000000000000000000000000000000000000000000000000000000000000
502,"(113, 0, 167, 299)",idx0:113_idx1:0_idx2:167_idx3:299,sfr_rhk,1.0,1.0000000000000000000000000000000000000000000000000000000000000
503,"(596, 0, 43, 115)",idx0:596_idx1:0_idx2:43_idx3:115,sfr_rhk,1.0,1.000000000000000000000000000000000000000000000000000000000000
504,"(382, 0, 112, 218)",idx0:382_idx1:0_idx2:112_idx3:218,sfr_rhk,1.0,1.0000000000000000000000000000000000000000000000000000000000000
505,"(100, 0, 164, 308)",idx0:100_idx1:0_idx2:164_idx3:308,sfr_rhk,1.0,1.0000000000000000000000000000000000000000000000000000000000000
506,"(198, 0, 198, 248)",idx0:198_idx1:0_idx2:198_idx3:248,sfr_rhk,1.0,1.0000000000000000000000000000000000000000000000000000000000000
507,"(449, 0, 121, 175)",idx0:449_idx1:0_idx2:121_idx3:175,sfr_rhk,1.0,1.0000000000000000000000000000000000000000000000000000000000000
508,"(181, 0, 193, 260)",idx0:181_idx1:0_idx2:193_idx3:260,sfr_rhk,1.0,1.0000000000000000000000000000000000000000000000000000000000000
509,"(146, 0, 183, 282)",idx0:146_idx1:0_idx2:183_idx3:282,sfr_rhk,1.0,1.0000000000000000000000000000000000000000000000000000000000000
510,"(432, 0, 122, 189)",idx0:432_idx1:0_idx2:122_idx3:189,sfr_rhk,1.0,1.0000000000000000000000000000000000000000000000000000000000000
511,"(347, 0, 125, 220)",idx0:347_idx1:0_idx2:125_idx3:220,sfr_rhk,1.0,1.0000000000000000000000000000000000000000000000000000000000000
512,"(126, 0, 172, 291)",idx0:126_idx1:0_idx2:172_idx3:291,sfr_rhk,1.0,1.0000000000000000000000000000000000000000000000000000000000000
513,"(491, 0, 101, 158)",idx0:491_idx1:0_idx2:101_idx3:158,sfr_rhk,1.0,1.0000000000000000000000000000000000000000000000000000000000000
514,"(468, 0, 115, 162)",idx0:468_idx1:0_idx2:115_idx3:162,sfr_rhk,1.0,1.0000000000000000000000000000000000000000000000000000000000000
515,"(613, 0, 38, 103)",idx0:613_idx1:0_idx2:38_idx3:103,sfr_rhk,1.0,1.000000000000000000000000000000000000000000000000000000000000
516,"(246, 0, 181, 221)",idx0:246_idx1:0_idx2:181_idx3:221,sfr_rhk,1.0,1.0000000000000000000000000000000000000000000000000000000000000
517,"(521, 0, 81, 151)",idx0:521_idx1:0_idx2:81_idx3:151,sfr_rhk,1.0,1.000000000000000000000000000000000000000000000000000000000000
518,"(466, 0, 116, 163)",idx0:466_idx1:0_idx2:116_idx3:163,sfr_rhk,1.0,1.0000000000000000000000000000000000000000000000000000000000000
519,"(396, 0, 116, 210)",idx0:396_idx1:0_idx2:116_idx3:210,sfr_rhk,1.0,1.0000000000000000000000000000000000000000000000000000000000000
520,"(424, 0, 121, 196)",idx0:424_idx1:0_idx2:121_idx3:196,sfr_rhk,1.0,1.0000000000000000000000000000000000000000000000000000000000000
521,"(428, 0, 121, 192)",idx0:428_idx1:0_idx2:121_idx3:192,sfr_rhk,1.0,1.0000000000000000000000000000000000000000000000000000000000000
522,"(517, 0, 84, 152)",idx0:517_idx1:0_idx2:84_idx3:152,sfr_rhk,1.0,1.000000000000000000000000000000000000000000000000000000000000
523,"(630, 0, 32, 93)",idx0:630_idx1:0_idx2:32_idx3:93,sfr_rhk,1.0,1.00000000000000000000000000000000000000000000000000000000000
524,"(210, 0, 199, 238)",idx0:210_idx1:0_idx2:199_idx3:238,sfr_rhk,1.0,1.0000000000000000000000000000000000000000000000000000000000000
525,"(290, 0, 150, 225)",idx0:290_idx1:0_idx2:150_idx3:225,sfr_rhk,1.0,1.0000000000000000000000000000000000000000000000000000000000000
526,"(634, 0, 30, 91)",idx0:634_idx1:0_idx2:30_idx3:91,sfr_rhk,1.0,1.00000000000000000000000000000000000000000000000000000000000
527,"(649, 0, 23, 83)",idx0:649_idx1:0_idx2:23_idx3:83,sfr_rhk,1.0,1.00000000000000000000000000000000000000000000000000000000000
528,"(284, 0, 156, 225)",idx0:284_idx1:0_idx2:156_idx3:225,sfr_rhk,1.0,1.0000000000000000000000000000000000000000000000000000000000000
529,"(65, 0, 158, 336)",idx0:65_idx1:0_idx2:158_idx3:336,sfr_rhk,1.0,1.000000000000000000000000000000000000000000000000000000000000
530,"(242, 0, 183, 223)",idx0:242_idx1:0_idx2:183_idx3:223,sfr_rhk,1.0,1.0000000000000000000000000000000000000000000000000000000000000
531,"(591, 0, 45, 118)",idx0:591_idx1:0_idx2:45_idx3:118,sfr_rhk,1.0,1.000000000000000000000000000000000000000000000000000000000000
532,"(131, 0, 174, 288)",idx0:131_idx1:0_idx2:174_idx3:288,sfr_rhk,1.0,1.0000000000000000000000000000000000000000000000000000000000000
533,"(240, 0, 184, 224)",idx0:240_idx1:0_idx2:184_idx3:224,sfr_rhk,1.0,1.0000000000000000000000000000000000000000000000000000000000000
534,"(274, 0, 164, 223)",idx0:274_idx1:0_idx2:164_idx3:223,sfr_rhk,1.0,1.0000000000000000000000000000000000000000000000000000000000000
535,"(436, 0, 122, 185)",idx0:436_idx1:0_idx2:122_idx3:185,sfr_rhk,1.0,1.0000000000000000000000000000000000000000000000000000000000000
536,"(697, 0, 0, 58)",idx0:697_idx1:0_idx2:0_idx3:58,sfr_rhk,1.0,1.0000000000000000000000000000000000000000000000000000000000
537,"(604, 0, 40, 110)",idx0:604_idx1:0_idx2:40_idx3:110,sfr_rhk,1.0,1.000000000000000000000000000000000000000000000000000000000000
538,"(497, 0, 96, 159)",idx0:497_idx1:0_idx2:96_idx3:159,sfr_rhk,1.0,1.000000000000000000000000000000000000000000000000000000000000
539,"(692, 0, 2, 61)",idx0:692_idx1:0_idx2:2_idx3:61,sfr_rhk,1.0,1.0000000000000000000000000000000000000000000000000000000000
540,"(160, 0, 191, 276)",idx0:160_idx1:0_idx2:191_idx3:276,sfr_rhk,1.0,1.0000000000000000000000000000000000000000000000000000000000000
541,"(206, 0, 199, 241)",idx0:206_idx1:0_idx2:199_idx3:241,sfr_rhk,1.0,1.0000000000000000000000000000000000000000000000000000000000000
542,"(553, 0, 64, 136)",idx0:553_idx1:0_idx2:64_idx3:136,sfr_rhk,1.0,1.000000000000000000000000000000000000000000000000000000000000
543,"(93, 0, 163, 314)",idx0:93_idx1:0_idx2:163_idx3:314,sfr_rhk,1.0,1.000000000000000000000000000000000000000000000000000000000000
544,"(202, 0, 198, 244)",idx0:202_idx1:0_idx2:198_idx3:244,sfr_rhk,1.0,1.0000000000000000000000000000000000000000000000000000000000000
545,"(641, 0, 27, 87)",idx0:641_idx1:0_idx2:27_idx3:87,sfr_rhk,1.0,1.00000000000000000000000000000000000000000000000000000000000
546,"(533, 0, 75, 145)",idx0:533_idx1:0_idx2:75_idx3:145,sfr_rhk,1.0,1.000000000000000000000000000000000000000000000000000000000000
547,"(37, 0, 161, 357)",idx0:37_idx1:0_idx2:161_idx3:357,sfr_rhk,1.0,1.000000000000000000000000000000000000000000000000000000000000
548,"(349, 0, 125, 218)",idx0:349_idx1:0_idx2:125_idx3:218,sfr_rhk,1.0,1.0000000000000000000000000000000000000000000000000000000000000
549,"(554, 0, 63, 136)",idx0:554_idx1:0_idx2:63_idx3:136,sfr_rhk,1.0,1.000000000000000000000000000000000000000000000000000000000000
550,"(109, 0, 166, 301)",idx0:109_idx1:0_idx2:166_idx3:301,sfr_rhk,1.0,1.0000000000000000000000000000000000000000000000000000000000000
551,"(60, 0, 160, 339)",idx0:60_idx1:0_idx2:160_idx3:339,sfr_rhk,1.0,1.000000000000000000000000000000000000000000000000000000000000
552,"(411, 0, 121, 205)",idx0:411_idx1:0_idx2:121_idx3:205,sfr_rhk,1.0,1.0000000000000000000000000000000000000000000000000000000000000
553,"(298, 0, 144, 223)",idx0:298_idx1:0_idx2:144_idx3:223,sfr_rhk,1.0,1.0000000000000000000000000000000000000000000000000000000000000
554,"(222, 0, 193, 232)",idx0:222_idx1:0_idx2:193_idx3:232,sfr_rhk,1.0,1.0000000000000000000000000000000000000000000000000000000000000
555,"(147, 0, 184, 282)",idx0:147_idx1:0_idx2:184_idx3:282,sfr_rhk,1.0,1.0000000000000000000000000000000000000000000000000000000000000
556,"(253, 0, 176, 219)",idx0:253_idx1:0_idx2:176_idx3:219,sfr_rhk,1.0,1.0000000000000000000000000000000000000000000000000000000000000
557,"(544, 0, 69, 140)",idx0:544_idx1:0_idx2:69_idx3:140,sfr_rhk,1.0,1.000000000000000000000000000000000000000000000000000000000000
558,"(369, 0, 118, 221)",idx0:369_idx1:0_idx2:118_idx3:221,sfr_rhk,1.0,1.0000000000000000000000000000000000000000000000000000000000000
559,"(249, 0, 179, 220)",idx0:249_idx1:0_idx2:179_idx3:220,sfr_rhk,1.0,1.0000000000000000000000000000000000000000000000000000000000000
560,"(69, 0, 158, 332)",idx0:69_idx1:0_idx2:158_idx3:332,sfr_rhk,1.0,1.000000000000000000000000000000000000000000000000000000000000
561,"(190, 0, 195, 253)",idx0:190_idx1:0_idx2:195_idx3:253,sfr_rhk,1.0,1.0000000000000000000000000000000000000000000000000000000000000
562,"(101, 0, 165, 308)",idx0:101_idx1:0_idx2:165_idx3:308,sfr_rhk,1.0,1.0000000000000000000000000000000000000000000000000000000000000
563,"(375, 0, 114, 223)",idx0:375_idx1:0_idx2:114_idx3:223,sfr_rhk,1.0,1.0000000000000000000000000000000000000000000000000000000000000
564,"(545, 0, 68, 140)",idx0:545_idx1:0_idx2:68_idx3:140,sfr_rhk,1.0,1.000000000000000000000000000000000000000000000000000000000000
565,"(105, 0, 165, 304)",idx0:105_idx1:0_idx2:165_idx3:304,sfr_rhk,1.0,1.0000000000000000000000000000000000000000000000000000000000000
566,"(566, 0, 56, 131)",idx0:566_idx1:0_idx2:56_idx3:131,sfr_rhk,1.0,1.000000000000000000000000000000000000000000000000000000000000
567,"(114, 0, 167, 298)",idx0:114_idx1:0_idx2:167_idx3:298,sfr_rhk,1.0,1.0000000000000000000000000000000000000000000000000000000000000
568,"(299, 0, 143, 223)",idx0:299_idx1:0_idx2:143_idx3:223,sfr_rhk,1.0,1.0000000000000000000000000000000000000000000000000000000000000
569,"(322, 0, 133, 225)",idx0:322_idx1:0_idx2:133_idx3:225,sfr_rhk,1.0,1.0000000000000000000000000000000000000000000000000000000000000
570,"(64, 0, 159, 336)",idx0:64_idx1:0_idx2:159_idx3:336,sfr_rhk,1.0,1.000000000000000000000000000000000000000000000000000000000000
571,"(511, 0, 88, 154)",idx0:511_idx1:0_idx2:88_idx3:154,sfr_rhk,1.0,1.000000000000000000000000000000000000000000000000000000000000
572,"(106, 0, 166, 304)",idx0:106_idx1:0_idx2:166_idx3:304,sfr_rhk,1.0,1.0000000000000000000000000000000000000000000000000000000000000
573,"(443, 0, 122, 180)",idx0:443_idx1:0_idx2:122_idx3:180,sfr_rhk,1.0,1.0000000000000000000000000000000000000000000000000000000000000
574,"(643, 0, 26, 86)",idx0:643_idx1:0_idx2:26_idx3:86,sfr_rhk,1.0,1.00000000000000000000000000000000000000000000000000000000000
575,"(217, 0, 195, 235)",idx0:217_idx1:0_idx2:195_idx3:235,sfr_rhk,1.0,1.0000000000000000000000000000000000000000000000000000000000000
576,"(447, 0, 122, 176)",idx0:447_idx1:0_idx2:122_idx3:176,sfr_rhk,1.0,1.0000000000000000000000000000000000000000000000000000000000000
577,"(450, 0, 121, 174)",idx0:450_idx1:0_idx2:121_idx3:174,sfr_rhk,1.0,1.0000000000000000000000000000000000000000000000000000000000000
578,"(215, 0, 196, 236)",idx0:215_idx1:0_idx2:196_idx3:236,sfr_rhk,1.0,1.0000000000000000000000000000000000000000000000000000000000000
579,"(425, 0, 121, 195)",idx0:425_idx1:0_idx2:121_idx3:195,sfr_rhk,1.0,1.0000000000000000000000000000000000000000000000000000000000000
580,"(660, 0, 18, 77)",idx0:660_idx1:0_idx2:18_idx3:77,sfr_rhk,1.0,1.00000000000000000000000000000000000000000000000000000000000
581,"(89, 0, 162, 317)",idx0:89_idx1:0_idx2:162_idx3:317,sfr_rhk,1.0,1.000000000000000000000000000000000000000000000000000000000000
582,"(286, 0, 154, 225)",idx0:286_idx1:0_idx2:154_idx3:225,sfr_rhk,1.0,1.0000000000000000000000000000000000000000000000000000000000000
583,"(341, 0, 126, 223)",idx0:341_idx1:0_idx2:126_idx3:223,sfr_rhk,1.0,1.0000000000000000000000000000000000000000000000000000000000000
584,"(685, 0, 6, 64)",idx0:685_idx1:0_idx2:6_idx3:64,sfr_rhk,1.0,1.0000000000000000000000000000000000000000000000000000000000
585,"(17, 0, 170, 368)",idx0:17_idx1:0_idx2:170_idx3:368,sfr_rhk,1.0,1.000000000000000000000000000000000000000000000000000000000000
586,"(132, 0, 175, 288)",idx0:132_idx1:0_idx2:175_idx3:288,sfr_rhk,1.0,1.0000000000000000000000000000000000000000000000000000000000000
587,"(461, 0, 118, 166)",idx0:461_idx1:0_idx2:118_idx3:166,sfr_rhk,1.0,1.0000000000000000000000000000000000000000000000000000000000000
588,"(464, 0, 117, 164)",idx0:464_idx1:0_idx2:117_idx3:164,sfr_rhk,1.0,1.0000000000000000000000000000000000000000000000000000000000000
589,"(609, 0, 39, 106)",idx0:609_idx1:0_idx2:39_idx3:106,sfr_rhk,1.0,1.000000000000000000000000000000000000000000000000000000000000
590,"(321, 0, 133, 224)",idx0:321_idx1:0_idx2:133_idx3:224,sfr_rhk,1.0,1.0000000000000000000000000000000000000000000000000000000000000
591,"(257, 0, 173, 218)",idx0:257_idx1:0_idx2:173_idx3:218,sfr_rhk,1.0,1.0000000000000000000000000000000000000000000000000000000000000
592,"(43, 0, 163, 353)",idx0:43_idx1:0_idx2:163_idx3:353,sfr_rhk,1.0,1.000000000000000000000000000000000000000000000000000000000000
593,"(41, 0, 162, 354)",idx0:41_idx1:0_idx2:162_idx3:354,sfr_rhk,1.0,1.000000000000000000000000000000000000000000000000000000000000
594,"(15, 0, 171, 369)",idx0:15_idx1:0_idx2:171_idx3:369,sfr_rhk,1.0,1.000000000000000000000000000000000000000000000000000000000000
595,"(161, 0, 191, 275)",idx0:161_idx1:0_idx2:191_idx3:275,sfr_rhk,1.0,1.0000000000000000000000000000000000000000000000000000000000000
596,"(686, 0, 5, 64)",idx0:686_idx1:0_idx2:5_idx3:64,sfr_rhk,1.0,1.0000000000000000000000000000000000000000000000000000000000
597,"(194, 0, 196, 250)",idx0:194_idx1:0_idx2:196_idx3:250,sfr_rhk,1.0,1.0000000000000000000000000000000000000000000000000000000000000
598,"(389, 0, 112, 213)",idx0:389_idx1:0_idx2:112_idx3:213,sfr_rhk,1.0,1.0000000000000000000000000000000000000000000000000000000000000
599,"(406, 0, 122, 208)",idx0:406_idx1:0_idx2:122_idx3:208,sfr_rhk,1.0,1.0000000000000000000000000000000000000000000000000000000000000
600,"(152, 0, 188, 281)",idx0:152_idx1:0_idx2:188_idx3:281,sfr_rhk,1.0,1.0000000000000000000000000000000000000000000000000000000000000
601,"(271, 0, 167, 223)",idx0:271_idx1:0_idx2:167_idx3:223,sfr_rhk,1.0,1.0000000000000000000000000000000000000000000000000000000000000
602,"(481, 0, 109, 156)",idx0:481_idx1:0_idx2:109_idx3:156,sfr_rhk,1.0,1.0000000000000000000000000000000000000000000000000000000000000
603,"(509, 0, 89, 155)",idx0:509_idx1:0_idx2:89_idx3:155,sfr_rhk,1.0,1.000000000000000000000000000000000000000000000000000000000000
604,"(607, 0, 39, 108)",idx0:607_idx1:0_idx2:39_idx3:108,sfr_rhk,1.0,1.000000000000000000000000000000000000000000000000000000000000
605,"(534, 0, 74, 145)",idx0:534_idx1:0_idx2:74_idx3:145,sfr_rhk,1.0,1.000000000000000000000000000000000000000000000000000000000000
606,"(118, 0, 168, 295)",idx0:118_idx1:0_idx2:168_idx3:295,sfr_rhk,1.0,1.0000000000000000000000000000000000000000000000000000000000000
607,"(635, 0, 30, 90)",idx0:635_idx1:0_idx2:30_idx3:90,sfr_rhk,1.0,1.00000000000000000000000000000000000000000000000000000000000
608,"(330, 0, 129, 229)",idx0:330_idx1:0_idx2:129_idx3:229,sfr_rhk,1.0,1.0000000000000000000000000000000000000000000000000000000000000
609,"(580, 0, 48, 126)",idx0:580_idx1:0_idx2:48_idx3:126,sfr_rhk,1.0,1.000000000000000000000000000000000000000000000000000000000000
610,"(223, 0, 192, 232)",idx0:223_idx1:0_idx2:192_idx3:232,sfr_rhk,1.0,1.0000000000000000000000000000000000000000000000000000000000000
611,"(390, 0, 113, 213)",idx0:390_idx1:0_idx2:113_idx3:213,sfr_rhk,1.0,1.0000000000000000000000000000000000000000000000000000000000000
612,"(388, 0, 112, 214)",idx0:388_idx1:0_idx2:112_idx3:214,sfr_rhk,1.0,1.0000000000000000000000000000000000000000000000000000000000000
613,"(658, 0, 19, 78)",idx0:658_idx1:0_idx2:19_idx3:78,sfr_rhk,1.0,1.00000000000000000000000000000000000000000000000000000000000
614,"(527, 0, 78, 148)",idx0:527_idx1:0_idx2:78_idx3:148,sfr_rhk,1.0,1.000000000000000000000000000000000000000000000000000000000000
615,"(594, 0, 44, 116)",idx0:594_idx1:0_idx2:44_idx3:116,sfr_rhk,1.0,1.000000000000000000000000000000000000000000000000000000000000
616,"(380, 0, 113, 219)",idx0:380_idx1:0_idx2:113_idx3:219,sfr_rhk,1.0,1.0000000000000000000000000000000000000000000000000000000000000
617,"(141, 0, 180, 284)",idx0:141_idx1:0_idx2:180_idx3:284,sfr_rhk,1.0,1.0000000000000000000000000000000000000000000000000000000000000
618,"(199, 0, 198, 247)",idx0:199_idx1:0_idx2:198_idx3:247,sfr_rhk,1.0,1.0000000000000000000000000000000000000000000000000000000000000
619,"(394, 0, 114, 210)",idx0:394_idx1:0_idx2:114_idx3:210,sfr_rhk,1.0,1.0000000000000000000000000000000000000000000000000000000000000
620,"(494, 0, 99, 159)",idx0:494_idx1:0_idx2:99_idx3:159,sfr_rhk,1.0,1.000000000000000000000000000000000000000000000000000000000000
621,"(10, 0, 173, 372)",idx0:10_idx1:0_idx2:173_idx3:372,sfr_rhk,1.0,1.000000000000000000000000000000000000000000000000000000000000
622,"(433, 0, 122, 188)",idx0:433_idx1:0_idx2:122_idx3:188,sfr_rhk,1.0,1.0000000000000000000000000000000000000000000000000000000000000
623,"(498, 0, 96, 159)",idx0:498_idx1:0_idx2:96_idx3:159,sfr_rhk,1.0,1.000000000000000000000000000000000000000000000000000000000000
624,"(518, 0, 83, 152)",idx0:518_idx1:0_idx2:83_idx3:152,sfr_rhk,1.0,1.000000000000000000000000000000000000000000000000000000000000
625,"(525, 0, 79, 149)",idx0:525_idx1:0_idx2:79_idx3:149,sfr_rhk,1.0,1.000000000000000000000000000000000000000000000000000000000000
626,"(381, 0, 112, 219)",idx0:381_idx1:0_idx2:112_idx3:219,sfr_rhk,1.0,1.0000000000000000000000000000000000000000000000000000000000000
627,"(178, 0, 192, 262)",idx0:178_idx1:0_idx2:192_idx3:262,sfr_rhk,1.0,1.0000000000000000000000000000000000000000000000000000000000000
628,"(244, 0, 182, 222)",idx0:244_idx1:0_idx2:182_idx3:222,sfr_rhk,1.0,1.0000000000000000000000000000000000000000000000000000000000000
629,"(180, 0, 193, 261)",idx0:180_idx1:0_idx2:193_idx3:261,sfr_rhk,1.0,1.0000000000000000000000000000000000000000000000000000000000000
630,"(270, 0, 167, 222)",idx0:270_idx1:0_idx2:167_idx3:222,sfr_rhk,1.0,1.0000000000000000000000000000000000000000000000000000000000000
631,"(191, 0, 196, 253)",idx0:191_idx1:0_idx2:196_idx3:253,sfr_rhk,1.0,1.0000000000000000000000000000000000000000000000000000000000000
632,"(379, 0, 113, 220)",idx0:379_idx1:0_idx2:113_idx3:220,sfr_rhk,1.0,1.0000000000000000000000000000000000000000000000000000000000000
633,"(421, 0, 120, 198)",idx0:421_idx1:0_idx2:120_idx3:198,sfr_rhk,1.0,1.0000000000000000000000000000000000000000000000000000000000000
634,"(167, 0, 190, 270)",idx0:167_idx1:0_idx2:190_idx3:270,sfr_rhk,1.0,1.0000000000000000000000000000000000000000000000000000000000000
635,"(571, 0, 53, 129)",idx0:571_idx1:0_idx2:53_idx3:129,sfr_rhk,1.0,1.000000000000000000000000000000000000000000000000000000000000
636,"(171, 0, 190, 266)",idx0:171_idx1:0_idx2:190_idx3:266,sfr_rhk,1.0,1.0000000000000000000000000000000000000000000000000000000000000
637,"(292, 0, 148, 225)",idx0:292_idx1:0_idx2:148_idx3:225,sfr_rhk,1.0,1.0000000000000000000000000000000000000000000000000000000000000
638,"(606, 0, 39, 109)",idx0:606_idx1:0_idx2:39_idx3:109,sfr_rhk,1.0,1.000000000000000000000000000000000000000000000000000000000000
639,"(448, 0, 121, 176)",idx0:448_idx1:0_idx2:121_idx3:176,sfr_rhk,1.0,1.0000000000000000000000000000000000000000000000000000000000000
640,"(567, 0, 56, 130)",idx0:567_idx1:0_idx2:56_idx3:130,sfr_rhk,1.0,1.000000000000000000000000000000000000000000000000000000000000
641,"(365, 0, 117, 218)",idx0:365_idx1:0_idx2:117_idx3:218,sfr_rhk,1.0,1.0000000000000000000000000000000000000000000000000000000000000
642,"(414, 0, 120, 203)",idx0:414_idx1:0_idx2:120_idx3:203,sfr_rhk,1.0,1.0000000000000000000000000000000000000000000000000000000000000
643,"(372, 0, 117, 223)",idx0:372_idx1:0_idx2:117_idx3:223,sfr_rhk,1.0,1.0000000000000000000000000000000000000000000000000000000000000
644,"(134, 0, 176, 287)",idx0:134_idx1:0_idx2:176_idx3:287,sfr_rhk,1.0,1.0000000000000000000000000000000000000000000000000000000000000
645,"(235, 0, 186, 226)",idx0:235_idx1:0_idx2:186_idx3:226,sfr_rhk,1.0,1.0000000000000000000000000000000000000000000000000000000000000
646,"(245, 0, 181, 222)",idx0:245_idx1:0_idx2:181_idx3:222,sfr_rhk,1.0,1.0000000000000000000000000000000000000000000000000000000000000
647,"(670, 0, 13, 72)",idx0:670_idx1:0_idx2:13_idx3:72,sfr_rhk,1.0,1.00000000000000000000000000000000000000000000000000000000000
648,"(520, 0, 81, 152)",idx0:520_idx1:0_idx2:81_idx3:152,sfr_rhk,1.0,1.000000000000000000000000000000000000000000000000000000000000
649,"(98, 0, 164, 310)",idx0:98_idx1:0_idx2:164_idx3:310,sfr_rhk,1.0,1.000000000000000000000000000000000000000000000000000000000000
650,"(26, 0, 167, 362)",idx0:26_idx1:0_idx2:167_idx3:362,sfr_rhk,1.0,1.000000000000000000000000000000000000000000000000000000000000
651,"(695, 0, 1, 59)",idx0:695_idx1:0_idx2:1_idx3:59,sfr_rhk,1.0,1.0000000000000000000000000000000000000000000000000000000000
652,"(354, 0, 122, 216)",idx0:354_idx1:0_idx2:122_idx3:216,sfr_rhk,1.0,1.0000000000000000000000000000000000000000000000000000000000000
653,"(615, 0, 37, 102)",idx0:615_idx1:0_idx2:37_idx3:102,sfr_rhk,1.0,1.000000000000000000000000000000000000000000000000000000000000
654,"(277, 0, 163, 225)",idx0:277_idx1:0_idx2:163_idx3:225,sfr_rhk,1.0,1.0000000000000000000000000000000000000000000000000000000000000
655,"(560, 0, 60, 133)",idx0:560_idx1:0_idx2:60_idx3:133,sfr_rhk,1.0,1.000000000000000000000000000000000000000000000000000000000000
656,"(75, 0, 159, 328)",idx0:75_idx1:0_idx2:159_idx3:328,sfr_rhk,1.0,1.000000000000000000000000000000000000000000000000000000000000
657,"(209, 0, 199, 239)",idx0:209_idx1:0_idx2:199_idx3:239,sfr_rhk,1.0,1.0000000000000000000000000000000000000000000000000000000000000
658,"(86, 0, 162, 320)",idx0:86_idx1:0_idx2:162_idx3:320,sfr_rhk,1.0,1.000000000000000000000000000000000000000000000000000000000000
659,"(558, 0, 61, 134)",idx0:558_idx1:0_idx2:61_idx3:134,sfr_rhk,1.0,1.000000000000000000000000000000000000000000000000000000000000
660,"(153, 0, 188, 280)",idx0:153_idx1:0_idx2:188_idx3:280,sfr_rhk,1.0,1.0000000000000000000000000000000000000000000000000000000000000
661,"(551, 0, 65, 137)",idx0:551_idx1:0_idx2:65_idx3:137,sfr_rhk,1.0,1.000000000000000000000000000000000000000000000000000000000000
662,"(636, 0, 29, 90)",idx0:636_idx1:0_idx2:29_idx3:90,sfr_rhk,1.0,1.00000000000000000000000000000000000000000000000000000000000
663,"(35, 0, 162, 358)",idx0:35_idx1:0_idx2:162_idx3:358,sfr_rhk,1.0,1.000000000000000000000000000000000000000000000000000000000000
664,"(32, 0, 163, 360)",idx0:32_idx1:0_idx2:163_idx3:360,sfr_rhk,1.0,1.000000000000000000000000000000000000000000000000000000000000
665,"(477, 0, 112, 156)",idx0:477_idx1:0_idx2:112_idx3:156,sfr_rhk,1.0,1.0000000000000000000000000000000000000000000000000000000000000
666,"(590, 0, 46, 118)",idx0:590_idx1:0_idx2:46_idx3:118,sfr_rhk,1.0,1.000000000000000000000000000000000000000000000000000000000000
667,"(455, 0, 119, 171)",idx0:455_idx1:0_idx2:119_idx3:171,sfr_rhk,1.0,1.0000000000000000000000000000000000000000000000000000000000000
668,"(82, 0, 161, 323)",idx0:82_idx1:0_idx2:161_idx3:323,sfr_rhk,1.0,1.000000000000000000000000000000000000000000000000000000000000
669,"(303, 0, 141, 221)",idx0:303_idx1:0_idx2:141_idx3:221,sfr_rhk,1.0,1.0000000000000000000000000000000000000000000000000000000000000
670,"(603, 0, 40, 111)",idx0:603_idx1:0_idx2:40_idx3:111,sfr_rhk,1.0,1.000000000000000000000000000000000000000000000000000000000000
671,"(653, 0, 21, 81)",idx0:653_idx1:0_idx2:21_idx3:81,sfr_rhk,1.0,1.00000000000000000000000000000000000000000000000000000000000
672,"(475, 0, 113, 157)",idx0:475_idx1:0_idx2:113_idx3:157,sfr_rhk,1.0,1.0000000000000000000000000000000000000000000000000000000000000
673,"(233, 0, 187, 227)",idx0:233_idx1:0_idx2:187_idx3:227,sfr_rhk,1.0,1.0000000000000000000000000000000000000000000000000000000000000
674,"(255, 0, 174, 219)",idx0:255_idx1:0_idx2:174_idx3:219,sfr_rhk,1.0,1.0000000000000000000000000000000000000000000000000000000000000
675,"(678, 0, 9, 68)",idx0:678_idx1:0_idx2:9_idx3:68,sfr_rhk,1.0,1.0000000000000000000000000000000000000000000000000000000000
676,"(595, 0, 43, 116)",idx0:595_idx1:0_idx2:43_idx3:116,sfr_rhk,1.0,1.000000000000000000000000000000000000000000000000000000000000
677,"(324, 0, 132, 226)",idx0:324_idx1:0_idx2:132_idx3:226,sfr_rhk,1.0,1.0000000000000000000000000000000000000000000000000000000000000
678,"(218, 0, 195, 234)",idx0:218_idx1:0_idx2:195_idx3:234,sfr_rhk,1.0,1.0000000000000000000000000000000000000000000000000000000000000
679,"(125, 0, 171, 291)",idx0:125_idx1:0_idx2:171_idx3:291,sfr_rhk,1.0,1.0000000000000000000000000000000000000000000000000000000000000
680,"(111, 0, 166, 300)",idx0:111_idx1:0_idx2:166_idx3:300,sfr_rhk,1.0,1.0000000000000000000000000000000000000000000000000000000000000
681,"(176, 0, 191, 263)",idx0:176_idx1:0_idx2:191_idx3:263,sfr_rhk,1.0,1.0000000000000000000000000000000000000000000000000000000000000
682,"(614, 0, 37, 103)",idx0:614_idx1:0_idx2:37_idx3:103,sfr_rhk,1.0,1.000000000000000000000000000000000000000000000000000000000000
683,"(247, 0, 180, 221)",idx0:247_idx1:0_idx2:180_idx3:221,sfr_rhk,1.0,1.0000000000000000000000000000000000000000000000000000000000000
684,"(490, 0, 102, 158)",idx0:490_idx1:0_idx2:102_idx3:158,sfr_rhk,1.0,1.0000000000000000000000000000000000000000000000000000000000000
685,"(359, 0, 118, 215)",idx0:359_idx1:0_idx2:118_idx3:215,sfr_rhk,1.0,1.0000000000000000000000000000000000000000000000000000000000000
686,"(144, 0, 182, 283)",idx0:144_idx1:0_idx2:182_idx3:283,sfr_rhk,1.0,1.0000000000000000000000000000000000000000000000000000000000000
687,"(38, 0, 161, 356)",idx0:38_idx1:0_idx2:161_idx3:356,sfr_rhk,1.0,1.000000000000000000000000000000000000000000000000000000000000
688,"(395, 0, 115, 210)",idx0:395_idx1:0_idx2:115_idx3:210,sfr_rhk,1.0,1.0000000000000000000000000000000000000000000000000000000000000
689,"(500, 0, 95, 158)",idx0:500_idx1:0_idx2:95_idx3:158,sfr_rhk,1.0,1.000000000000000000000000000000000000000000000000000000000000
690,"(496, 0, 97, 159)",idx0:496_idx1:0_idx2:97_idx3:159,sfr_rhk,1.0,1.000000000000000000000000000000000000000000000000000000000000
691,"(453, 0, 120, 172)",idx0:453_idx1:0_idx2:120_idx3:172,sfr_rhk,1.0,1.0000000000000000000000000000000000000000000000000000000000000
692,"(503, 0, 93, 157)",idx0:503_idx1:0_idx2:93_idx3:157,sfr_rhk,1.0,1.000000000000000000000000000000000000000000000000000000000000
693,"(115, 0, 167, 297)",idx0:115_idx1:0_idx2:167_idx3:297,sfr_rhk,1.0,1.0000000000000000000000000000000000000000000000000000000000000
694,"(320, 0, 133, 223)",idx0:320_idx1:0_idx2:133_idx3:223,sfr_rhk,1.0,1.0000000000000000000000000000000000000000000000000000000000000
695,"(325, 0, 132, 227)",idx0:325_idx1:0_idx2:132_idx3:227,sfr_rhk,1.0,1.0000000000000000000000000000000000000000000000000000000000000
696,"(221, 0, 193, 233)",idx0:221_idx1:0_idx2:193_idx3:233,sfr_rhk,1.0,1.0000000000000000000000000000000000000000000000000000000000000
697,"(172, 0, 190, 266)",idx0:172_idx1:0_idx2:190_idx3:266,sfr_rhk,1.0,1.0000000000000000000000000000000000000000000000000000000000000
