time,B9-2,B10-2,B12-1,B16-1,B2-1,B22-1,B27,B29,KB1-1,KB4-3,NI1301-1,NI1302-1,NI1403-1,NI1405-1,NI1407-1,NI1408-1,NI1409-1,NI1410-1,NI1411-1,NI1412-1,NI1413-1,NI1501-1,NI1502-2,NI1503-2,NI1504-2,NI1505-1,NI1506-1,NI15-O1,NI15-O44,NI15-O46,NI15-O47,NI15-O48,NI1601-1,NI1602-1,NI1603-1,NI1605-1,NI1606-1,NI1607-1,NI1608-1,NI1609-2,NI1610-2,NI1611-1,NI1612-1,NI1613-1,NI1703-1,NI1704-1,NI1705-1,NI1712-1,NI1801-1,NI1802-1,NI1803-1,NI1804-1,B9-4,B10-4,B13-1,B14-1,B15-1,B20-1,B21-1,B2-2,B22-2,B26,B35,B36,B37,B8-1,KB4-4,NI1301-2,NI1302-2,NI1401-1,NI1402-1,NI1404-1,NI1407-2,NI1408-2,NI1409-2,NI1410-2,NI1411-2,NI1413-2,NI1501-2,NI1505-2,NI1506-2,NI1507-2,NI1601-2,NI1604-1,NI1606-2,NI1607-2,NI1608-2,NI1703-2,NI1706-1,NI1709-1,NI1801-3,NI1803-3,NI1804-3,B9-5,B10-5,B16-2,B19-4,B21-3,B22-4,B2-3,B30,B34,B4,B8-2,NI1301-3,NI1302-3,NI1401-2,NI1402-2,NI1403-2,NI1404-2,NI1405-2,NI1406-1,NI1407-3,NI1408-3,NI1409-3,NI1410-3,NI1411-3,NI1412-3,NI1413-3,NI1501-3,NI1502-3,NI1503-3,NI1504-3,NI1505-3,NI1506-3,NI1507-3,NI1601-3,NI1602-2,NI1603-2,NI1604-3,NI1605-3,NI1606-3,NI1607-3,NI1608-3,NI1609-3,NI1612-2,NI1701-1,NI1702-1,NI1704-2,NI1705-2,NI1706-2,NI1707-1,NI1708-1,NI1711-1
1.000000000000,133.5502849,133.7464963,-0.1000000000E+31,135.2014990,135.2372926,-0.1000000000E+31,-0.1000000000E+31,135.2931697,135.0200179,134.7693286,-0.1000000000E+31,-0.1000000000E+31,135.1770776,-0.1000000000E+31,-0.1000000000E+31,-0.1000000000E+31,-0.1000000000E+31,-0.1000000000E+31,-0.1000000000E+31,135.1661202,135.1470219,135.3709487,-0.1000000000E+31,-0.1000000000E+31,-0.1000000000E+31,-0.1000000000E+31,-0.1000000000E+31,134.9400563,134.9907398,135.1222812,134.9430745,134.1747378,135.0765076,134.9307459,135.0009272,135.1859912,134.8870330,134.9400563,134.8978166,134.9276165,134.9331605,134.9479289,134.9262180,135.0009272,134.9694401,134.5434428,134.7057879,134.9959892,134.5194671,134.5194671,134.6138684,134.6056831,133.5554111,133.7474270,135.3730422,135.3550675,135.3776361,135.3963800,135.3737168,135.2396613,135.3742141,135.3722516,135.1631609,135.1405620,135.1667604,133.8075433,134.7665302,135.3730422,135.3737168,135.3630172,135.3842528,135.3730422,135.3734275,135.3879244,135.3467322,135.3517874,135.3637924,135.1471099,135.3800592,135.3963800,135.3842528,135.4199947,135.0780690,135.1543901,134.8882862,134.9350120,134.8908080,134.9664073,134.7318832,135.2302758,134.5360289,134.6175746,134.6051663,133.5731827,133.7556442,135.2089758,135.1956713,135.3759884,135.3757876,135.2475706,135.3770736,135.1578738,135.4118983,133.8255647,135.3758715,135.3759884,135.3643389,135.3862598,135.1855289,135.3758715,135.2243548,135.3759884,135.3738202,135.3883331,135.3466811,135.3523931,135.3655431,135.1743424,135.1541562,135.3847557,135.4180190,135.4011693,135.3928871,135.3982548,135.3862598,135.4203343,135.0810001,134.9375177,135.0080103,135.1620472,135.1956713,134.8867217,134.9263967,134.8749227,134.9070040,134.9193665,135.0128135,135.0279966,134.6035310,134.7321476,134.7326528,134.5964551,135.1231086,135.1472985
31.41666666667,133.5500977,133.7462032,-0.1000000000E+31,135.2007635,135.2365898,-0.1000000000E+31,-0.1000000000E+31,135.2924837,135.0192689,134.7689077,-0.1000000000E+31,-0.1000000000E+31,135.1763063,-0.1000000000E+31,-0.1000000000E+31,-0.1000000000E+31,-0.1000000000E+31,-0.1000000000E+31,-0.1000000000E+31,135.1653451,135.1462424,135.3702930,-0.1000000000E+31,-0.1000000000E+31,-0.1000000000E+31,-0.1000000000E+31,-0.1000000000E+31,134.9393208,134.9900099,135.1216585,134.9424988,134.1746722,135.0757528,134.9300689,135.0002397,135.1852239,134.8864166,134.9393208,134.8970889,134.9268775,134.9324227,134.9471845,134.9255008,135.0002397,134.9686994,134.5432056,134.7054224,134.9952292,134.5192194,134.5192194,134.6135423,134.6053259,133.5552257,133.7471407,135.3724314,135.3544467,135.3770316,135.3957799,135.3731042,135.2389689,135.3735990,135.3716419,135.1624050,135.1397992,135.1660017,133.8072001,134.7661174,135.3724314,135.3731042,135.3623961,135.3836460,135.3724314,135.3728052,135.3873100,135.3460957,135.3511603,135.3631744,135.1463441,135.3794235,135.3957799,135.3836460,135.4194011,135.0773218,135.1536286,134.8876742,134.9342815,134.8900864,134.9656718,134.7314251,135.2295662,134.5357642,134.6172463,134.6048109,133.5729963,133.7553702,135.2082754,135.1949404,135.3753712,135.3751678,135.2469005,135.3764606,135.1571385,135.4113165,133.8252276,135.3752570,135.3753712,135.3637127,135.3856486,135.1847941,135.3752570,135.2236418,135.3753712,135.3731948,135.3877156,135.3460411,135.3517605,135.3649201,135.1736043,135.1534102,135.3841406,135.4174341,135.4005764,135.3922856,135.3976506,135.3856486,135.4197364,135.0802718,134.9368520,135.0073367,135.1613064,135.1949404,134.8861200,134.9256825,134.8742182,134.9062897,134.9186632,135.0120998,135.0272906,134.6032469,134.7317776,134.7322038,134.5960679,135.1223593,135.1465479
61.83333333333,133.5363762,133.7249373,-0.1000000000E+31,135.1553783,135.1930517,-0.1000000000E+31,-0.1000000000E+31,135.2502164,134.9721738,134.7411532,-0.1000000000E+31,-0.1000000000E+31,135.1299343,-0.1000000000E+31,-0.1000000000E+31,-0.1000000000E+31,-0.1000000000E+31,-0.1000000000E+31,-0.1000000000E+31,135.1184905,135.0989009,135.3301386,-0.1000000000E+31,-0.1000000000E+31,-0.1000000000E+31,-0.1000000000E+31,-0.1000000000E+31,134.8926627,134.9438286,135.0820718,134.9052707,134.1701951,135.0286186,134.8866402,134.9564966,135.1393415,134.8465007,134.8926627,134.8507157,134.8800170,134.8856331,134.9000870,134.8797536,134.9564966,134.9218593,134.5273843,134.6812189,134.9474836,134.5026816,134.5026816,134.5918444,134.5815374,133.5416222,133.7263523,135.3390067,135.3204814,135.3445843,135.3626353,135.3392961,135.1963127,135.3393278,135.3385271,135.1165633,135.0933561,135.1203337,133.7826055,134.7389107,135.3390067,135.3392961,135.3277884,135.3501486,135.3390067,135.3374347,135.3524158,135.3098968,135.3162133,135.3290663,135.1000414,135.3407978,135.3626353,135.3501486,135.3860147,135.0308111,135.1075220,134.8481010,134.8880059,134.8441551,134.9192248,134.7011984,135.1885966,134.5180856,134.5954145,134.5811486,133.5592822,133.7354984,135.1658810,135.1519866,135.3413341,135.3406934,135.2061692,135.3394910,135.1127123,135.3805628,133.8010817,135.3416636,135.3413341,135.3288730,135.3519418,135.1413034,135.3416636,135.1819473,135.3413341,135.3378447,135.3528180,135.3098200,135.3165409,135.3305527,135.1296234,135.1087112,135.3472790,135.3856594,135.3685942,135.3596413,135.3643285,135.3519418,135.3862113,135.0352175,134.8943843,134.9648020,135.1168860,135.1519866,134.8473379,134.8805779,134.8294730,134.8611430,134.8740243,134.9673772,134.9830608,134.5843173,134.7073648,134.7026396,134.5702695,135.0768730,135.1016084
92.25000000000,133.5273934,133.7103887,-0.1000000000E+31,135.1157477,135.1553976,-0.1000000000E+31,-0.1000000000E+31,135.2133214,134.9318816,134.7195480,-0.1000000000E+31,-0.1000000000E+31,135.0877234,-0.1000000000E+31,-0.1000000000E+31,-0.1000000000E+31,-0.1000000000E+31,-0.1000000000E+31,-0.1000000000E+31,135.0762269,135.0564759,135.2946225,-0.1000000000E+31,-0.1000000000E+31,-0.1000000000E+31,-0.1000000000E+31,-0.1000000000E+31,134.8529381,134.9047058,135.0494462,134.8752617,134.1669081,134.9880389,134.8506910,134.9200585,135.0971649,134.8141281,134.8529381,134.8112376,134.8399576,134.8457030,134.8597779,134.8411931,134.9200585,134.8819371,134.5154455,134.6625573,134.9063489,134.4901496,134.4901496,134.5752346,134.5632850,133.5326980,133.7121046,135.3036097,135.2846004,135.3093494,135.3278331,135.3038994,135.1591542,135.3039247,135.3031243,135.0755222,135.0519831,135.0789846,133.7650513,134.7176998,135.3036097,135.3038994,135.2920856,135.3150303,135.3036097,135.3019695,135.3173424,135.2737119,135.2802071,135.2934041,135.0583665,135.3062775,135.3278331,135.3150303,135.3517926,134.9906379,135.0661240,134.8159552,134.8485291,134.8049686,134.8795667,134.6775432,135.1489455,134.5046505,134.5786637,134.5629628,133.5502462,133.7218081,135.1280728,135.1119264,135.3060717,135.3054420,135.1701480,135.3063663,135.0728789,135.3462651,133.7837550,135.3063919,135.3060717,135.2933158,135.3169488,135.1011485,135.3063919,135.1427207,135.3060717,135.3026128,135.3179622,135.2738624,135.2806585,135.2950099,135.0893907,135.0680968,135.3138805,135.3514987,135.3340053,135.3248210,135.3296440,135.3169488,135.3521236,134.9960636,134.8590121,134.9290499,135.0766044,135.1119264,134.8157128,134.8419365,134.7911402,134.8223489,134.8361216,134.9291083,134.9453059,134.5698644,134.6883740,134.6794149,134.5503352,135.0362422,135.0607007
122.6666666667,133.5358696,133.7229328,-0.1000000000E+31,135.1327650,135.1722015,-0.1000000000E+31,-0.1000000000E+31,135.2292549,134.9507927,134.7330277,-0.1000000000E+31,-0.1000000000E+31,135.1032900,-0.1000000000E+31,-0.1000000000E+31,-0.1000000000E+31,-0.1000000000E+31,-0.1000000000E+31,-0.1000000000E+31,135.0923566,135.0731018,135.3093002,-0.1000000000E+31,-0.1000000000E+31,-0.1000000000E+31,-0.1000000000E+31,-0.1000000000E+31,134.8719779,134.9237033,135.0666741,134.8922451,134.1693181,135.0066000,134.8694949,134.9387123,135.1121837,134.8321470,134.8719779,134.8302041,134.8589281,134.8647081,134.8787705,134.8602727,134.9387123,134.9009739,134.5234995,134.6744918,134.9252471,134.4985246,134.4985246,134.5860592,134.5751233,133.5410837,133.7243390,135.3093355,135.2905082,135.3139716,135.3338519,135.3101253,135.1752831,135.3107445,135.3084387,135.0915481,135.0685444,135.0944579,133.7788401,134.7308786,135.3093355,135.3101253,135.2990134,135.3211584,135.3093355,135.3101372,135.3253363,135.2821478,135.2872473,135.2997307,135.0743911,135.3199604,135.3338519,135.3211584,135.3587807,135.0087892,135.0821627,134.8337569,134.8673244,134.8236595,134.8983598,134.6921123,135.1600331,134.5135748,134.5895218,134.5747112,133.5586629,133.7334274,135.1431055,135.1252230,135.3127452,135.3127046,135.1849738,135.3193919,135.0884349,135.3496757,133.7971924,135.3124687,135.3127452,135.3007236,135.3234824,135.1150600,135.3124687,135.1552107,135.3127452,135.3110510,135.3262234,135.2826442,135.2882112,135.3018122,135.1038820,135.0831615,135.3264439,135.3563612,135.3386814,135.3301324,135.3360092,135.3234824,135.3594271,135.0133671,134.8771388,134.9468090,135.0916483,135.1252230,134.8330134,134.8600625,134.8091676,134.8403899,134.8544228,134.9470359,134.9631206,134.5793536,134.7002417,134.6935678,134.5630512,135.0524015,135.0757736
153.0833333333,133.5423262,133.7331530,-0.1000000000E+31,135.1561590,135.1945811,-0.1000000000E+31,-0.1000000000E+31,135.2510178,134.9751102,134.7468859,-0.1000000000E+31,-0.1000000000E+31,135.1275428,-0.1000000000E+31,-0.1000000000E+31,-0.1000000000E+31,-0.1000000000E+31,-0.1000000000E+31,-0.1000000000E+31,135.1167947,135.0977633,135.3300420,-0.1000000000E+31,-0.1000000000E+31,-0.1000000000E+31,-0.1000000000E+31,-0.1000000000E+31,134.8961094,134.9474921,135.0867925,134.9110727,134.1715037,135.0309284,134.8917073,134.9610927,135.1362630,134.8524126,134.8961094,134.8542325,134.8832185,134.8889380,134.9031716,134.8838498,134.9610927,134.9251792,134.5312873,134.6865281,134.9499895,134.5066902,134.5066902,134.5968243,134.5869494,133.5474909,133.7343354,135.3275713,135.3090318,135.3317901,135.3518932,135.3285114,135.1972529,135.3293101,135.3265520,135.1153894,135.0926969,135.1182997,133.7908935,134.7444702,135.3275713,135.3285114,135.3177546,135.3393824,135.3275713,135.3291236,135.3440862,135.3015584,135.3061681,135.3182743,135.0985448,135.3399800,135.3518932,135.3393824,135.3768366,135.0328156,135.1061827,134.8538555,134.8912752,134.8474727,134.9223763,134.7072573,135.1818821,134.5223191,134.6003655,134.5864834,133.5651342,133.7429998,135.1651186,135.1478631,135.3311868,135.3313132,135.2060611,135.3385871,135.1115812,135.3666542,133.8090469,135.3307382,135.3311868,135.3195211,135.3417545,135.1379138,135.3307382,135.1772243,135.3311868,135.3299886,135.3449312,135.3020293,135.3072077,135.3204260,135.1269322,135.1065577,135.3456448,135.3737449,135.3562063,135.3479588,135.3540861,135.3417545,135.3774965,135.0366832,134.8988926,134.9686238,135.1148739,135.1478631,134.8527302,134.8834387,134.8324012,134.8638333,134.8774832,134.9701231,134.9859190,134.5887303,134.7124239,134.7083989,134.5759270,135.0761100,135.0993185
183.5000000000,133.5405979,133.7308170,-0.1000000000E+31,135.1561836,135.1943602,-0.1000000000E+31,-0.1000000000E+31,135.2509888,134.9745722,134.7453392,-0.1000000000E+31,-0.1000000000E+31,135.1285202,-0.1000000000E+31,-0.1000000000E+31,-0.1000000000E+31,-0.1000000000E+31,-0.1000000000E+31,-0.1000000000E+31,135.1175736,135.0983887,135.3302465,-0.1000000000E+31,-0.1000000000E+31,-0.1000000000E+31,-0.1000000000E+31,-0.1000000000E+31,134.8954478,134.9467364,135.0856202,134.9095806,134.1711337,135.0305553,134.8905121,134.9600233,135.1374371,134.8509267,134.8954478,134.8535679,134.8826414,134.8883250,134.9026224,134.8829838,134.9600233,134.9245446,134.5301991,134.6850807,134.9495996,134.5055809,134.5055809,134.5954606,134.5854755,133.5457876,133.7320666,135.3310459,135.3125190,135.3356335,135.3551676,135.3318060,135.1972031,135.3323912,135.3301752,135.1160134,135.0931803,135.1191765,133.7885989,134.7429723,135.3310459,135.3318060,135.3208448,135.3426678,135.3310459,135.3317246,135.3466879,135.3041785,135.3092669,135.3215753,135.0992740,135.3403954,135.3551676,135.3426678,135.3796690,135.0325286,135.1068607,134.8524133,134.8906648,134.8468625,134.9217898,134.7056412,135.1840994,134.5211517,134.5990129,134.5850330,133.5634383,133.7408714,135.1655850,135.1493332,135.3342946,135.3342059,135.2063127,135.3390295,135.1121869,135.3707772,133.8068472,135.3340631,135.3342946,135.3224102,135.3448702,135.1391741,135.3340631,135.1788545,135.3342946,135.3324507,135.3473976,135.3044832,135.3100968,135.3235323,135.1279928,135.1074716,135.3463006,135.3773344,135.3599281,135.3514881,135.3572140,135.3448702,135.3801898,135.0365457,134.8978547,134.9677750,135.1157404,135.1493332,134.8513900,134.8829431,134.8319030,134.8633991,134.8768016,134.9696226,134.9853738,134.5875160,134.7110563,134.7068687,134.5744022,135.0766276,135.1002782
213.9166666667,133.5511012,133.7470732,-0.1000000000E+31,135.1908417,135.2276709,-0.1000000000E+31,-0.1000000000E+31,135.2833587,135.0105581,134.7665813,-0.1000000000E+31,-0.1000000000E+31,135.1640093,-0.1000000000E+31,-0.1000000000E+31,-0.1000000000E+31,-0.1000000000E+31,-0.1000000000E+31,-0.1000000000E+31,135.1534115,135.1345928,135.3610407,-0.1000000000E+31,-0.1000000000E+31,-0.1000000000E+31,-0.1000000000E+31,-0.1000000000E+31,134.9310733,134.9820197,135.1159211,134.9380602,134.1745616,135.0665815,134.9236930,134.9934620,135.1725807,134.8814386,134.9310733,134.8889613,134.9184181,134.9240485,134.9385857,134.9179120,134.9934620,134.9603201,134.5423188,134.7036089,134.9860727,134.5182442,134.5182442,134.6120698,134.6036790,133.5562001,133.7479580,135.3570569,135.3389297,135.3609886,135.3809419,135.3580698,135.2298266,135.3589622,135.3559830,135.1510174,135.1286668,135.1540804,133.8073773,134.7637945,135.3570569,135.3580698,135.3476626,135.3687025,135.3570569,135.3590345,135.3736542,135.3320844,135.3363343,135.3480599,135.1346665,135.3700174,135.3809419,135.3687025,135.4055591,135.0680718,135.1420916,134.8826619,134.9259883,134.8818949,134.9572586,134.7287627,135.2155721,134.5346860,134.6157230,134.6031387,133.5739345,133.7560618,135.1980069,135.1822405,135.3607181,135.3609233,135.2374934,135.3673994,135.1461516,135.3949433,133.8252817,135.3601898,135.3607181,135.3493966,135.3710505,135.1724684,135.3601898,135.2108143,135.3607181,135.3597628,135.3743764,135.3324354,135.3373631,135.3501991,135.1616435,135.1416594,135.3746015,135.4021526,135.3849245,135.3769437,135.3831108,135.3710505,135.4061788,135.0709751,134.9302932,135.0002820,135.1497133,135.1822405,134.8810295,134.9173486,134.8659978,134.8978217,134.9108571,135.0037834,135.0191666,134.6020079,134.7297411,134.7294814,134.5941330,135.1113972,135.1346486
244.3333333333,133.5480789,133.7428864,-0.1000000000E+31,135.1890918,135.2256403,-0.1000000000E+31,-0.1000000000E+31,135.2816533,135.0079264,134.7632664,-0.1000000000E+31,-0.1000000000E+31,135.1635806,-0.1000000000E+31,-0.1000000000E+31,-0.1000000000E+31,-0.1000000000E+31,-0.1000000000E+31,-0.1000000000E+31,135.1526787,135.1336205,135.3597538,-0.1000000000E+31,-0.1000000000E+31,-0.1000000000E+31,-0.1000000000E+31,-0.1000000000E+31,134.9282795,134.9791122,135.1126813,134.9344539,134.1738540,135.0641864,134.9202651,134.9902034,135.1724534,134.8777346,134.9282795,134.8861726,134.9157367,134.9213188,134.9359355,134.9148615,134.9902034,134.9575588,134.5401280,134.7005748,134.9836262,134.5159958,134.5159958,134.6092538,134.6006235,133.5532184,133.7438861,135.3607336,135.3426033,135.3652333,135.3843424,135.3614732,135.2280766,135.3620414,135.3598850,135.1501080,135.1275298,135.1535398,133.8031192,134.7605713,135.3607336,135.3614732,135.3507419,135.3721048,135.3607336,135.3613824,135.3760214,135.3344281,135.3394126,135.3514608,135.1338877,135.3690955,135.3843424,135.3721048,135.4083162,135.0658254,135.1412477,134.8790340,134.9232839,134.8792039,134.9545824,134.7252523,135.2171479,134.5323103,134.6129185,134.6001223,133.5709594,133.7522271,135.1970092,135.1826648,135.3638431,135.3637227,135.2362528,135.3665821,135.1452730,135.3996513,133.8211769,135.3636433,135.3638431,135.3521769,135.3741991,135.1725690,135.3636433,135.2115188,135.3638431,135.3619102,135.3765476,135.3345375,135.3401290,135.3533094,135.1614371,135.1412130,135.3740951,135.4060469,135.3890035,135.3807251,135.3862914,135.3741991,135.4087285,135.0690021,134.9271292,134.9973876,135.1492100,135.1826648,134.8775789,134.9148573,134.8635164,134.8954165,134.9081169,135.0013015,135.0166405,134.5995161,134.7268145,134.7261205,134.5909273,135.1103486,135.1342585
274.7500000000,133.5370088,133.7257469,-0.1000000000E+31,135.1539937,135.1918537,-0.1000000000E+31,-0.1000000000E+31,135.2489139,134.9711396,134.7412796,-0.1000000000E+31,-0.1000000000E+31,135.1279421,-0.1000000000E+31,-0.1000000000E+31,-0.1000000000E+31,-0.1000000000E+31,-0.1000000000E+31,-0.1000000000E+31,135.1166111,135.0971094,135.3287133,-0.1000000000E+31,-0.1000000000E+31,-0.1000000000E+31,-0.1000000000E+31,-0.1000000000E+31,134.8917374,134.9429591,135.0816037,134.9050932,134.1702851,135.0274667,134.8861254,134.9558800,135.1372377,134.8462603,134.8917374,134.8498164,134.8790410,134.8846776,134.8990802,134.8789796,134.9558800,134.9209043,134.5275695,134.6813852,134.9463485,134.5028645,134.5028645,134.5920349,134.5817400,133.5422442,133.7271349,135.3357449,135.3172021,135.3410975,135.3595094,135.3361437,135.1950362,135.3363036,135.3351741,135.1148146,135.0916821,135.1184330,133.7833330,134.7390234,135.3357449,135.3361437,135.3247520,135.3470083,135.3357449,135.3346920,135.3496829,135.3071271,135.3131655,135.3259043,135.0982191,135.3392935,135.3595094,135.3470083,135.3831701,135.0296230,135.1057345,134.8478421,134.8870569,134.8432209,134.9182500,134.7013067,135.1859872,134.5182724,134.5955955,134.5813414,133.5598980,133.7362230,135.1643101,135.1497874,135.3382917,135.3377792,135.2047647,135.3380445,135.1110144,135.3769122,133.8017641,135.3384908,135.3382917,135.3259534,135.3489019,135.1392219,135.3384908,135.1796767,135.3382917,135.3351840,135.3501650,135.3071465,135.3136139,135.3275045,135.1276545,135.1068188,135.3457022,135.3823610,135.3651988,135.3563569,135.3612903,135.3489019,135.3834484,135.0339761,134.8937952,134.9640795,135.1150277,135.1497874,134.8470371,134.8795875,134.8285025,134.8601168,134.8731633,134.9663824,134.9821031,134.5844942,134.7074779,134.7027141,134.5704529,135.0752103,135.0996842
305.1666666667,133.5258943,133.7080462,-0.1000000000E+31,135.1101098,135.1500098,-0.1000000000E+31,-0.1000000000E+31,135.2080531,134.9261446,134.7163020,-0.1000000000E+31,-0.1000000000E+31,135.0818216,-0.1000000000E+31,-0.1000000000E+31,-0.1000000000E+31,-0.1000000000E+31,-0.1000000000E+31,-0.1000000000E+31,135.0703026,135.0505212,135.2895684,-0.1000000000E+31,-0.1000000000E+31,-0.1000000000E+31,-0.1000000000E+31,-0.1000000000E+31,134.8472958,134.8991147,135.0446826,134.8708437,134.1663923,134.9822604,134.8454958,134.9147952,135.0912821,134.8093920,134.8472958,134.8056464,134.8342858,134.8400419,134.8540668,134.8356883,134.9147952,134.8762592,134.5136124,134.6597362,134.9005229,134.4882344,134.4882344,134.5727148,134.5605237,133.5312112,133.7098129,135.2988698,135.2797970,135.3046499,135.3231624,135.2991487,135.1538573,135.2991593,135.2983919,135.0697635,135.0461686,135.0732087,133.7623174,134.7145158,135.2988698,135.2991487,135.2872802,135.3103170,135.2988698,135.2971601,135.3125877,135.2688060,135.2753618,135.2886181,135.0525345,135.3013953,135.3231624,135.3103170,135.3471742,134.9849268,135.0603230,134.8112557,134.8429307,134.7994298,134.8739333,134.6740078,135.1435434,134.5026017,134.5761262,134.5602144,133.5487455,133.7196133,135.1227482,135.1063937,135.3013204,135.3006773,135.1650476,135.3016870,135.0672947,135.3416931,133.7810654,135.3016535,135.3013204,135.2885094,135.3122346,135.0955827,135.3016535,135.1373154,135.3013204,135.2978184,135.3132201,135.2689684,135.2758086,135.2902209,135.0837954,135.0624378,135.3091830,135.3469275,135.3293823,135.3201561,135.3249731,135.3122346,135.3475055,134.9905144,134.8539151,134.9239083,135.0709845,135.1063937,134.8110986,134.8364726,134.7857392,134.8168807,134.8307354,134.9236620,134.9399202,134.5676649,134.6855183,134.6759510,134.5473366,135.0305467,135.0550084
335.5833333333,133.5388886,133.7275257,-0.1000000000E+31,135.1411391,135.1803122,-0.1000000000E+31,-0.1000000000E+31,135.2370767,134.9596781,134.7386042,-0.1000000000E+31,-0.1000000000E+31,135.1115994,-0.1000000000E+31,-0.1000000000E+31,-0.1000000000E+31,-0.1000000000E+31,-0.1000000000E+31,-0.1000000000E+31,135.1008061,135.0816857,135.3166708,-0.1000000000E+31,-0.1000000000E+31,-0.1000000000E+31,-0.1000000000E+31,-0.1000000000E+31,134.8808245,134.9324816,135.0743382,134.8995656,134.1702532,135.0154382,134.8778854,134.9471230,135.1203579,134.8399668,134.8808245,134.8390025,134.8677918,134.8735672,134.8876685,134.8690049,134.9471230,134.9098442,134.5267324,134.6793808,134.9342163,134.5018970,134.5018970,134.5904599,134.5799436,133.5440742,133.7288248,135.3145694,135.2958374,135.3189315,135.3390886,135.3154761,135.1831782,135.3162353,135.3135774,135.0998375,135.0769960,135.1026494,133.7840478,134.7363400,135.3145694,135.3154761,135.3045624,135.3264556,135.3145694,135.3159527,135.3310675,135.2881050,135.2928557,135.3051342,135.0827480,135.3269836,135.3390886,135.3264556,135.3641804,135.0174852,135.0904936,134.8415001,134.8760842,134.8323568,134.9071424,134.6981689,135.1669931,134.5171760,134.5939451,134.5795022,133.5616725,133.7377046,135.1508070,135.1327540,135.3181885,135.3182852,135.1924329,135.3261069,135.0964787,135.3542577,133.8022907,135.3177730,135.3181885,135.3063718,135.3288631,135.1227476,135.3177730,135.1624600,135.3181885,135.3169068,135.3319961,135.2886604,135.2939289,135.3073164,135.1117159,135.0911722,135.3330787,135.3612562,135.3435815,135.3352074,135.3413163,135.3288631,135.3648890,135.0217492,134.8853042,134.9549306,135.0996186,135.1327540,134.8405800,134.8685689,134.8176099,134.8488887,134.8628939,134.9554661,134.9714703,134.5832003,134.7051485,134.6994775,134.5682611,135.0606732,135.0838173
366.0000000000,133.5277092,133.7106493,-0.1000000000E+31,135.1105707,135.1506769,-0.1000000000E+31,-0.1000000000E+31,135.2084584,134.9274472,134.7182076,-0.1000000000E+31,-0.1000000000E+31,135.0812939,-0.1000000000E+31,-0.1000000000E+31,-0.1000000000E+31,-0.1000000000E+31,-0.1000000000E+31,-0.1000000000E+31,135.0700074,135.0504261,135.2896650,-0.1000000000E+31,-0.1000000000E+31,-0.1000000000E+31,-0.1000000000E+31,-0.1000000000E+31,134.8488355,134.9006489,135.0463638,134.8728740,134.1668030,134.9833130,134.8474312,134.9165497,135.0905268,134.8115219,134.8488355,134.8072524,134.8357761,134.8415528,134.8555020,134.8374072,134.9165497,134.8777297,134.5148495,134.6614770,134.9017376,134.4895225,134.4895225,134.5743405,134.5623078,133.5330040,133.7123438,135.2952109,135.2761471,135.3004941,135.3197395,135.2957214,135.1543400,135.2960018,135.2945393,135.0696477,135.0462374,135.0728186,133.7650554,134.7163666,135.2952109,135.2957214,135.2841237,135.3068906,135.2952109,135.2945913,135.3100081,135.2662433,135.2722097,135.2851947,135.0523350,135.3012741,135.3197395,135.3068906,135.3442956,134.9858807,135.0601640,134.8133335,134.8444217,134.8009864,134.8753540,134.6760578,135.1416248,134.5039708,134.5777484,134.5619775,133.5505378,133.7219965,135.1227205,135.1053223,135.2980945,135.2977184,135.1651982,135.3015363,135.0671995,135.3370828,133.7837054,135.2981541,135.2980945,135.2855673,135.3089893,135.0947534,135.2981541,135.1360261,135.2980945,135.2953826,135.3107684,135.2665698,135.2728814,135.2870092,135.0831973,135.0620315,135.3087962,135.3430537,135.3253447,135.3163775,135.3217035,135.3089893,135.3447608,134.9912937,134.8556692,134.9254154,135.0706119,135.1053223,134.8130595,134.8378419,134.7871863,134.8182296,134.8322673,134.9248892,134.9411573,134.5690948,134.6871948,134.6779078,134.5492325,135.0306067,135.0545699
396.4166666667,133.5290024,133.7122326,-0.1000000000E+31,135.1084694,135.1489300,-0.1000000000E+31,-0.1000000000E+31,135.2065701,134.9258144,134.7186245,-0.1000000000E+31,-0.1000000000E+31,135.0781064,-0.1000000000E+31,-0.1000000000E+31,-0.1000000000E+31,-0.1000000000E+31,-0.1000000000E+31,-0.1000000000E+31,135.0670117,135.0475695,135.2876228,-0.1000000000E+31,-0.1000000000E+31,-0.1000000000E+31,-0.1000000000E+31,-0.1000000000E+31,134.8473243,134.8992893,135.0458143,134.8727704,134.1670118,134.9815211,134.8466815,134.9156632,135.0871458,134.8112674,134.8473243,134.8057379,134.8341532,134.8399768,134.8538468,134.8361666,134.9156632,134.8761933,134.5153363,134.6619566,134.8998984,134.4899918,134.4899918,134.5748444,134.5628290,133.5342736,133.7138753,135.2899868,135.2708815,135.2949429,135.3147351,135.2906642,135.1524453,135.2911437,135.2891781,135.0668616,135.0435681,135.0697664,133.7663984,134.7167547,135.2899868,135.2906642,135.2792394,135.3018582,135.2899868,135.2901846,135.3056222,135.2617760,135.2672989,135.2801157,135.0494073,135.2990664,135.3147351,135.3018582,135.3397359,134.9840236,135.0573038,134.8130481,134.8428692,134.7994287,134.8737814,134.6764224,135.1373375,134.5044482,134.5782317,134.5624772,133.5517928,133.7234154,135.1202679,135.1017511,135.2932303,135.2930579,135.1630603,135.2993719,135.0644895,135.3313483,133.7849648,135.2930857,135.2932303,135.2808924,135.3041330,135.0913828,135.2930857,135.1323463,135.2932303,135.2911335,135.3065358,135.2622867,135.2681871,135.2821299,135.0800178,135.0589714,135.3064065,135.3377988,135.3199457,135.3111440,135.3168525,135.3041330,135.3403525,134.9893392,134.8547942,134.9243453,135.0676195,135.1017511,134.8127002,134.8362136,134.7855547,134.8165203,134.8308704,134.9233242,134.9396720,134.5695663,134.6875720,134.6782082,134.5497049,135.0279311,135.0514456
426.8333333333,133.5257973,133.7072290,-0.1000000000E+31,135.0967242,135.1377096,-0.1000000000E+31,-0.1000000000E+31,135.1956202,134.9138150,134.7117839,-0.1000000000E+31,-0.1000000000E+31,135.0658639,-0.1000000000E+31,-0.1000000000E+31,-0.1000000000E+31,-0.1000000000E+31,-0.1000000000E+31,-0.1000000000E+31,135.0547110,135.0351977,135.2771437,-0.1000000000E+31,-0.1000000000E+31,-0.1000000000E+31,-0.1000000000E+31,-0.1000000000E+31,134.8355030,134.8875810,135.0358362,134.8634868,134.1659189,134.9694520,134.8357784,134.9046311,135.0749526,134.8013123,134.8355030,134.7940152,134.8222704,134.8281163,134.8418868,134.8246242,134.9046311,134.8643040,134.5114663,134.6560079,134.8877147,134.4859476,134.4859476,134.5695265,134.5570001,133.5310949,133.7089812,135.2804180,135.2611767,135.2854990,135.3052952,135.2810552,135.1414216,135.2814836,135.2796401,135.0548919,135.0314761,135.0577809,133.7605653,134.7100456,135.2804180,135.2810552,135.2694943,135.2923282,135.2804180,135.2803897,135.2959438,135.2517749,135.2574683,135.2704313,135.0372963,135.2889581,135.3052952,135.2923282,135.3303658,134.9720994,135.0452525,134.8031718,134.8311410,134.7878165,134.8619869,134.6689702,135.1262388,134.5001222,134.5728770,134.5566760,133.5485848,133.7187296,135.1092095,135.0903232,135.2836052,135.2833849,135.1524669,135.2896844,135.0528904,135.3222193,133.7792283,135.2835083,135.2836052,135.2711300,135.2945879,135.0798693,135.2835083,135.1211989,135.2836052,135.2813601,135.2968741,135.2522997,135.2583311,135.2724238,135.0684276,135.0472367,135.2966965,135.3285991,135.3106512,135.3017423,135.3074002,135.2945879,135.3309728,134.9777622,134.8441043,134.9135787,135.0559635,135.0903232,134.8030067,134.8247701,134.7742326,134.8050661,134.8195820,134.9119340,134.9284094,134.5649245,134.6815539,134.6709091,134.5433750,135.0160910,135.0396435
457.2500000000,133.5329389,133.7181183,-0.1000000000E+31,135.1169534,135.1572978,-0.1000000000E+31,-0.1000000000E+31,135.2145355,134.9352334,134.7251211,-0.1000000000E+31,-0.1000000000E+31,135.0860599,-0.1000000000E+31,-0.1000000000E+31,-0.1000000000E+31,-0.1000000000E+31,-0.1000000000E+31,-0.1000000000E+31,135.0752124,135.0560016,135.2950038,-0.1000000000E+31,-0.1000000000E+31,-0.1000000000E+31,-0.1000000000E+31,-0.1000000000E+31,134.8568092,134.9087191,135.0542573,134.8810447,134.1681543,134.9907738,134.8559391,134.9248564,135.0948633,134.8200734,134.8568092,134.8151970,134.8436239,134.8494560,134.8633282,134.8456333,134.9248564,134.8856733,134.5191795,134.6676915,134.9093479,134.4939959,134.4939959,134.5800367,134.5685144,133.5381699,133.7196176,135.2934289,135.2744172,135.2978912,135.3182926,135.2943282,135.1605017,135.2950710,135.2924378,135.0749702,135.0519390,135.0776511,133.7729385,134.7231091,135.2934289,135.2943282,135.2832221,135.3054718,135.2934289,135.2947085,135.3100601,135.2664365,135.2713394,135.2838312,135.0575551,135.3059855,135.3182926,135.3054718,135.3437095,134.9930838,135.0654409,134.8217519,134.8522413,134.8087609,134.8831477,134.6834608,135.1432631,134.5087194,134.5834438,134.5681222,133.5557067,133.7288743,135.1278621,135.1086567,135.2970838,135.2971720,135.1705214,135.3059678,135.0723797,135.3337450,133.7913456,135.2966748,135.2970838,135.2850788,135.3079174,135.0985604,135.2966748,135.1388675,135.2970838,135.2957660,135.3110808,135.2670896,135.2724465,135.2860482,135.0874528,135.0666760,135.3128063,135.3408124,135.3228896,135.3143797,135.3205542,135.3079174,135.3444556,134.9980016,134.8637370,134.9331256,135.0753002,135.1086567,134.8211693,134.8452718,134.7945777,134.8255540,134.8399809,134.9322551,134.9485333,134.5741127,134.6932897,134.6850528,134.5558277,135.0361236,135.0591670
487.6666666667,133.5312813,133.7158360,-0.1000000000E+31,135.1158474,135.1560464,-0.1000000000E+31,-0.1000000000E+31,135.2134490,134.9337081,134.7232746,-0.1000000000E+31,-0.1000000000E+31,135.0856345,-0.1000000000E+31,-0.1000000000E+31,-0.1000000000E+31,-0.1000000000E+31,-0.1000000000E+31,-0.1000000000E+31,135.0746324,135.0553009,135.2941354,-0.1000000000E+31,-0.1000000000E+31,-0.1000000000E+31,-0.1000000000E+31,-0.1000000000E+31,134.8552273,134.9070579,135.0524051,134.8790208,134.1677590,134.9893547,134.8540131,134.9230053,135.0945912,134.8180030,134.8552273,134.8136351,134.8421079,134.8479116,134.8618204,134.8439170,134.9230053,134.8840975,134.5179585,134.6660025,134.9079287,134.4927461,134.4927461,134.5784725,134.5668205,133.5365350,133.7173979,135.2950940,135.2760819,135.2998285,135.3198234,135.2958601,135.1594026,135.2964437,135.2942119,135.0743107,135.0511629,135.0771810,133.7706338,134.7213132,135.2950940,135.2958601,135.2845950,135.3070032,135.2950940,135.2957176,135.3110797,135.2674439,135.2727124,135.2853621,135.0569632,135.3053188,135.3198234,135.3070032,135.3449261,134.9917453,135.0648148,134.8197223,134.8507099,134.8072545,134.8816193,134.6815108,135.1438891,134.5073995,134.5818859,134.5664499,133.5540757,133.7267837,135.1271619,135.1086877,135.2984725,135.2983994,135.1696950,135.3053639,135.0717429,135.3358887,133.7891238,135.2982254,135.2984725,135.2862966,135.3093183,135.0984258,135.2982254,135.1390423,135.2984725,135.2966679,135.3119955,135.2679684,135.2736573,135.2874296,135.0871610,135.0662626,135.3123617,135.3425863,135.3247495,135.3160924,135.3219719,135.3093183,135.3455623,134.9968117,134.8619516,134.9314695,135.0748564,135.1086877,134.8192356,134.8438586,134.7931886,134.8241948,134.8384348,134.9308172,134.9470678,134.5727260,134.6916585,134.6831843,134.5540536,135.0354037,135.0587842
518.0833333333,133.5284045,133.7113746,-0.1000000000E+31,135.1068273,135.1473562,-0.1000000000E+31,-0.1000000000E+31,135.2050349,134.9242132,134.7175854,-0.1000000000E+31,-0.1000000000E+31,135.0764784,-0.1000000000E+31,-0.1000000000E+31,-0.1000000000E+31,-0.1000000000E+31,-0.1000000000E+31,-0.1000000000E+31,135.0653682,135.0459214,135.2861600,-0.1000000000E+31,-0.1000000000E+31,-0.1000000000E+31,-0.1000000000E+31,-0.1000000000E+31,134.8457834,134.8977203,135.0443806,134.8714268,134.1668292,134.9798888,134.8451863,134.9141381,135.0855346,134.8098590,134.8457834,134.8042355,134.8326231,134.8384415,134.8522971,134.8346421,134.9141381,134.8746284,134.5147126,134.6610383,134.8983049,134.4893502,134.4893502,134.5740177,134.5619325,133.5336828,133.7130377,135.2887894,135.2696708,135.2937575,135.3135515,135.2894609,135.1509095,135.2899316,135.2879845,135.0652525,135.0419524,135.0681761,133.7654799,134.7157375,135.2887894,135.2894609,135.2780179,135.3006638,135.2887894,135.2889439,135.3043968,135.2605119,135.2660687,135.2789044,135.0478054,135.2976747,135.3135515,135.3006638,135.3385571,134.9824153,135.0556980,134.8116523,134.8413475,134.7979494,134.8722341,134.6753107,135.1359435,134.5037669,134.5774029,134.5615876,133.5512004,133.7226186,135.1187692,135.1002746,135.2920120,135.2918297,135.1616086,135.2980446,135.0629469,135.3301829,133.7840677,135.2918761,135.2920120,135.2796541,135.3029241,135.0898849,135.2918761,135.1309042,135.2920120,135.2898813,135.3052979,135.2610092,135.2669390,135.2809030,135.0785012,135.0574379,135.3050866,135.3366327,135.3187679,135.3099552,135.3156550,135.3029241,135.3391572,134.9877887,134.8533355,134.9228689,135.0660869,135.1002746,134.8113352,134.8347418,134.7841289,134.8150671,134.8293984,134.9218053,134.9381560,134.5688381,134.6866549,134.6771242,134.5487491,135.0263726,135.0499125
548.5000000000,133.5377179,133.7256592,-0.1000000000E+31,135.1349071,135.1744671,-0.1000000000E+31,-0.1000000000E+31,135.2312886,134.9537010,134.7355406,-0.1000000000E+31,-0.1000000000E+31,135.1048374,-0.1000000000E+31,-0.1000000000E+31,-0.1000000000E+31,-0.1000000000E+31,-0.1000000000E+31,-0.1000000000E+31,135.0940855,135.0750023,135.3110362,-0.1000000000E+31,-0.1000000000E+31,-0.1000000000E+31,-0.1000000000E+31,-0.1000000000E+31,134.8750544,134.9267406,135.0695188,134.8952457,134.1697957,135.0093147,134.8727004,134.9417943,135.1135567,134.8353372,134.8750544,134.8333249,134.8619837,134.8677729,134.8817932,134.8634347,134.9417943,134.9040027,134.5250373,134.6767384,134.9281323,134.5001291,134.5001291,134.5881197,134.5773848,133.5429118,133.7269950,135.3081651,135.2893660,135.3124198,135.3328340,135.3091307,135.1773776,135.3099556,135.3071221,135.0933344,135.0705095,135.0960606,133.7818155,134.7333300,135.3081651,135.3091307,135.2982385,135.3201521,135.3081651,135.3098011,135.3249746,135.2818471,135.2864889,135.2987508,135.0761692,135.3214771,135.3328340,135.3201521,135.3581514,135.0114054,135.0839484,134.8368953,134.8703502,134.8267257,134.9013362,134.6948340,135.1603824,134.5152848,134.5915857,134.5769526,133.5604959,133.7359419,135.1448260,135.1262490,135.3118986,135.3120616,135.1867624,135.3208210,135.0902029,135.3477589,133.8000807,135.3114135,135.3118986,135.3001073,135.3226083,135.1162767,135.3114135,135.1560223,135.3118986,135.3108079,135.3259512,135.2824616,135.2876209,135.3009893,135.1052813,135.0847331,135.3277016,135.3549591,135.3371787,135.3288414,135.3351019,135.3226083,135.3588947,135.0158007,134.8801732,134.9496634,135.0932255,135.1262490,134.8360355,134.8629513,134.8121057,134.8432714,134.8574045,134.9497879,134.9658547,134.5811587,134.7024522,134.6961959,134.5654781,135.0543399,135.0773385
578.9166666667,133.5363730,133.7239719,-0.1000000000E+31,135.1367138,135.1759377,-0.1000000000E+31,-0.1000000000E+31,135.2329105,134.9550105,134.7349649,-0.1000000000E+31,-0.1000000000E+31,135.1077118,-0.1000000000E+31,-0.1000000000E+31,-0.1000000000E+31,-0.1000000000E+31,-0.1000000000E+31,-0.1000000000E+31,135.0967668,135.0775412,135.3128243,-0.1000000000E+31,-0.1000000000E+31,-0.1000000000E+31,-0.1000000000E+31,-0.1000000000E+31,134.8762335,134.9277834,135.0698217,134.8951175,134.1695674,135.0107899,134.8731582,134.9423916,135.1166240,134.8353335,134.8762335,134.8345014,134.8632682,134.8690131,134.8831116,134.8643540,134.9423916,134.9052106,134.5244728,134.6761252,134.9296361,134.4995744,134.4995744,134.5874975,134.5767303,133.5415902,133.7253615,135.3131667,135.2944049,135.3177613,135.3376150,135.3139604,135.1789989,135.3145808,135.3122651,135.0958125,135.0728651,135.0988036,133.7803284,134.7327857,135.3131667,135.3139604,135.3028874,135.3249591,135.3131667,135.3139648,135.3291205,135.2860650,135.2911616,135.3036001,135.0787823,135.3234361,135.3376150,135.3249591,135.3624813,135.0129487,135.0864970,134.8369246,134.8715711,134.8279457,134.9025815,134.6942893,135.1643796,134.5147142,134.5909822,134.5763194,133.5591876,133.7344248,135.1469975,135.1295235,135.3165367,135.3164914,135.1886345,135.3227458,135.0926115,135.3532923,133.7986787,135.3162610,135.3165367,135.3045486,135.3272408,135.1193481,135.3162610,135.1594149,135.3165367,135.3148186,135.3299484,135.2864998,135.2920786,135.3056399,135.1081591,135.0874854,135.3298507,135.3600077,135.3423724,135.3338628,135.3397316,135.3272408,135.3630768,135.0174487,134.8807615,134.9504499,135.0959139,135.1295235,134.8361429,134.8642519,134.8134021,134.8446468,134.8584819,134.9510445,134.9670388,134.5805865,134.7019366,134.6957182,134.5648549,135.0567028,135.0801515
609.3333333333,133.5551295,133.7530202,-0.1000000000E+31,135.1983605,135.2352442,-0.1000000000E+31,-0.1000000000E+31,135.2905326,135.0191684,134.7728649,-0.1000000000E+31,-0.1000000000E+31,135.1708580,-0.1000000000E+31,-0.1000000000E+31,-0.1000000000E+31,-0.1000000000E+31,-0.1000000000E+31,-0.1000000000E+31,135.1605394,135.1419825,135.3676353,-0.1000000000E+31,-0.1000000000E+31,-0.1000000000E+31,-0.1000000000E+31,-0.1000000000E+31,134.9397886,134.9907053,135.1238424,134.9459208,134.1756853,135.0749845,134.9323524,135.0020241,135.1791560,134.8897736,134.9397886,134.8976610,134.9270989,134.9327461,134.9472656,134.9266701,135.0020241,134.9690194,134.5460905,134.7091817,134.9946737,134.5221660,134.5221660,134.6171320,134.6092143,133.5601848,133.7537574,135.3592573,135.3412092,135.3626474,135.3833000,135.3605167,135.2370720,135.3617014,135.3579804,135.1580857,135.1360272,135.1609004,133.8139012,134.7699361,135.3592573,135.3605167,135.3504478,135.3711074,135.3592573,135.3624359,135.3769797,135.3355982,135.3391674,135.3505503,135.1417716,135.3761476,135.3833000,135.3711074,135.4084083,135.0762773,135.1491886,134.8908929,134.9345879,134.8904630,134.9658425,134.7355500,135.2203062,134.5388621,134.6207980,134.6086296,133.5779325,133.7615673,135.2046880,135.1880448,135.3633850,135.3638797,135.2441307,135.3732277,135.1530584,135.3960177,133.8316360,135.3625634,135.3633850,135.3524172,135.3736548,135.1785695,135.3625634,135.2162297,135.3633850,135.3632959,135.3778317,135.3361193,135.3404474,135.3529230,135.1680263,135.1483264,135.3801973,135.4039544,135.3866242,135.3789508,135.3856393,135.3736548,135.4091815,135.0787888,134.9386243,135.0084112,135.1563672,135.1880448,134.8890208,134.9256306,134.8742501,134.9060652,134.9192393,135.0119473,135.0272798,134.6064429,134.7352729,134.7360699,134.6000712,135.1186085,135.1413226
639.7500000000,133.5427808,133.7347911,-0.1000000000E+31,135.1727894,135.2100017,-0.1000000000E+31,-0.1000000000E+31,135.2665015,134.9910397,134.7530201,-0.1000000000E+31,-0.1000000000E+31,135.1471748,-0.1000000000E+31,-0.1000000000E+31,-0.1000000000E+31,-0.1000000000E+31,-0.1000000000E+31,-0.1000000000E+31,135.1360655,135.1168180,135.3453980,-0.1000000000E+31,-0.1000000000E+31,-0.1000000000E+31,-0.1000000000E+31,-0.1000000000E+31,134.9115702,134.9625157,135.0982858,134.9208541,134.1721706,135.0472848,134.9045587,134.9743872,135.1562575,134.8632021,134.9115702,134.8695888,134.8989841,134.9045793,134.9190936,134.8984301,134.9743872,134.9407727,134.5342249,134.6916118,134.9665617,134.5098388,134.5098388,134.6012042,134.5918108,133.5479693,133.7359761,135.3493001,135.3309861,135.3541762,135.3729813,135.3498864,135.2127925,135.3502686,135.3485751,135.1338255,135.1110217,135.1373790,133.7938878,134.7505319,135.3493001,135.3498864,135.3388552,135.3606236,135.3493001,135.3491661,135.3639675,135.3219349,135.3274108,135.3397719,135.1174852,135.3553344,135.3729813,135.3606236,135.3968158,135.0491649,135.1248938,134.8646327,134.9067280,134.8628027,134.9379501,134.7141236,135.2029023,134.5257363,134.6048258,134.5913615,133.5656741,133.7446761,135.1819260,135.1675859,135.3521383,135.3518370,135.2217183,135.3534132,135.1295100,135.3891970,133.8121274,135.3521205,135.3521383,135.3401647,135.3626095,135.1572627,135.3521205,135.1969078,135.3521383,135.3496578,135.3644529,135.3219827,135.3279860,135.3414908,135.1459215,135.1254251,135.3610032,135.3951842,135.3780838,135.3695551,135.3748370,135.3626095,135.3971450,135.0528986,134.9117995,134.9820507,135.1335041,135.1675859,134.8634826,134.8987557,134.8475797,134.8793307,134.8921343,134.9852739,135.0007677,134.5924850,134.7177991,134.7152481,134.5813993,135.0942134,135.1184029
670.1666666667,133.5437703,133.7359805,-0.1000000000E+31,135.1720093,135.2094312,-0.1000000000E+31,-0.1000000000E+31,135.2658658,134.9904032,134.7535519,-0.1000000000E+31,-0.1000000000E+31,135.1457648,-0.1000000000E+31,-0.1000000000E+31,-0.1000000000E+31,-0.1000000000E+31,-0.1000000000E+31,-0.1000000000E+31,135.1347596,135.1155764,135.3446789,-0.1000000000E+31,-0.1000000000E+31,-0.1000000000E+31,-0.1000000000E+31,-0.1000000000E+31,134.9109301,134.9620223,135.0983420,134.9211233,134.1723555,135.0466040,134.9044153,134.9741996,135.1547415,134.8633604,134.9109301,134.8689022,134.8982569,134.9038893,134.9183677,134.8979558,134.9741996,134.9401465,134.5347170,134.6921594,134.9657719,134.5103140,134.5103140,134.6017412,134.5923656,133.5489403,133.7371283,135.3467961,135.3284523,135.3515305,135.3705866,135.3474605,135.2121229,135.3479388,135.3460086,135.1326122,135.1098649,135.1360116,133.7948772,134.7510398,135.3467961,135.3474605,135.3365085,135.3582129,135.3467961,135.3470665,135.3618790,135.3197960,135.3250455,135.3373312,135.1161800,135.3544878,135.3705866,135.3582129,135.3946368,135.0484402,135.1236332,134.8647712,134.9060540,134.8620785,134.9372955,134.7146203,135.2008037,134.5262227,134.6053478,134.5918994,133.5666337,133.7457469,135.1809016,135.1659021,135.3498279,135.3496276,135.2208826,135.3525643,135.1283170,135.3865101,133.8130594,135.3497116,135.3498279,135.3379439,135.3603064,135.1556928,135.3497116,135.1951714,135.3498279,135.3476597,135.3624649,135.3199596,135.3257498,135.3391682,135.1444594,135.1240218,135.3600277,135.3927095,135.3755384,135.3670775,135.3725390,135.3603064,135.3950677,135.0521028,134.9115772,134.9817451,135.1321462,135.1659021,134.8635708,134.8980188,134.8467886,134.8785195,134.8915464,134.9846600,135.0002157,134.5929818,134.7182778,134.7156981,134.5819222,135.0930190,135.1169554
700.5833333333,133.5361967,133.7242408,-0.1000000000E+31,135.1469560,135.1853378,-0.1000000000E+31,-0.1000000000E+31,135.2424538,134.9643385,134.7381915,-0.1000000000E+31,-0.1000000000E+31,135.1200770,-0.1000000000E+31,-0.1000000000E+31,-0.1000000000E+31,-0.1000000000E+31,-0.1000000000E+31,-0.1000000000E+31,135.1088231,135.0893713,135.3224045,-0.1000000000E+31,-0.1000000000E+31,-0.1000000000E+31,-0.1000000000E+31,-0.1000000000E+31,134.8851135,134.9364665,135.0764196,134.9005164,134.1698743,135.0205212,134.8803882,134.9499913,135.1292963,134.8412743,134.8851135,134.8432473,134.8723256,134.8779989,134.8923039,134.8726495,134.9499913,134.9142259,134.5259606,134.6787652,134.9393442,134.5011636,134.5011636,134.5897362,134.5792054,133.5414317,133.7256517,135.3279849,135.3093502,135.3331975,135.3519466,135.3284655,135.1885280,135.3287209,135.3273453,135.1072915,135.0841845,135.1107570,133.7812972,134.7359827,135.3279849,135.3284655,135.3171115,135.3393841,135.3279849,135.3273141,135.3423753,135.2996109,135.3054669,135.3181758,135.0905645,135.3330648,135.3519466,135.3393841,135.3759115,135.0227083,135.0981405,134.8428757,134.8804553,134.8366832,134.9115969,134.6978954,135.1780282,134.5164405,134.5932680,134.5788085,133.5590634,133.7347753,135.1574494,135.1420879,135.3307186,135.3303049,135.1983281,135.3320451,135.1037391,135.3690465,133.7997265,135.3308181,135.3307186,135.3184260,135.3413736,135.1315988,135.3308181,135.1720481,135.3307186,135.3279062,135.3429529,135.2997418,135.3060284,135.3198821,135.1201070,135.0992763,135.3395588,135.3747676,135.3574679,135.3486722,135.3538119,135.3413736,135.3762729,135.0271771,134.8880875,134.9582109,135.1075598,135.1420879,134.8421159,134.8730839,134.8220693,134.8535666,134.8668694,134.9599202,134.9757465,134.5825055,134.7047667,134.6993401,134.5676510,135.0678487,135.0920744
731.0000000000,133.5334825,133.7196861,-0.1000000000E+31,135.1323786,135.1715596,-0.1000000000E+31,-0.1000000000E+31,135.2288881,134.9497067,134.7307726,-0.1000000000E+31,-0.1000000000E+31,135.1042002,-0.1000000000E+31,-0.1000000000E+31,-0.1000000000E+31,-0.1000000000E+31,-0.1000000000E+31,-0.1000000000E+31,135.0929973,135.0735401,135.3092721,-0.1000000000E+31,-0.1000000000E+31,-0.1000000000E+31,-0.1000000000E+31,-0.1000000000E+31,134.8707385,134.9223403,135.0648199,134.8899881,134.1687936,135.0057237,134.8675776,134.9369563,135.1133629,134.8298757,134.8707385,134.8289654,134.8577995,134.8635323,134.8776756,134.8587713,134.9369563,134.8997668,134.5219411,134.6723951,134.9243542,134.4969329,134.4969329,134.5840922,134.5729948,133.5387305,133.7211847,135.3137180,135.2949009,135.3188577,135.3379707,135.3142635,135.1748726,135.3145931,135.3130229,135.0919741,135.0687932,135.0952334,133.7756226,134.7286922,135.3137180,135.3142635,135.3028700,135.3252878,135.3137180,135.3133351,135.3285406,135.2853602,135.2911109,135.3038737,135.0749732,135.3202239,135.3379707,135.3252878,135.3623082,135.0080307,135.0826704,134.8315459,134.8661558,134.8224964,134.8972193,134.6897463,135.1626477,134.5118976,134.5875685,134.5726146,133.5563187,133.7304657,135.1433732,135.1268243,135.3166319,135.3162996,135.1849840,135.3197017,135.0888693,135.3549543,133.7941036,135.3166498,135.3166319,135.3043095,135.3273831,135.1163758,135.3166498,135.1570339,135.3166319,135.3140627,135.3292462,135.2856341,135.2917923,135.3056929,135.1049272,135.0840086,135.3270386,135.3609122,135.3434083,135.3345964,135.3399304,135.3273831,135.3627671,135.0128218,134.8754360,134.9453534,135.0924316,135.1268243,134.8309431,134.8590549,134.8081613,134.8394638,134.8531735,134.9460202,134.9620493,134.5776046,134.6982487,134.6913203,134.5608397,135.0527172,135.0766823
761.4166666667,133.5389991,133.7280082,-0.1000000000E+31,135.1461019,135.1849441,-0.1000000000E+31,-0.1000000000E+31,135.2417268,134.9645224,134.7404542,-0.1000000000E+31,-0.1000000000E+31,135.1175015,-0.1000000000E+31,-0.1000000000E+31,-0.1000000000E+31,-0.1000000000E+31,-0.1000000000E+31,-0.1000000000E+31,135.1065999,135.0874242,135.3212856,-0.1000000000E+31,-0.1000000000E+31,-0.1000000000E+31,-0.1000000000E+31,-0.1000000000E+31,134.8855565,134.9370582,135.0778103,134.9025309,134.1704498,135.0203886,134.8818044,134.9511626,135.1263721,134.8432510,134.8855565,134.8437189,134.8726243,134.8783584,134.8925410,134.8734667,134.9511626,134.9146057,134.5276054,134.6809092,134.9392694,134.5028378,134.5028378,134.5917757,134.5814089,133.5441929,133.7293087,135.3210662,135.3024040,135.3256086,135.3453986,135.3218727,135.1878449,135.3225130,135.3201569,135.1053689,135.0825117,135.1083834,133.7849681,134.7381685,135.3210662,135.3218727,135.3108832,135.3328116,135.3210662,135.3219653,135.3370320,135.2942185,135.2992200,135.3115683,135.0884525,135.3316004,135.3453986,135.3328116,135.3701703,135.0224319,135.0961200,134.8447800,134.8808157,134.8370682,134.9118987,134.7002487,135.1733150,134.5181996,134.5952866,134.5809735,133.5618109,133.7382009,135.1558563,135.1386882,135.3244573,135.3244304,135.1971406,135.3305654,135.1018768,135.3609505,133.8032381,135.3241654,135.3244573,135.3125536,135.3351025,135.1285703,135.3241654,135.1683742,135.3244573,135.3228030,135.3378482,135.2946428,135.3001520,135.3136198,135.1174323,135.0968602,135.3376962,135.3676611,135.3501109,135.3416578,135.3475243,135.3351025,135.3707761,135.0266575,134.8892381,134.9590088,135.1052298,135.1386882,134.8438518,134.8732615,134.8222796,134.8536456,134.8673805,134.9600743,134.9759805,134.5843256,134.7067683,134.7015528,134.5699182,135.0661402,135.0895758
791.8333333333,133.5311875,133.7161107,-0.1000000000E+31,135.1234638,135.1630389,-0.1000000000E+31,-0.1000000000E+31,135.2205328,134.9407097,134.7257283,-0.1000000000E+31,-0.1000000000E+31,135.0947968,-0.1000000000E+31,-0.1000000000E+31,-0.1000000000E+31,-0.1000000000E+31,-0.1000000000E+31,-0.1000000000E+31,135.0835738,135.0640833,135.3012336,-0.1000000000E+31,-0.1000000000E+31,-0.1000000000E+31,-0.1000000000E+31,-0.1000000000E+31,134.8619232,134.9135909,135.0573602,134.8831039,134.1679962,134.9966347,134.8594762,134.9287281,135.1039765,134.8225044,134.8619232,134.8202447,134.8489400,134.8546885,134.8687460,134.8501809,134.9287281,134.8908843,134.5190900,134.6680117,134.9152195,134.4939581,134.4939581,134.5801800,134.5687122,133.5364545,133.7176864,135.3058923,135.2869770,135.3110485,135.3302756,135.3064419,135.1664857,135.3067723,135.3051909,135.0828304,135.0595750,135.0860412,133.7714562,134.7237435,135.3058923,135.3064419,135.2949868,135.3175250,135.3058923,135.3054945,135.3207855,135.2773694,135.2831658,135.2959973,135.0657073,135.3124457,135.3302756,135.3175250,135.3547446,134.9990425,135.0734562,134.8242291,134.8574088,134.8138587,134.8884053,134.6842586,135.1539366,134.5087173,134.5836295,134.5683522,133.5540217,133.7271137,135.1349154,135.1179679,135.3088227,135.3084924,135.1768878,135.3122455,135.0800033,135.3473047,133.7900025,135.3088366,135.3088227,135.2964385,135.3196307,135.1074852,135.3088366,135.1483606,135.3088227,135.3062523,135.3215171,135.2776709,135.2838546,135.2978258,135.0960075,135.0750044,135.3195368,135.3533290,135.3357275,135.3268734,135.3322442,135.3196307,135.3552101,135.0040791,134.8674792,134.9373032,135.0834900,135.1179679,134.8237545,134.8505171,134.7997413,134.8309252,134.8447643,134.9374789,134.9535998,134.5741886,134.6938097,134.6859414,134.5561936,135.0436911,135.0676247
822.2500000000,133.5255551,133.7070784,-0.1000000000E+31,135.1004132,135.1410695,-0.1000000000E+31,-0.1000000000E+31,135.1990548,134.9171078,134.7127797,-0.1000000000E+31,-0.1000000000E+31,135.0704283,-0.1000000000E+31,-0.1000000000E+31,-0.1000000000E+31,-0.1000000000E+31,-0.1000000000E+31,-0.1000000000E+31,135.0591388,135.0395234,135.2806213,-0.1000000000E+31,-0.1000000000E+31,-0.1000000000E+31,-0.1000000000E+31,-0.1000000000E+31,134.8386182,134.8906174,135.0380834,134.8652667,134.1659918,134.9729098,134.8382440,134.9072453,135.0796553,134.8032850,134.8386182,134.7970796,134.8254578,134.8312744,134.8451266,134.8275065,134.9072453,134.8674720,134.5118888,134.6568042,134.8911592,134.4864032,134.4864032,134.5701876,134.5577335,133.5308615,133.7088453,135.2861205,135.2669264,135.2914633,135.3108008,135.2866256,135.1448462,135.2868994,135.2854530,135.0590884,135.0355998,135.0621755,133.7606654,134.7110359,135.2861205,135.2866256,135.2749413,135.2978687,135.2861205,135.2854692,135.3009892,135.2569272,135.2629453,135.2760277,135.0416130,135.2924711,135.3108008,135.2978687,135.3354991,134.9755765,135.0495140,134.8051531,134.8342628,134.7908836,134.8651598,134.6700932,135.1313808,134.5006205,134.5735560,134.5574168,133.5483644,133.7186304,135.1130188,135.0949974,135.2890410,135.2886647,135.1559816,135.2930797,135.0569564,135.3283194,133.7793670,135.2891029,135.2890410,135.2764321,135.3000072,135.0844085,135.2891029,135.1259150,135.2890410,135.2863322,135.3018169,135.2573259,135.2636589,135.2778808,135.0728369,135.0515737,135.3002616,135.3343011,135.3164863,135.3074514,135.3128023,135.3000072,135.3360095,134.9812437,134.8466221,134.9162752,135.0602435,135.0949974,134.8050072,134.8278851,134.7772860,134.8082183,134.8225173,134.9150677,134.9314786,134.5654874,134.6824268,134.6720471,134.5442172,135.0201534,135.0440324
852.6666666667,133.5296259,133.7130453,-0.1000000000E+31,135.1076771,135.1483126,-0.1000000000E+31,-0.1000000000E+31,135.2058783,134.9253318,134.7189435,-0.1000000000E+31,-0.1000000000E+31,135.0768375,-0.1000000000E+31,-0.1000000000E+31,-0.1000000000E+31,-0.1000000000E+31,-0.1000000000E+31,-0.1000000000E+31,135.0658359,135.0464714,135.2868511,-0.1000000000E+31,-0.1000000000E+31,-0.1000000000E+31,-0.1000000000E+31,-0.1000000000E+31,134.8469268,134.8989338,135.0457540,134.8729147,134.1671209,134.9809418,134.8465914,134.9154968,135.0857857,134.8113734,134.8469268,134.8053554,134.8337145,134.8395553,134.8533865,134.8358847,134.9154968,134.8757735,134.5156138,134.6622815,134.8993395,134.4902708,134.4902708,134.5751683,134.5631761,133.5348872,133.7146625,135.2876949,135.2685743,135.2924792,135.3125503,135.2884576,135.1517550,135.2890376,135.2868158,135.0657739,135.0425534,135.0685620,133.7671529,134.7170584,135.2876949,135.2884576,135.2771228,135.2996616,135.2876949,135.2883020,135.3037479,135.2598690,135.2651722,135.2779007,135.0482750,135.2982175,135.3125503,135.2996616,135.3377718,134.9834102,135.0561937,134.8131373,134.8424533,134.7990277,134.8733442,134.6767407,135.1355519,134.5047384,134.5785484,134.5628152,133.5524015,133.7241482,135.1193235,135.1003036,135.2911103,135.2910393,135.1622560,135.2985379,135.0634488,135.3287732,133.7856797,135.2908633,135.2911103,135.2788693,135.3020149,135.0900309,135.2908633,135.1308351,135.2911103,135.2893166,135.3047248,135.2604585,135.2661577,135.2800053,135.0787580,135.0577781,135.3054675,135.3354715,135.3175475,135.3088334,135.3147349,135.3020149,135.3384517,134.9886759,134.8546392,134.9240866,135.0664506,135.1003036,134.8127506,134.8357606,134.7851198,134.8160414,134.8305157,134.9228604,134.9392348,134.5698594,134.6878552,134.6784945,134.5500486,135.0269277,135.0502290
883.0833333333,133.5299113,133.7135838,-0.1000000000E+31,135.1094930,135.1500172,-0.1000000000E+31,-0.1000000000E+31,135.2075407,134.9272346,134.7198596,-0.1000000000E+31,-0.1000000000E+31,135.0788197,-0.1000000000E+31,-0.1000000000E+31,-0.1000000000E+31,-0.1000000000E+31,-0.1000000000E+31,-0.1000000000E+31,135.0678170,135.0484634,135.2884467,-0.1000000000E+31,-0.1000000000E+31,-0.1000000000E+31,-0.1000000000E+31,-0.1000000000E+31,134.8488373,134.9007781,135.0472062,134.8742465,134.1672455,134.9828384,134.8482602,134.9171756,135.0877716,134.8128406,134.8488373,134.8072776,134.8356571,134.8414846,134.8553317,134.8377237,134.9171756,134.8776793,134.5160864,134.6630592,134.9013084,134.4907771,134.4907771,134.5758556,134.5639411,133.5351729,133.7151913,135.2893430,135.2702507,135.2941024,135.3141719,135.2901109,135.1534468,135.2906960,135.2884588,135.0677001,135.0444990,135.0705117,133.7678809,134.7179595,135.2893430,135.2901109,135.2787978,135.3012998,135.2893430,135.2899677,135.3053937,135.2615750,135.2668650,135.2795690,135.0502427,135.2997834,135.3141719,135.3012998,135.3393742,134.9852917,135.0581425,134.8145951,134.8443578,134.8009430,134.8752419,134.6777636,135.1374581,134.5052863,134.5792451,134.5635799,133.5526948,133.7246610,135.1210805,135.1022103,135.2927502,135.2926819,135.1639110,135.3000472,135.0653247,135.3303197,133.7864036,135.2924989,135.2927502,135.2805291,135.3036398,135.0919382,135.2924989,135.1326980,135.2927502,135.2909610,135.3063497,135.2621428,135.2678363,135.2816612,135.0806656,135.0597070,135.3069952,135.3370376,135.3191310,135.3104376,135.3163434,135.3036398,135.3400368,134.9905172,134.8562869,134.9257431,135.0683576,135.1022103,134.8141888,134.8376362,134.7870083,134.8179418,134.8323396,134.9246692,134.9410071,134.5704512,134.6886576,134.6795029,134.5509014,135.0288538,135.0521781
913.5000000000,133.5361696,133.7232991,-0.1000000000E+31,135.1302384,135.1699580,-0.1000000000E+31,-0.1000000000E+31,135.2269145,134.9488308,134.7325693,-0.1000000000E+31,-0.1000000000E+31,135.1001137,-0.1000000000E+31,-0.1000000000E+31,-0.1000000000E+31,-0.1000000000E+31,-0.1000000000E+31,-0.1000000000E+31,135.0893054,135.0701667,135.3068843,-0.1000000000E+31,-0.1000000000E+31,-0.1000000000E+31,-0.1000000000E+31,-0.1000000000E+31,134.8702344,134.9219520,135.0653549,134.8913088,134.1693037,135.0044441,134.8681632,134.9372263,135.1088867,134.8311334,134.8702344,134.8285425,134.8571522,134.8629447,134.8769356,134.8586933,134.9372263,134.8991604,134.5233225,134.6741382,134.9232111,134.4983417,134.4983417,134.5857842,134.5748284,133.5413779,133.7246890,135.3048608,135.2860104,135.3092187,135.3295506,135.3057839,135.1729742,135.3065571,135.3038517,135.0886641,135.0657653,135.0914196,133.7791308,134.7304188,135.3048608,135.3057839,135.2948080,135.3168349,135.3048608,135.3062780,135.3214972,135.2782466,135.2830264,135.2953755,135.0714534,135.3175031,135.3295506,135.3168349,135.3548302,135.0066063,135.0792508,134.8327299,134.8655754,134.8219965,134.8965393,134.6916081,135.1562905,134.5133761,134.5892376,134.5744112,133.5589516,133.7337409,135.1404896,135.1219157,135.3085184,135.3086308,135.1825750,135.3170195,135.0856722,135.3447199,133.7974494,135.3080841,135.3085184,135.2966409,135.3192606,135.1118782,135.3080841,135.1518252,135.3085184,135.3072738,135.3224616,135.2788426,135.2841179,135.2975771,135.1008224,135.0801937,135.3239233,135.3518171,135.3340186,135.3256110,135.3317925,135.3192606,135.3555498,135.0111626,134.8757464,134.9452362,135.0887111,135.1219157,134.8319591,134.8583091,134.8075115,134.8386345,134.8527947,134.9451668,134.9612775,134.5791169,134.6998373,134.6930447,134.5627146,135.0496979,135.0727784
943.9166666667,133.5235131,133.7040036,-0.1000000000E+31,135.0941299,135.1350034,-0.1000000000E+31,-0.1000000000E+31,135.1931416,134.9106757,134.7088616,-0.1000000000E+31,-0.1000000000E+31,135.0640165,-0.1000000000E+31,-0.1000000000E+31,-0.1000000000E+31,-0.1000000000E+31,-0.1000000000E+31,-0.1000000000E+31,135.0526744,135.0330079,135.2749760,-0.1000000000E+31,-0.1000000000E+31,-0.1000000000E+31,-0.1000000000E+31,-0.1000000000E+31,134.8323052,134.8843123,135.0325545,134.8600764,134.1653361,134.9664382,134.8322898,134.9012215,135.0732914,134.7977653,134.8323052,134.7908451,134.8191394,134.8249560,134.8387600,134.8213017,134.9012215,134.8611102,134.5096146,134.6533719,134.8846740,134.4840402,134.4840402,134.5671072,134.5543695,133.5288396,133.7058410,135.2813499,135.2620925,135.2867745,135.3060798,135.2818223,135.1389160,135.2820539,135.2807070,135.0527951,135.0292252,135.0559057,133.7572068,134.7071969,135.2813499,135.2818223,135.2700551,135.2931035,135.2813499,135.2805108,135.2960902,135.2518702,135.2580193,135.2711887,135.0352610,135.2870661,135.3060798,135.2931035,135.3307805,134.9691963,135.0431848,134.7996817,134.8280115,134.7847217,134.8588586,134.6658535,135.1257533,134.4981000,134.5704600,134.5540731,133.5463301,133.7157633,135.1071661,135.0890996,135.2842029,135.2837841,135.1503281,135.2879110,135.0508576,135.3237837,133.7759772,135.2843055,135.2842029,135.2715076,135.2952091,135.0784400,135.2843055,135.1201777,135.2842029,135.2813598,135.2969013,135.2522476,135.2586895,135.2730034,135.0668036,135.0454511,135.2951088,135.3297072,135.3118528,135.3027543,135.3080517,135.2952091,135.3312599,134.9750719,134.8408050,134.9104278,135.0541520,135.0890996,134.7996497,134.8218090,134.7713044,134.8021625,134.8164847,134.9089649,134.9254251,134.5627889,134.6789760,134.6679046,134.5405902,135.0139291,135.0378851
974.3333333333,133.5397094,133.7285658,-0.1000000000E+31,135.1388319,135.1783558,-0.1000000000E+31,-0.1000000000E+31,135.2349917,134.9580006,134.7386516,-0.1000000000E+31,-0.1000000000E+31,135.1084389,-0.1000000000E+31,-0.1000000000E+31,-0.1000000000E+31,-0.1000000000E+31,-0.1000000000E+31,-0.1000000000E+31,135.0978107,135.0788329,135.3144627,-0.1000000000E+31,-0.1000000000E+31,-0.1000000000E+31,-0.1000000000E+31,-0.1000000000E+31,134.8793512,134.9310551,135.0734845,134.8991421,134.1703578,135.0135560,134.8769762,134.9460508,135.1170368,134.8394506,134.8793512,134.8375858,134.8662543,134.8720559,134.8860773,134.8677467,134.9460508,134.9083111,134.5269155,134.6794999,134.9324131,134.5020749,134.5020749,134.5906254,134.5801179,133.5448809,133.7298295,135.3096226,135.2908610,135.3136557,135.3343487,135.3106907,135.1811094,135.3116387,135.3084962,135.0970237,135.0743150,135.0996280,133.7849685,134.7363710,135.3096226,135.3106907,135.2999445,135.3216909,135.3096226,135.3117697,135.3269046,135.2838724,135.2882181,135.3003319,135.0798560,135.3246692,135.3343487,135.3216909,135.3598631,135.0155525,135.0876399,134.8409595,134.8745877,134.8309189,134.9055869,134.6981827,135.1629683,134.5173547,134.5940971,134.5796636,133.5624704,133.7386325,135.1482973,135.1293274,135.3135594,135.3138458,135.1901942,135.3238564,135.0937807,135.3487639,133.8031514,135.3129504,135.3135594,135.3019224,135.3242390,135.1194907,135.3129504,135.1589251,135.3135594,135.3128418,135.3279462,135.2845692,135.2894663,135.3026772,135.1086230,135.0881982,135.3306348,135.3562397,135.3384257,135.3302191,135.3366959,135.3242390,135.3606821,135.0197533,134.8842948,134.9537149,135.0966885,135.1293274,134.8399847,134.8670307,134.8161394,134.8473190,134.8615314,134.9538626,134.9699120,134.5833592,134.7051933,134.6994477,134.5684025,135.0580432,135.0808025
1004.750000000,133.5411319,133.7313858,-0.1000000000E+31,135.1526552,135.1912569,-0.1000000000E+31,-0.1000000000E+31,135.2477922,134.9716243,134.7447031,-0.1000000000E+31,-0.1000000000E+31,135.1240810,-0.1000000000E+31,-0.1000000000E+31,-0.1000000000E+31,-0.1000000000E+31,-0.1000000000E+31,-0.1000000000E+31,135.1132905,135.0942357,135.3269831,-0.1000000000E+31,-0.1000000000E+31,-0.1000000000E+31,-0.1000000000E+31,-0.1000000000E+31,134.8927074,134.9440718,135.0837524,134.9082120,134.1711337,135.0274045,134.8884607,134.9578025,135.1328460,134.8493834,134.8927074,134.8508841,134.8798233,134.8855386,134.8997464,134.8804945,134.9578025,134.9217434,134.5300045,134.6846092,134.9464944,134.5053612,134.5053612,134.5950990,134.5850691,133.5463093,133.7326096,135.3251289,135.3065553,135.3294065,135.3494708,135.3260439,135.1940056,135.3268105,135.3241290,135.1119435,135.0892275,135.1148962,133.7889410,134.7423325,135.3251289,135.3260439,135.3152326,135.3369358,135.3251289,135.3265407,135.3415372,135.2989201,135.3036243,135.3157872,135.0951066,135.3370584,135.3494708,135.3369358,135.3743990,135.0293419,135.1027404,134.8508534,134.8879094,134.8441677,134.9189752,134.7049038,135.1789073,134.5209040,134.5986333,134.5846159,133.5639473,133.7413555,135.1619294,135.1447062,135.3286895,135.3287835,135.2029861,135.3357959,135.1082726,135.3643612,133.8071367,135.3282723,135.3286895,135.3169668,135.3392798,135.1347077,135.3282723,135.1741541,135.3286895,135.3273895,135.3423644,135.2993699,135.3046286,135.3179072,135.1236820,135.1032611,135.3428707,135.3713989,135.3538438,135.3455554,135.3516383,135.3392798,135.3750324,135.0333321,134.8957245,134.9654360,135.1115851,135.1447062,134.8497932,134.8801740,134.8292025,134.8605900,134.8742309,134.9668156,134.9826310,134.5872171,134.7105008,134.7061019,134.5739079,135.0727483,135.0960169
1035.166666667,133.5309664,133.7158676,-0.1000000000E+31,135.1241702,135.1636538,-0.1000000000E+31,-0.1000000000E+31,135.2211677,134.9413428,134.7257850,-0.1000000000E+31,-0.1000000000E+31,135.0957559,-0.1000000000E+31,-0.1000000000E+31,-0.1000000000E+31,-0.1000000000E+31,-0.1000000000E+31,-0.1000000000E+31,135.0844943,135.0649787,135.3018861,-0.1000000000E+31,-0.1000000000E+31,-0.1000000000E+31,-0.1000000000E+31,-0.1000000000E+31,134.8625347,134.9141586,135.0576942,134.8833301,134.1679739,134.9972975,134.8598898,134.9291702,135.1049746,134.8227835,134.8625347,134.8208596,134.8495802,134.8553167,134.8693929,134.8507247,134.9291702,134.8914995,134.5190662,134.6680348,134.9159073,134.4939424,134.4939424,134.5801846,134.5687250,133.5362382,133.7174527,135.3071932,135.2882922,135.3124123,135.3315260,135.3077096,135.1671286,135.3080002,135.3065192,135.0836979,135.0604234,135.0869671,133.7712926,134.7238038,135.3071932,135.3077096,135.2962234,135.3187845,135.3071932,135.3066322,135.3219150,135.2785273,135.2844114,135.2972725,135.0666122,135.3131264,135.3315260,135.3187845,135.3559006,134.9997160,135.0743435,134.8245132,134.8580275,134.8144808,134.8890264,134.6843423,135.1550999,134.5087061,134.5836396,134.5683693,133.5538096,133.7269012,135.1356840,135.1189900,135.3100497,135.3096789,135.1775744,135.3129102,135.0808467,135.3486917,133.7898559,135.3101041,135.3100497,135.2976315,135.3208529,135.1084672,135.3101041,135.1493950,135.3100497,135.3073564,135.3226140,135.2787899,135.2850554,135.2990593,135.0969512,135.0759285,135.3202492,135.3546162,135.3370489,135.3281669,135.3334617,135.3208529,135.3563338,135.0047654,134.8679151,134.9377795,135.0843962,135.1189900,134.8240509,134.8511461,134.8003737,134.8315753,134.8453372,134.9380819,134.9541801,134.5741851,134.6938573,134.6860362,134.5562296,135.0445377,135.0685658
1065.583333333,133.5352877,133.7221545,-0.1000000000E+31,135.1321975,135.1716412,-0.1000000000E+31,-0.1000000000E+31,135.2287451,134.9502253,134.7323758,-0.1000000000E+31,-0.1000000000E+31,135.1029741,-0.1000000000E+31,-0.1000000000E+31,-0.1000000000E+31,-0.1000000000E+31,-0.1000000000E+31,-0.1000000000E+31,135.0919950,135.0727184,135.3088625,-0.1000000000E+31,-0.1000000000E+31,-0.1000000000E+31,-0.1000000000E+31,-0.1000000000E+31,134.8714338,134.9231045,135.0659820,134.8915242,134.1691786,135.0060331,134.8688210,134.9380418,135.1119157,134.8314233,134.8714338,134.8296882,134.8584148,134.8641814,134.8782498,134.8596843,134.9380418,134.9004168,134.5230635,134.6738945,134.9247309,134.4980822,134.4980822,134.5855082,134.5745312,133.5405104,133.7235823,135.3096437,135.2908177,135.3143478,135.3341257,135.3103986,135.1747697,135.3109749,135.3087749,135.0911514,135.0681358,135.0941318,133.7780824,134.7302443,135.3096437,135.3103986,135.2992437,135.3214317,135.3096437,135.3102657,135.3254696,135.2822744,135.2874780,135.3000039,135.0740437,135.3195925,135.3341257,135.3214317,135.3589732,135.0082463,135.0817928,134.8330458,134.8667987,134.8231644,134.8978190,134.6914319,135.1600557,134.5131091,134.5889738,134.5741271,133.5580921,133.7327157,135.1427160,135.1250655,135.3129734,135.3128887,135.1845571,135.3190526,135.0880759,135.3500932,133.7964633,135.3127403,135.3129734,135.3009049,135.3237140,135.1148522,135.3127403,135.1550876,135.3129734,135.3111436,135.3263209,135.2827290,135.2883909,135.3020387,135.1036278,135.0828801,135.3261505,135.3566901,135.3390312,135.3304458,135.3362460,135.3237140,135.3595816,135.0128756,134.8765075,134.9461991,135.0913507,135.1250655,134.8323331,134.8595778,134.8087158,134.8399346,134.8538925,134.9464990,134.9625672,134.5788627,134.6996647,134.6929151,134.5624369,135.0520376,135.0755082
1096.000000000,133.5374014,133.7255279,-0.1000000000E+31,135.1401019,135.1792004,-0.1000000000E+31,-0.1000000000E+31,135.2361008,134.9584462,134.7370090,-0.1000000000E+31,-0.1000000000E+31,135.1112063,-0.1000000000E+31,-0.1000000000E+31,-0.1000000000E+31,-0.1000000000E+31,-0.1000000000E+31,-0.1000000000E+31,135.1002831,135.0810788,135.3158808,-0.1000000000E+31,-0.1000000000E+31,-0.1000000000E+31,-0.1000000000E+31,-0.1000000000E+31,134.8795967,134.9311411,135.0727499,134.8978474,134.1699030,135.0142567,134.8763091,134.9455868,135.1200972,134.8382389,134.8795967,134.8378212,134.8666369,134.8723807,134.8865080,134.8676514,134.9455868,134.9086022,134.5256525,134.6779124,134.9331047,134.5008005,134.5008005,134.5890988,134.5784789,133.5426087,133.7268823,135.3159115,135.2971837,135.3204805,135.3403237,135.3167139,135.1821963,135.3173466,135.3150040,135.0992328,135.0763211,135.1022228,133.7820888,134.7347892,135.3159115,135.3167139,135.3056752,135.3276918,135.3159115,135.3167682,135.3318922,135.2889214,135.2939708,135.3063729,135.0822376,135.3263752,135.3403237,135.3276918,135.3651671,135.0163705,135.0899383,134.8398060,134.8749032,134.8312280,134.9059426,134.6965021,135.1675192,134.5160222,134.5925921,134.5780579,133.5602128,133.7358775,135.1501758,135.1327716,135.3193001,135.3192670,135.1916967,135.3255579,135.0959260,135.3559438,133.8004058,135.3190134,135.3193001,135.3073474,135.3299833,135.1226240,135.3190134,135.1625857,135.3193001,135.3176225,135.3327222,135.2893595,135.2949011,135.3084240,135.1114600,135.0908263,135.3326645,135.3626653,135.3450577,135.3365721,135.3424494,135.3299833,135.3657727,135.0207654,134.8838453,134.9535598,135.0992366,135.1327716,134.8389674,134.8674936,134.8165899,134.8478787,134.8616933,134.9543054,134.9702722,134.5819882,134.7037365,134.6978822,134.5667415,135.0600787,135.0835073
1126.416666667,133.5289031,133.7124923,-0.1000000000E+31,135.1145928,135.1545652,-0.1000000000E+31,-0.1000000000E+31,135.2122528,134.9316259,134.7206547,-0.1000000000E+31,-0.1000000000E+31,135.0854763,-0.1000000000E+31,-0.1000000000E+31,-0.1000000000E+31,-0.1000000000E+31,-0.1000000000E+31,-0.1000000000E+31,135.0742176,135.0546737,135.2932953,-0.1000000000E+31,-0.1000000000E+31,-0.1000000000E+31,-0.1000000000E+31,-0.1000000000E+31,134.8529614,134.9047381,135.0498773,134.8761623,134.1672008,134.9875026,134.8512641,134.9204201,135.0946856,134.8150412,134.8529614,134.8113451,134.8399199,134.8456904,134.8596710,134.8414463,134.9204201,134.8818772,134.5162472,134.6636110,134.9059759,134.4909806,134.4909806,134.5762518,134.5644008,133.5341874,133.7141459,135.2984211,135.2794018,135.3036561,135.3229112,135.2989488,135.1581493,135.2992511,135.2977364,135.0737339,135.0503850,135.0769104,133.7671819,134.7187658,135.2984211,135.2989488,135.2874008,135.3100921,135.2984211,135.2978980,135.3132763,135.2696164,135.2755144,135.2884467,135.0564843,135.3047660,135.3229112,135.3100921,135.3474542,134.9900147,135.0642873,134.8168233,134.8485124,134.8050372,134.8794658,134.6787187,135.1453727,134.5055290,134.5796716,134.5640595,133.5517310,133.7237201,135.1265138,135.1092099,135.3013336,135.3009787,135.1688511,135.3048807,135.0711749,135.3401387,133.7857942,135.3013723,135.3013336,135.2888572,135.3122017,135.0986769,135.3013723,135.1398079,135.3013336,135.2986877,135.3140363,135.2699453,135.2762021,135.2902751,135.0871542,135.0660470,135.3121401,135.3461402,135.3284604,135.3195328,135.3248846,135.3122017,135.3479282,134.9953021,134.8594199,134.9291826,135.0745991,135.1092099,134.8164809,134.8418268,134.7911294,134.8222155,134.8362077,134.9288540,134.9450798,134.5707648,134.6893484,134.6805114,134.5515002,135.0346760,135.0586096
1156.833333333,133.5337039,133.7195642,-0.1000000000E+31,135.1245286,135.1643703,-0.1000000000E+31,-0.1000000000E+31,135.2215948,134.9425134,134.7283483,-0.1000000000E+31,-0.1000000000E+31,135.0946956,-0.1000000000E+31,-0.1000000000E+31,-0.1000000000E+31,-0.1000000000E+31,-0.1000000000E+31,-0.1000000000E+31,135.0837313,135.0644451,135.3019521,-0.1000000000E+31,-0.1000000000E+31,-0.1000000000E+31,-0.1000000000E+31,-0.1000000000E+31,134.8638614,134.9156434,135.0597902,134.8858759,134.1685762,134.9982374,134.8620144,134.9311202,135.1036187,134.8253276,134.8638614,134.8221731,134.8507741,134.8565673,134.8705540,134.8523545,134.9311202,134.8927970,134.5208523,134.6704236,134.9168496,134.4957613,134.4957613,134.5824260,134.5711449,133.5389362,133.7210439,135.3023714,135.2834527,135.3070550,135.3269939,135.3031507,135.1675779,135.3037540,135.3014812,135.0831491,135.0600869,135.0860407,133.7749251,134.7262886,135.3023714,135.3031507,135.2919647,135.3142380,135.3023714,135.3030938,135.3183730,135.2749633,135.2801408,135.2927049,135.0659086,135.3128571,135.3269939,135.3142380,135.3520114,135.0005206,135.0737158,134.8269893,134.8592715,134.8157052,134.8902467,134.6870209,135.1521423,134.5106204,134.5858640,134.5707519,133.5564963,133.7302722,135.1353497,135.1171584,135.3057712,135.3057167,135.1775548,135.3125842,135.0803109,135.3429371,133.7933414,135.3055074,135.3057712,135.2936756,135.3165618,135.1069510,135.3055074,135.1473197,135.3057712,135.3040300,135.3192787,135.2754788,135.2811004,135.2947839,135.0957348,135.0749325,135.3196048,135.3496287,135.3318712,135.3232699,135.3291507,135.3165618,135.3526575,135.0053320,134.8697962,134.9393881,135.0834709,135.1171584,134.8263672,134.8522039,134.8014150,134.8325321,134.8466757,134.9391748,134.9553423,134.5761815,134.6961245,134.6885793,134.5587352,135.0441342,135.0675007
1187.250000000,133.5354935,133.7224651,-0.1000000000E+31,135.1318614,135.1713575,-0.1000000000E+31,-0.1000000000E+31,135.2284105,134.9500923,134.7324948,-0.1000000000E+31,-0.1000000000E+31,135.1024269,-0.1000000000E+31,-0.1000000000E+31,-0.1000000000E+31,-0.1000000000E+31,-0.1000000000E+31,-0.1000000000E+31,135.0914948,135.0722610,135.3084767,-0.1000000000E+31,-0.1000000000E+31,-0.1000000000E+31,-0.1000000000E+31,-0.1000000000E+31,134.8713780,134.9230306,135.0659534,134.8915972,134.1692120,135.0058324,134.8688488,134.9380183,135.1113232,134.8315082,134.8713780,134.8296636,134.8583551,134.8641231,134.8781703,134.8596686,134.9380183,134.9003358,134.5231461,134.6740086,134.9245867,134.4981735,134.4981735,134.5856227,134.5746627,133.5407140,133.7238834,135.3085063,135.2896802,135.3130979,135.3330454,135.3093131,135.1744588,135.3099491,135.3075936,135.0907052,135.0677269,135.0936299,133.7784209,134.7303580,135.3085063,135.3093131,135.2982164,135.3203483,135.3085063,135.3093659,135.3245709,135.2813719,135.2864504,135.2989179,135.0735799,135.3191828,135.3330454,135.3203483,135.3580186,135.0080316,135.0813370,134.8331227,134.8667392,134.8231373,134.8977330,134.6915672,135.1592745,134.5132078,134.5890878,134.5742566,133.5582958,133.7329974,135.1423122,135.1244459,135.3119264,135.3119001,135.1841985,135.3186558,135.0876509,135.3487442,133.7967874,135.3116327,135.3119264,135.2999184,135.3226644,135.1142799,135.3116327,135.1544283,135.3119264,135.3102670,135.3254439,135.2818561,135.2874063,135.3009936,135.1031011,135.0823915,135.3257048,135.3555017,135.3378036,135.3292773,135.3351932,135.3226644,135.3586486,135.0126399,134.8765066,134.9461367,135.0908689,135.1244459,134.8323937,134.8595082,134.8086831,134.8398701,134.8538542,134.9463724,134.9624405,134.5789613,134.6997677,134.6930386,134.5625803,135.0516445,135.0750137
1217.666666667,133.5243323,133.7052985,-0.1000000000E+31,135.0976531,135.1383581,-0.1000000000E+31,-0.1000000000E+31,135.1964412,134.9142016,134.7107754,-0.1000000000E+31,-0.1000000000E+31,135.0677843,-0.1000000000E+31,-0.1000000000E+31,-0.1000000000E+31,-0.1000000000E+31,-0.1000000000E+31,-0.1000000000E+31,135.0564374,135.0367744,135.2781647,-0.1000000000E+31,-0.1000000000E+31,-0.1000000000E+31,-0.1000000000E+31,-0.1000000000E+31,134.8357527,134.8877292,135.0354420,134.8627202,134.1656334,134.9700089,134.8354284,134.9044169,135.0770669,134.8006017,134.8357527,134.7942544,134.8226087,134.8284173,134.8422585,134.8246496,134.9044169,134.8645859,134.5106848,134.6550295,134.8882618,134.4851583,134.4851583,134.5685827,134.5559860,133.5296525,133.7071088,135.2846116,135.2653935,135.2900468,135.3092805,135.2850737,135.1422262,135.2852947,135.2839781,135.0564370,135.0328896,135.0595793,133.7587374,134.7090755,135.2846116,135.2850737,135.2733210,135.2963314,135.2846116,135.2837360,135.2992817,135.2551557,135.2613100,135.2744620,135.0389563,135.2901602,135.3092805,135.2963314,135.3339083,134.9727315,135.0468573,134.8024987,134.8314347,134.7881016,134.8623096,134.6679392,135.1293020,134.4992966,134.5719469,134.5556829,133.5471518,133.7169804,135.1105292,135.0926690,135.2874406,135.2870105,135.1535381,135.2908787,135.0543886,135.3270061,133.7774869,135.2875554,135.2874406,135.2747588,135.2984250,135.0820127,135.2875554,135.1236828,135.2874406,135.2845664,135.3000762,135.2555139,135.2619669,135.2762637,135.0703780,135.0490517,135.2981050,135.3328827,135.3150718,135.3059793,135.3112425,135.2984250,135.3343786,134.9785174,134.8438948,134.9135641,135.0577256,135.0926690,134.8024212,134.8251561,134.7746055,134.8055133,134.8197713,134.9123128,134.9287344,134.5640765,134.6806599,134.6699518,134.5423482,135.0175189,135.0415091
1248.083333333,133.5369988,133.7244212,-0.1000000000E+31,135.1310131,135.1707905,-0.1000000000E+31,-0.1000000000E+31,135.2276832,134.9497261,134.7335368,-0.1000000000E+31,-0.1000000000E+31,135.1006113,-0.1000000000E+31,-0.1000000000E+31,-0.1000000000E+31,-0.1000000000E+31,-0.1000000000E+31,-0.1000000000E+31,135.0898652,135.0707706,135.3075597,-0.1000000000E+31,-0.1000000000E+31,-0.1000000000E+31,-0.1000000000E+31,-0.1000000000E+31,134.8711176,134.9228937,135.0663944,134.8923925,134.1695077,135.0053176,134.8692052,134.9382544,135.1093220,134.8322326,134.8711176,134.8293959,134.8579985,134.8638071,134.8777884,134.8596335,134.9382544,134.9000547,134.5239636,134.6750219,134.9240491,134.4989935,134.4989935,134.5865985,134.5757054,133.5421953,133.7257807,135.3045086,135.2856572,135.3087749,135.3292443,135.3054786,135.1737351,135.3063092,135.3034620,135.0892408,135.0663867,135.0919184,133.7802440,134.7313607,135.3045086,135.3054786,135.2945601,135.3165294,135.3045086,135.3061670,135.3213804,135.2781364,135.2827778,135.2950704,135.0719996,135.3180774,135.3292443,135.3165294,135.3546337,135.0074419,135.0798127,134.8338104,134.8664319,134.8228197,134.8974095,134.6926228,135.1563216,134.5140629,134.5900483,134.5752769,133.5597665,133.7347698,135.1410717,135.1221953,135.3082733,135.3084450,135.1832074,135.3175513,135.0862253,135.3442173,133.7985231,135.3077807,135.3082733,135.2964587,135.3190108,135.1122260,135.3077807,135.1520469,135.3082733,135.3072110,135.3223925,135.2787893,135.2839377,135.2973344,135.1012343,135.0806527,135.3243911,135.3514349,135.3336085,135.3252507,135.3315356,135.3190108,135.3554040,135.0119262,134.8767245,134.9461749,135.0891846,135.1221953,134.8329943,134.8591044,134.8082713,134.8393949,134.8536503,134.9460114,134.9621394,134.5798409,134.7006933,134.6940197,134.5636285,135.0502785,135.0732225
1278.500000000,133.5450838,133.7373892,-0.1000000000E+31,135.1637355,135.2019981,-0.1000000000E+31,-0.1000000000E+31,135.2581678,134.9833393,134.7520345,-0.1000000000E+31,-0.1000000000E+31,135.1351163,-0.1000000000E+31,-0.1000000000E+31,-0.1000000000E+31,-0.1000000000E+31,-0.1000000000E+31,-0.1000000000E+31,135.1245033,135.1056187,135.3367773,-0.1000000000E+31,-0.1000000000E+31,-0.1000000000E+31,-0.1000000000E+31,-0.1000000000E+31,134.9043524,134.9556362,135.0938583,134.9178445,134.1723590,135.0390728,134.8995007,134.9688808,135.1437075,134.8596665,134.9043524,134.8624572,134.8914891,134.8971991,134.9114618,134.8919848,134.9688808,134.9334262,134.5342561,134.6910366,134.9583175,134.5097942,134.5097942,134.6008827,134.5914016,133.5502236,133.7384733,135.3322721,135.3138220,135.3362141,135.3566069,135.3333295,135.2044673,135.3342672,135.3311565,135.1229352,135.1004260,135.1257722,133.7957413,134.7495128,135.3322721,135.3333295,135.3227651,135.3441513,135.3322721,135.3343974,135.3492839,135.3069609,135.3112337,135.3231411,135.1061923,135.3464025,135.3566069,135.3441513,135.3817232,135.0408255,135.1137896,134.8610371,134.8994402,134.8556068,134.9305431,134.7128618,135.1882276,134.5256363,134.6044462,134.5909094,133.5678860,133.7469468,135.1721493,135.1547415,135.3360893,135.3363509,135.2128837,135.3447296,135.1189413,135.3706964,133.8137945,135.3355029,135.3360893,135.3246215,135.3465991,135.1449385,135.3355029,135.1838295,135.3360893,135.3352941,135.3501610,135.3074820,135.3123729,135.3253854,135.1340953,135.1138981,135.3517091,135.3781191,135.3605761,135.3525009,135.3588626,135.3465991,135.3824349,135.0444076,134.9064728,134.9761401,135.1221681,135.1547415,134.8597468,134.8913712,134.8403033,134.8717729,134.8853787,134.9779318,134.9936437,134.5922729,134.7169521,134.7138678,134.5807486,135.0837083,135.1066978
1308.916666667,133.5411814,133.7318278,-0.1000000000E+31,135.1594478,135.1975103,-0.1000000000E+31,-0.1000000000E+31,135.2541000,134.9779636,134.7470334,-0.1000000000E+31,-0.1000000000E+31,135.1321633,-0.1000000000E+31,-0.1000000000E+31,-0.1000000000E+31,-0.1000000000E+31,-0.1000000000E+31,-0.1000000000E+31,135.1212012,135.1020284,135.3332697,-0.1000000000E+31,-0.1000000000E+31,-0.1000000000E+31,-0.1000000000E+31,-0.1000000000E+31,134.8988041,134.9500146,135.0882848,134.9120025,134.1713750,135.0339637,134.8934823,134.9630354,135.1410990,134.8535594,134.8988041,134.8569155,134.8860403,134.8917068,134.9060395,134.8862199,134.9630354,134.9279116,134.5311061,134.6865311,134.9530891,134.5065392,134.5065392,134.5967443,134.5868915,133.5463693,133.7330588,135.3343926,135.3159077,135.3390001,135.3584460,135.3351357,135.2003249,135.3357009,135.3335362,135.1195002,135.0967067,135.1227335,133.7898906,134.7446378,135.3343926,135.3351357,135.3241801,135.3459734,135.3343926,135.3349920,135.3499237,135.3075058,135.3126281,135.3249277,135.1028591,135.3433582,135.3584460,135.3459734,135.3828580,135.0359084,135.1104032,134.8550302,134.8940053,134.8501902,134.9251389,134.7075092,135.1876721,134.5221823,134.6003104,134.5864460,133.5640311,133.7418309,135.1688083,135.1528614,135.3375921,135.3374812,135.2093777,135.3418794,135.1156029,135.3740849,133.8081294,135.3373824,135.3375921,135.3257104,135.3481461,135.1426871,135.3373824,135.1823216,135.3375921,135.3356810,135.3505978,135.3077717,135.3134239,135.3268529,135.1314918,135.1109959,135.3491948,135.3805856,135.3632268,135.3547889,135.3604657,135.3481461,135.3833502,135.0398580,134.9007880,134.9707475,135.1192250,135.1528614,134.8539714,134.8862238,134.8351698,134.8667052,134.8799994,134.9728454,134.9885438,134.5886281,134.7125439,134.7087083,134.5759610,135.0801201,135.1038383
1339.333333333,133.5504894,133.7461733,-0.1000000000E+31,135.1895235,135.2264721,-0.1000000000E+31,-0.1000000000E+31,135.2822424,135.0092244,134.7656305,-0.1000000000E+31,-0.1000000000E+31,135.1628978,-0.1000000000E+31,-0.1000000000E+31,-0.1000000000E+31,-0.1000000000E+31,-0.1000000000E+31,-0.1000000000E+31,135.1522507,135.1334059,135.3600365,-0.1000000000E+31,-0.1000000000E+31,-0.1000000000E+31,-0.1000000000E+31,-0.1000000000E+31,134.9297427,134.9806828,135.1147091,134.9368651,134.1743916,135.0652568,134.9223717,134.9921468,135.1715208,134.8801714,134.9297427,134.8876405,134.9170957,134.9227222,134.9372598,134.9165767,134.9921468,134.9589860,134.5417485,134.7027661,134.9847492,134.5176514,134.5176514,134.6113045,134.6028423,133.5555949,133.7470805,135.3567913,135.3386477,135.3608211,135.3806504,135.3577600,135.2286718,135.3586003,135.3557539,135.1498243,135.1274632,135.1529568,133.8063949,134.7628651,135.3567913,135.3577600,135.3472907,135.3684015,135.3567913,135.3585553,135.3731905,135.3315792,135.3359518,135.3477410,135.1335176,135.3690840,135.3806504,135.3684015,135.4051823,135.0667735,135.1409238,134.8814097,134.9246749,134.8805939,134.9559412,134.7277356,135.2148279,134.5340547,134.6149557,134.6023086,133.5733276,133.7552292,135.1969232,135.1813133,135.3603688,135.3605223,135.2364464,135.3665104,135.1450329,135.3948825,133.8243251,135.3598932,135.3603688,135.3489825,135.3707135,135.1714887,135.3598932,135.2099450,135.3603688,135.3592590,135.3738884,135.3319001,135.3369360,135.3498384,135.1606158,135.1405940,135.3737502,135.4019610,135.3847505,135.3767142,135.3827884,135.3707135,135.4057739,135.0697437,134.9290187,134.9990292,135.1486418,135.1813133,134.8798124,134.9160822,134.8647440,134.8965646,134.9095766,135.0025187,135.0179077,134.6013374,134.7289040,134.7284840,134.5932354,135.1102498,135.1335895
1369.750000000,133.5521352,133.7491401,-0.1000000000E+31,135.2016999,135.2379007,-0.1000000000E+31,-0.1000000000E+31,135.2935629,135.0212432,134.7712755,-0.1000000000E+31,-0.1000000000E+31,135.1764811,-0.1000000000E+31,-0.1000000000E+31,-0.1000000000E+31,-0.1000000000E+31,-0.1000000000E+31,-0.1000000000E+31,135.1657270,135.1468373,135.3710739,-0.1000000000E+31,-0.1000000000E+31,-0.1000000000E+31,-0.1000000000E+31,-0.1000000000E+31,134.9415036,134.9922041,135.1239783,134.9451253,134.1751556,135.0774733,134.9326419,135.0026489,135.1852082,134.8891597,134.9415036,134.8993242,134.9290122,134.9345764,134.9492708,134.9278526,135.0026489,134.9708262,134.5447169,134.7075709,134.9971171,134.5207896,134.5207896,134.6155333,134.6075050,133.5572389,133.7499980,135.3699801,135.3519926,135.3742030,135.3935245,135.3708302,135.2400605,135.3715318,135.3690423,135.1628356,135.1404825,135.1662309,133.8103139,134.7684200,135.3699801,135.3708302,135.3603199,135.3813801,135.3699801,135.3711900,135.3857055,135.3444462,135.3490792,135.3608965,135.1467924,135.3799659,135.3935245,135.3813801,135.4175869,135.0789217,135.1540800,134.8903563,134.9363915,134.8922168,134.9677313,134.7339650,135.2284824,134.5374319,134.6192338,134.6069649,133.5750104,133.7580653,135.2088502,135.1945922,135.3732751,135.3732826,135.2476862,135.3769874,135.1576674,135.4081557,133.8282345,135.3729462,135.3732751,135.3618336,135.3835430,135.1846565,135.3729462,135.2230780,135.3732751,135.3717277,135.3862452,135.3445847,135.3498860,135.3628290,135.1736742,135.1536703,135.3844532,135.4148532,135.3978578,135.3897653,135.3955324,135.3835430,135.4180473,135.0816790,134.9392113,135.0094619,135.1615858,135.1945922,134.8886639,134.9276136,134.8761718,134.9081785,134.9207648,135.0139435,135.0291482,134.6049954,134.7338593,134.7346355,134.5983792,135.1230675,135.1467851
1400.166666667,133.5475568,133.7422409,-0.1000000000E+31,135.1906346,135.2270867,-0.1000000000E+31,-0.1000000000E+31,135.2832098,135.0092231,134.7633341,-0.1000000000E+31,-0.1000000000E+31,135.1658502,-0.1000000000E+31,-0.1000000000E+31,-0.1000000000E+31,-0.1000000000E+31,-0.1000000000E+31,-0.1000000000E+31,135.1548275,135.1356902,135.3614155,-0.1000000000E+31,-0.1000000000E+31,-0.1000000000E+31,-0.1000000000E+31,-0.1000000000E+31,134.9294548,134.9802406,135.1133979,134.9348738,134.1737990,135.0655986,134.9210377,134.9910798,135.1748438,134.8782278,134.9294548,134.8873156,134.9169608,134.9225228,134.9371938,134.9158857,134.9910798,134.9587695,134.5400609,134.7005811,134.9850238,134.5159345,134.5159345,134.6092194,134.6005905,133.5527058,133.7432638,135.3643803,135.3462673,135.3691324,135.3878395,135.3649982,135.2295902,135.3654243,135.3636336,135.1520767,135.1294502,135.1556917,133.8025740,134.7606483,135.3643803,135.3649982,135.3541371,135.3756172,135.3643803,135.3644557,135.3790844,135.3375275,135.3428187,135.3549953,135.1359744,135.3708265,135.3878395,135.3756172,135.4115022,135.0672657,135.1432820,134.8795421,134.9244730,134.8803591,134.9558060,134.7253516,135.2200602,134.5322524,134.6128938,134.6000976,133.5704536,133.7516554,135.1988132,135.1851433,135.3672509,135.3669888,135.2378978,135.3682635,135.1472171,135.4037397,133.8206722,135.3671958,135.3672509,135.3554477,135.3776051,135.1749213,135.3671958,135.2140649,135.3672509,135.3648976,135.3795274,135.3375363,135.3434065,135.3567224,135.1636701,135.1433726,135.3759134,135.4097447,135.3928073,135.3844038,135.3896964,135.3776051,135.4118302,135.0704896,134.9279640,134.9983554,135.1513274,135.1851433,134.8781207,134.9160686,134.8646878,134.8966536,134.9092059,135.0025385,135.0178420,134.5994762,134.7268722,134.7262470,134.5909238,135.1122714,135.1364570
1430.583333333,133.5354615,133.7233760,-0.1000000000E+31,135.1496669,135.1877294,-0.1000000000E+31,-0.1000000000E+31,135.2449623,134.9665734,134.7384213,-0.1000000000E+31,-0.1000000000E+31,135.1237349,-0.1000000000E+31,-0.1000000000E+31,-0.1000000000E+31,-0.1000000000E+31,-0.1000000000E+31,-0.1000000000E+31,135.1123187,135.0927440,135.3250186,-0.1000000000E+31,-0.1000000000E+31,-0.1000000000E+31,-0.1000000000E+31,-0.1000000000E+31,134.8871752,134.9384427,135.0776873,134.9013376,134.1698075,135.0229324,134.8818048,134.9515587,135.1331152,134.8422373,134.8871752,134.8452691,134.8744666,134.8801071,134.8944930,134.8744752,134.9515587,134.9163361,134.5259188,134.6788812,134.9417366,134.5011390,134.5011390,134.5897800,134.5792664,133.5407110,133.7248194,135.3333152,135.3147186,135.3388464,135.3570660,135.3336382,135.1910221,135.3337085,135.3328070,135.1105708,135.0873637,135.1142643,133.7806282,134.7362241,135.3333152,135.3336382,135.3221246,135.3445322,135.3333152,135.3318947,135.3469316,135.3042503,135.3105046,135.3233693,135.0939658,135.3357760,135.3570660,135.3445322,135.3806100,135.0251616,135.1014848,134.8438591,134.8825381,134.8387240,134.9137262,134.6981955,135.1825287,134.5164284,134.5933284,134.5788824,133.5583545,133.7340151,135.1603947,135.1459992,135.3357296,135.3351298,135.2009875,135.3346799,135.1069178,135.3749034,133.7991161,135.3360179,135.3357296,135.3232662,135.3463745,135.1353411,135.3360179,135.1760426,135.3357296,135.3323624,135.3473888,135.3042351,135.3108876,135.3249083,135.1236878,135.1027550,135.3423879,135.3801250,135.3629725,135.3540225,135.3588034,135.3463745,135.3808514,135.0296825,134.8895927,134.9599096,135.1109813,135.1459992,134.8431460,134.8751978,134.8241342,134.8557262,134.8687921,134.9620507,134.9778160,134.5825254,134.7049641,134.6996786,134.5677746,135.0709947,135.0956061
1461.000000000,133.5466811,133.7401488,-0.1000000000E+31,135.1762299,135.2137245,-0.1000000000E+31,-0.1000000000E+31,135.2698753,134.9952724,134.7575913,-0.1000000000E+31,-0.1000000000E+31,135.1492012,-0.1000000000E+31,-0.1000000000E+31,-0.1000000000E+31,-0.1000000000E+31,-0.1000000000E+31,-0.1000000000E+31,135.1384197,135.1194185,135.3482879,-0.1000000000E+31,-0.1000000000E+31,-0.1000000000E+31,-0.1000000000E+31,-0.1000000000E+31,134.9158523,134.9670058,135.1031389,134.9259866,134.1731219,135.0513369,134.9095552,134.9792625,135.1579560,134.8684548,134.9158523,134.8737886,134.9031130,134.9087749,134.9232252,134.9029871,134.9792625,134.9450686,134.5372216,134.6957776,134.9705531,134.5129020,134.5129020,134.6050466,134.5959653,133.5518160,133.7411889,135.3468308,135.3285204,135.3511572,135.3707751,135.3476876,135.2161723,135.3483953,135.3458855,135.1363085,135.1137469,135.1394627,133.7992941,134.7549821,135.3468308,135.3476876,135.3369849,135.3584218,135.3468308,135.3480469,135.3628183,135.3208274,135.3255423,135.3375776,135.1198237,135.3577548,135.3707751,135.3584218,135.3952383,135.0530341,135.1273062,134.8697931,134.9108902,134.8668681,134.9421345,134.7189472,135.2026070,134.5289700,134.6086541,134.5954645,133.5695117,133.7495897,135.1844394,135.1685636,135.3502469,135.3502760,135.2244752,135.3556490,135.1319024,135.3857566,133.8173451,135.3498996,135.3502469,135.3386261,135.3606906,135.1585939,135.3498996,135.1975764,135.3502469,135.3487696,135.3635319,135.3211506,135.3264636,135.3396160,135.1475868,135.1273462,135.3629082,135.3925150,135.3752434,135.3670054,135.3728796,135.3606906,135.3958121,135.0564220,134.9164810,134.9864893,135.1354907,135.1685636,134.8684234,134.9026338,134.8513560,134.8830726,134.8962964,134.9892726,135.0048300,134.5958904,134.7218385,134.7198823,134.5857503,135.0967763,135.1202571
