sample_site,x,y,sample_comment,sample_type,date,pce_µg_l
NI15-Ö16-biflöde,427322.3428,6654993.542,NI15-Ö16-tilløb,Grab sample,2016-06-17,8.2
NI15-Ö16-biflöde,427322.3428,6654993.542,NI15-Ö16-biflöde,Grab sample,2017-05-15,16
NI15-Ö26,427537.7772,6655098.968,NI15-Ö26,Grab sample,2017-06-28,<0.020
NI15-Ö26,427537.7772,6655098.968,#1 - örback opstrøm (v NI-1),Grab sample,2017-05-15,"<0,020"
NI15-Ö26,427537.7772,6655098.968,NI15-Ö26,Grab sample,2016-11-21,"<0,020"
NI15-Ö26,427537.7772,6655098.968,NI15-Ö26,Grab sample,2016-09-13,"<0,020"
NI15-Ö26,427537.7772,6655098.968,NI15-Ö26,Grab sample,2016-06-17,"<0,020"
NI15-Ö26,427537.7772,6655098.968,NI15-Ö26,Grab sample,2016-02-26,"<0,020"
NI15-Ö26,427537.7772,6655098.968,NI15-Ö26,Grab sample,2015-12-01,"<0,020"
NI15-Ö27,427496.8086,6655035.316,NI15-Ö27,Grab sample,2016-06-17,"<0,020"
NI15-Ö27,427496.8086,6655035.316,NI15-Ö27,Grab sample,2015-12-01,"<0,020"
NI15-Ö28,427464.563,6654906.503,NI15-Ö28,Grab sample,2016-06-17,0.024
NI15-Ö28,427464.563,6654906.503,NI15-Ö28,Grab sample,2017-06-28,<0.020
NI15-Ö28,427464.563,6654906.503,#2 - örback (v NI-4),Grab sample,2017-05-15,"<0,020"
NI15-Ö28,427464.563,6654906.503,NI15-Ö28,Grab sample,2016-11-21,"<0,020"
NI15-Ö28,427464.563,6654906.503,NI15-Ö28,Grab sample,2016-09-13,"<0,020"
NI15-Ö28,427464.563,6654906.503,NI15-Ö28,Grab sample,2016-02-26,"<0,020"
NI15-Ö28,427464.563,6654906.503,NI15-Ö28,Grab sample,2015-12-01,"<0,020"
NI15-Ö28A,427439.6321,6654902.228,NI15-Ö28A,Grab sample,2017-06-28,<0.020
NI15-Ö28A,427439.6321,6654902.228,NI15-Ö28A,Grab sample,2017-05-15,"<0,020"
NI15-Ö28A,427439.6321,6654902.228,NI15-Ö28A,Grab sample,2016-11-21,"<0,020"
NI15-Ö28A,427439.6321,6654902.228,NI15-Ö28A,Grab sample,2016-09-13,"<0,020"
NI15-Ö28A,427439.6321,6654902.228,NI15-Ö28A,Grab sample,2016-02-26,"<0,020"
NI15-Ö28B,427439.6547,6654903.228,NI15-Ö28B,Grab sample,2016-11-21,"<0,020"
NI15-Ö29,427416.7099,6654904.258,NI15-Ö29,Grab sample,2017-08-29,11
NI15-Ö29,427416.7099,6654904.258,NI15-Ö29,Grab sample,2015-12-01,0.13
NI15-Ö29,427416.7099,6654904.258,NI15-Ö29,Grab sample,2017-06-28,0.052
NI15-Ö29,427416.7099,6654904.258,NI15-Ö29,Grab sample,2016-06-17,0.048
NI15-Ö29,427416.7099,6654904.258,NI15-Ö29,Grab sample,2017-01-30,0.029
NI15-Ö29,427416.7099,6654904.258,NI15-Ö29,Grab sample,2017-05-15,"<0,020"
NI15-Ö29,427416.7099,6654904.258,NI15-Ö29,Grab sample,2016-11-21,"<0,020"
NI15-Ö29,427416.7099,6654904.258,NI15-Ö29,Grab sample,2016-09-13,"<0,020"
NI15-Ö29,427416.7099,6654904.258,NI15-Ö29,Grab sample,2016-02-26,"<0,020"
NI15-Ö30,427388.9266,6654933.106,NI15-Ö30 28/8/17,Grab sample,2017-08-28,7.9
NI15-Ö30,427388.9266,6654933.106,NI15-Ö30,Grab sample,2016-02-26,6.7
NI15-Ö30,427388.9266,6654933.106,#64 - NI15-Ö9,Grab sample,2017-05-15,6.3
NI15-Ö30,427388.9266,6654933.106,NI15-Ö30,Grab sample,2017-06-28,5.5
NI15-Ö30,427388.9266,6654933.106,NI15-Ö30,Grab sample,2016-11-21,4.7
NI15-Ö30,427388.9266,6654933.106,NI15-Ö30,Grab sample,2016-09-13,4.4
NI15-Ö30,427388.9266,6654933.106,NI15-Ö30,Grab sample,2017-01-30,2.6
NI15-Ö30,427388.9266,6654933.106,NI15-Ö30,Grab sample,2016-06-17,12
NI15-Ö30,427388.9266,6654933.106,NI15-Ö30 29/8/17,Grab sample,2017-08-29,11
NI15-Ö30,427388.9266,6654933.106,NI15-Ö30,Grab sample,2015-12-01,1.2
NI15-Ö31,427342.6592,6654961.713,NI15-Ö31,Grab sample,2017-01-30,8.4
NI15-Ö31,427342.6592,6654961.713,NI15-Ö31,Grab sample,2016-06-17,31
NI15-Ö31,427342.6592,6654961.713,NI15-Ö31,Grab sample,2017-06-28,30
NI15-Ö31,427342.6592,6654961.713,NI15-Ö31,Grab sample,2015-12-01,2.6
NI15-Ö31,427342.6592,6654961.713,#40 - NI-12,Grab sample,2017-05-15,19
NI15-Ö31,427342.6592,6654961.713,NI15-Ö31,Grab sample,2017-08-29,17
NI15-Ö31,427342.6592,6654961.713,NI15-Ö31,Grab sample,2016-02-26,15
NI15-Ö31,427342.6592,6654961.713,NI15-Ö31,Grab sample,2016-11-21,13
NI15-Ö31,427342.6592,6654961.713,NI15-Ö31,Grab sample,2016-09-13,12
NI15-Ö32,427332.1978,6654979.689,NI15-Ö32,Grab sample,2017-01-30,7.7
NI15-Ö32,427332.1978,6654979.689,NI15-Ö32,Grab sample,2015-12-01,3
NI15-Ö32,427332.1978,6654979.689,NI15-Ö32,Grab sample,2016-06-17,29
NI15-Ö32,427332.1978,6654979.689,NI15-Ö32,Grab sample,2017-06-28,25
NI15-Ö32,427332.1978,6654979.689,NI15-Ö32,Grab sample,2017-08-29,19
NI15-Ö32,427332.1978,6654979.689,#71 - nedströms NI16-Ö8,Grab sample,2017-05-15,17
NI15-Ö32,427332.1978,6654979.689,NI15-Ö32,Grab sample,2016-09-12,16
NI15-Ö32,427332.1978,6654979.689,NI15-Ö32,Grab sample,2016-02-26,15
NI15-Ö32,427332.1978,6654979.689,NI15-Ö32,Grab sample,2016-11-21,13
NI15-Ö33,427304.6882,6654981.109,NI15-Ö33,Grab sample,2015-12-01,4.2
NI15-Ö33,427304.6882,6654981.109,NI15-Ö33,Grab sample,2016-06-17,39
NI15-Ö33,427304.6882,6654981.109,NI15-Ö33,Grab sample,2017-06-28,33
NI15-Ö33,427304.6882,6654981.109,NI15-Ö33,Grab sample,2017-08-29,18
NI15-Ö33,427304.6882,6654981.109,NI15-Ö33,Grab sample,2016-02-26,18
NI15-Ö33,427304.6882,6654981.109,NI15-Ö33,Grab sample,2016-09-12,17
NI15-Ö33,427304.6882,6654981.109,#6 - Nedstrøms NI15-Ö18,Grab sample,2017-05-15,16
NI15-Ö33,427304.6882,6654981.109,NI15-Ö33,Grab sample,2016-11-21,15
NI15-Ö34,427291.5384,6654968.993,NI15-Ö34,Grab sample,2015-12-01,460
NI15-Ö34,427291.5384,6654968.993,NI15-Ö34,Grab sample,2016-11-21,450
NI15-Ö34,427291.5384,6654968.993,NI15-Ö34,Grab sample,2016-02-26,380
NI15-Ö34,427291.5384,6654968.993,NI15-Ö34,Grab sample,2016-09-12,250
NI15-Ö34,427291.5384,6654968.993,NI15-Ö34,Grab sample,2017-05-15,230
NI15-Ö34,427291.5384,6654968.993,NI15-Ö34,Grab sample,2016-06-17,230
NI15-Ö34,427291.5384,6654968.993,NI15-Ö34,Grab sample,2017-08-29,140
NI15-Ö34,427291.5384,6654968.993,NI15-Ö34,Grab sample,2017-06-28,140
NI15-Ö35,427294.3559,6654961.399,NI15-Ö35,Grab sample,2016-06-17,31
NI15-Ö35,427294.3559,6654961.399,NI15-Ö35,Grab sample,2015-12-01,3.2
NI15-Ö35,427294.3559,6654961.399,NI15-Ö35,Grab sample,2017-06-28,26
NI15-Ö35,427294.3559,6654961.399,NI15-Ö35,Grab sample,2017-08-29,18
NI15-Ö35,427294.3559,6654961.399,NI15-Ö35,Grab sample,2017-05-15,17
NI15-Ö35,427294.3559,6654961.399,NI15-Ö35,Grab sample,2016-02-26,17
NI15-Ö35,427294.3559,6654961.399,NI15-Ö35,Grab sample,2016-09-12,15
NI15-Ö35,427294.3559,6654961.399,NI15-Ö35,Grab sample,2016-11-21,14
NI15-Ö36,427276.4202,6654937.278,NI15-Ö36,Grab sample,2015-12-01,4.4
NI15-Ö36,427276.4202,6654937.278,NI15-Ö36,Grab sample,2016-06-17,37
NI15-Ö36,427276.4202,6654937.278,NI15-Ö36,Grab sample,2017-06-28,28
NI15-Ö36,427276.4202,6654937.278,NI15-Ö36,Grab sample,2016-02-26,23
NI15-Ö36,427276.4202,6654937.278,#68 - NI16-Ö21,Grab sample,2017-05-15,19
NI15-Ö36,427276.4202,6654937.278,NI15-Ö36,Grab sample,2016-09-12,18
NI15-Ö36,427276.4202,6654937.278,NI15-Ö36,Grab sample,2016-11-21,15
NI15-Ö37,427217.1736,6654911.654,NI15-Ö37,Grab sample,2015-12-01,4
NI15-Ö37,427217.1736,6654911.654,NI15-Ö37,Grab sample,2016-06-17,37
NI15-Ö37,427217.1736,6654911.654,NI15-Ö37,Grab sample,2017-06-28,27
NI15-Ö37,427217.1736,6654911.654,NI15-Ö37,Grab sample,2017-08-29,23
NI15-Ö37,427217.1736,6654911.654,NI15-Ö37,Grab sample,2016-02-26,23
NI15-Ö37,427217.1736,6654911.654,NI15-Ö37,Grab sample,2016-09-12,20
NI15-Ö37,427217.1736,6654911.654,#81 - NI15-Ö37,Grab sample,2017-05-15,18
NI15-Ö37,427217.1736,6654911.654,NI15-Ö37,Grab sample,2016-11-21,16
NI15-Ö38,427201.1739,6654935.415,NI15-Ö38,Grab sample,2016-06-17,59
NI15-Ö38,427201.1739,6654935.415,NI15-Ö38,Grab sample,2015-12-01,5
NI15-Ö38,427201.1739,6654935.415,NI15-Ö38,Grab sample,2016-09-12,48
NI15-Ö38,427201.1739,6654935.415,NI15-Ö38,Grab sample,2017-06-28,41
NI15-Ö38,427201.1739,6654935.415,NI15-Ö38,Grab sample,2017-08-29,29
NI15-Ö38,427201.1739,6654935.415,NI15-Ö38,Grab sample,2016-02-26,25
NI15-Ö38,427201.1739,6654935.415,#80 - NI15-Ö38,Grab sample,2017-05-15,23
NI15-Ö38,427201.1739,6654935.415,NI15-Ö38,Grab sample,2016-11-21,23
NI15-Ö39,427164.0269,6654945.117,NI15-Ö39,Grab sample,2016-06-17,79
NI15-Ö39,427164.0269,6654945.117,NI15-Ö39,Grab sample,2017-06-28,49
NI15-Ö39,427164.0269,6654945.117,#9 - NI15-Ö48,Grab sample,2017-05-15,45
NI15-Ö39,427164.0269,6654945.117,NI15-Ö39,Grab sample,2016-09-12,40
NI15-Ö39,427164.0269,6654945.117,NI15-Ö39,Grab sample,2016-11-21,29
NI15-Ö39,427164.0269,6654945.117,NI15-Ö39,Grab sample,2016-02-26,230
NI15-Ö39,427164.0269,6654945.117,NI15-Ö39,Grab sample,2017-08-29,22
NI15-Ö39,427164.0269,6654945.117,NI15-Ö39,Grab sample,2015-12-01,12
NI15-Ö42A,427176.7611,6654945.348,NI15-Ö42A,Grab sample,2016-02-26,700
NI15-Ö42A,427176.7611,6654945.348,NI15-Ö42A,Grab sample,2017-05-15,650
NI15-Ö42A,427176.7611,6654945.348,NI15-Ö42A,Grab sample,2016-06-17,630
NI15-Ö42A,427176.7611,6654945.348,NI15-Ö42A,Grab sample,2017-08-29,580
NI15-Ö42A,427176.7611,6654945.348,NI15-Ö42A,Grab sample,2017-06-28,520
NI15-Ö42A,427176.7611,6654945.348,NI15-Ö42A,Grab sample,2016-11-21,470
NI15-Ö42A,427176.7611,6654945.348,NI15-Ö42A,Grab sample,2016-09-12,40
NI15-Ö43,427071.1828,6654946.641,NI15-Ö43,Grab sample,2015-12-01,8
NI15-Ö43,427071.1828,6654946.641,NI15-Ö43,Grab sample,2016-06-17,69
NI15-Ö43,427071.1828,6654946.641,NI15-Ö43,Grab sample,2016-02-26,61
NI15-Ö43,427071.1828,6654946.641,NI15-Ö43,Grab sample,2017-06-28,48
NI15-Ö43,427071.1828,6654946.641,NI15-Ö43,Grab sample,2016-09-12,40
NI15-Ö43,427071.1828,6654946.641,NI15-Ö43,Grab sample,2017-08-29,38
NI15-Ö43,427071.1828,6654946.641,#10 - Betong tröskel,Grab sample,2017-05-15,33
NI15-Ö43,427071.1828,6654946.641,NI15-Ö43,Grab sample,2016-11-21,31
NI16-Ö11,427342.1265,6654992.243,NI16-Ö11,Grab sample,2016-06-17,91
NI16-Ö11,427342.1265,6654992.243,NI16-Ö11,Grab sample,2016-11-21,84
NI16-Ö11,427342.1265,6654992.243,NI16-Ö11,Grab sample,2016-02-26,77
NI16-Ö11,427342.1265,6654992.243,NI16-Ö11,Grab sample,2017-06-28,7.3
NI16-Ö11,427342.1265,6654992.243,NI16-Ö11,Grab sample,2017-05-15,19
NI16-Ö13,427382.4028,6654952.313,NI16-Ö13,Grab sample,2016-11-21,95
NI16-Ö13,427382.4028,6654952.313,NI16-Ö13,Grab sample,2016-06-17,83
NI16-Ö13,427382.4028,6654952.313,NI16-Ö13,Grab sample,2017-05-15,68
NI16-Ö13,427382.4028,6654952.313,NI16-Ö13,Grab sample,2017-06-28,52
NI16-Ö13,427382.4028,6654952.313,NI16-Ö13,Grab sample,2017-08-29,50
NI16-Ö13,427382.4028,6654952.313,NI16-Ö13,Grab sample,2016-02-26,45
NI16-Ö25,427188.6034,6654941.08,NI16-Ö25,Grab sample,2016-06-17,2500
NI16-Ö25,427188.6034,6654941.08,NI16-Ö25,Grab sample,2016-11-21,1100
NI17-Ö1,427401.689,6654906.892,NI17-Ö1,Grab sample,2017-08-29,12
NI17-Ö1,427401.689,6654906.892,NI17-Ö1,Grab sample,2017-06-28,0.11
NI17-Ö1,427401.689,6654906.892,#49 - NI-6,Grab sample,2017-05-15,0.095
NI17-Ö10,427175.5551,6654942.593,NI17-Ö10,Grab sample,2017-06-28,47
NI17-Ö10,427175.5551,6654942.593,NI17-Ö10,Grab sample,2017-05-15,36
NI17-Ö10,427175.5551,6654942.593,NI17-Ö10,Grab sample,2017-08-29,30
NI17-Ö11,427169.2342,6654949.844,NI17-Ö11,Grab sample,2017-05-15,430
NI17-Ö11,427169.2342,6654949.844,NI17-Ö11,Grab sample,2017-08-29,320
NI17-Ö11,427169.2342,6654949.844,NI17-Ö11,Grab sample,2017-06-28,300
NI17-Ö14,427123.557,6654949.281,NI17-Ö14,Grab sample,2017-06-28,49
NI17-Ö14,427123.557,6654949.281,#69 - uppströms betontroskel,Grab sample,2017-05-15,39
NI17-Ö14,427123.557,6654949.281,NI17-Ö14,Grab sample,2017-08-29,21
NI17-Ö15,427025.384,6654933.472,NI17-Ö15,Grab sample,2017-06-28,44
NI17-Ö15,427025.384,6654933.472,NI17-Ö15,Grab sample,2017-08-29,37
NI17-Ö15,427025.384,6654933.472,NI17-Ö15,Grab sample,2017-05-15,30
NI17-Ö16,426293.9665,6655435.404,#11 - Sø nedstrøms - recipient,Grab sample,2017-05-15,8
NI17-Ö16,426293.9665,6655435.404,NI17-Ö16,Grab sample,2017-06-28,5.3
NI17-Ö2,427390.1006,6654912.939,NI17-Ö2,Grab sample,2017-05-15,3.8
NI17-Ö2,427390.1006,6654912.939,NI17-Ö2,Grab sample,2017-08-29,13
NI17-Ö2,427390.1006,6654912.939,NI17-Ö2,Grab sample,2017-06-28,1.6
NI17-Ö3,427392.8893,6654918.384,NI17-Ö3,Grab sample,2017-06-28,4.5
NI17-Ö3,427392.8893,6654918.384,NI17-Ö3 29/8/17,Grab sample,2017-08-29,17
NI17-Ö3,427392.8893,6654918.384,NI17-Ö3 28/8/17,Grab sample,2017-08-28,15
NI17-Ö3,427392.8893,6654918.384,#3 - NI15-Ö1,Grab sample,2017-05-15,1.9
NI17-Ö4,427385.7787,6654937.824,NI17-Ö4 30/8/17,Grab sample,2017-08-30,9.6
NI17-Ö4,427385.7787,6654937.824,NI17-Ö4,Grab sample,2017-06-28,31
NI17-Ö4,427385.7787,6654937.824,NI17-Ö4,Grab sample,2017-05-15,25
NI17-Ö5,427379.4659,6654945.43,NI17-Ö5,Grab sample,2017-06-28,37
NI17-Ö5,427379.4659,6654945.43,NI17-Ö5,Grab sample,2017-05-15,24
NI17-Ö5,427379.4659,6654945.43,NI17-Ö5,Grab sample,2017-08-29,19
NI17-Ö6,427373.7161,6654950.447,NI17-Ö6,Grab sample,2017-06-28,38
NI17-Ö6,427373.7161,6654950.447,NI17-Ö6,Grab sample,2017-05-15,18
NI17-Ö6,427373.7161,6654950.447,NI17-Ö6,Grab sample,2017-08-29,16
NI17-Ö7,427212.937,6654920.157,NI17-Ö7,Grab sample,2017-06-28,29
NI17-Ö7,427212.937,6654920.157,NI17-Ö7,Grab sample,2017-08-29,20
NI17-Ö7,427212.937,6654920.157,#8 - NI15-Ö20,Grab sample,2017-05-15,20
NI17-Ö8,427205.5262,6654930.275,NI17-Ö8,Grab sample,2017-06-28,31
NI17-Ö8,427205.5262,6654930.275,NI17-Ö8,Grab sample,2017-08-29,23
NI17-Ö8,427205.5262,6654930.275,NI17-Ö8,Grab sample,2017-05-15,22
NI17-Ö9,427188.0856,6654938.844,NI17-Ö9,Grab sample,2017-06-28,46
NI17-Ö9,427188.0856,6654938.844,NI17-Ö9,Grab sample,2017-08-29,37
NI17-Ö9,427188.0856,6654938.844,NI17-Ö9,Grab sample,2017-05-15,37
S1,427538.1987,6655099.917,S1,Grab sample,2018-11-09,"<0,020"
S10,426467.817,6655061.291,S10,Grab sample,2018-11-09,35
S2,427464.9216,6654906.704,S2,Grab sample,2018-11-09,"<0,020"
S3,427388.8423,6654932.918,S3,Grab sample,2018-11-09,8.1
S3a,427362.4403,6654957.865,S3a,Grab sample,2018-11-09,18
S4,427342.9302,6654961.757,S4,Grab sample,2018-11-09,16
S4 GS,427342.9302,6654961.757,S4 GS,Grab sample,2018-11-09,21
S4a,427327.7459,6654979.15,S4a,Grab sample,2018-11-09,12
S5,427303.8295,6654978.783,S5,Grab sample,2018-11-09,30
S6,427275.9509,6654937.309,S6,Grab sample,2018-11-09,14
S6 GS,427275.9509,6654937.309,S6 GS,Grab sample,2018-11-09,16
S7,427217.52,6654911.496,S7,Grab sample,2019-10-15,2.3
S7,427217.52,6654911.496,S7,Grab sample,2018-11-09,18
S7,427217.52,6654911.496,S7,Grab sample,2018-11-01,12
S8a,427164.0917,6654944.886,S8a,Grab sample,2018-11-09,43
S8B,427116.4943,6654950.125,S8B,Grab sample,2018-11-09,39
S9,427070.6368,6654948.755,S9,Grab sample,2018-11-09,44
S9,427070.6368,6654948.755,S9,Grab sample,2019-10-15,4.3
S9,427070.6368,6654948.755,S9,Grab sample,2018-11-01,30
S9 GS,427070.6368,6654948.755,S9 GS,Grab sample,2018-11-09,44
U1a-00,427394.58,6654920.494,U1a-00,Grab sample,2017-05-15,9.7
U1a-01,427394.8583,6654919.539,U1a-01,Grab sample,2017-05-15,9.3
U1a-02,427395.1366,6654918.583,U1a-02,Grab sample,2017-05-15,7.9
U1a-03,427395.4151,6654917.634,U1a-03,Grab sample,2017-05-15,15
U1a-04,427394.5042,6654917.154,U1a-04,Grab sample,2017-05-15,16
U1a-05,427393.6934,6654916.671,U1a-05,Grab sample,2017-05-15,22
U1a-06,427392.7825,6654916.191,U1a-06,Grab sample,2017-05-15,25
U1a-07,427391.7785,6654916.008,U1a-07,Grab sample,2017-05-15,19
U1a-08,427390.873,6654915.764,U1a-08,Grab sample,2017-05-15,3.9
U1a-09,427390.4543,6654914.938,U1a-09,Grab sample,2017-05-15,2
U1a-10,427390.9349,6654914.086,U1a-10,Grab sample,2017-05-15,2.6
U1a-11,427391.7233,6654913.574,U1a-11,Grab sample,2017-05-15,11
U1a-12,427392.6115,6654913.06,U1a-12,Grab sample,2017-05-15,12
U1a-13,427393.4998,6654912.546,U1a-13,Grab sample,2017-05-15,5.1
U1a-14,427394.2881,6654912.034,U1a-14,Grab sample,2017-05-15,2.6
U1a-15,427395.1764,6654911.52,U1a-15,Grab sample,2017-05-15,3.2
U1a-16,427396.0647,6654911.006,U1a-16,Grab sample,2017-05-15,78
U1a-17,427396.9529,6654910.492,U1a-17,Grab sample,2017-05-15,26
U1a-18,427397.843,6654910.057,U1a-18,Grab sample,2017-05-15,14
U1a-19,427398.7336,6654909.648,U1a-19,Grab sample,2017-05-15,9.2
U1a-20,427399.6243,6654909.239,U1a-20,Grab sample,2017-05-15,0.75
U1a-21,427400.5149,6654908.83,U1a-21,Grab sample,2017-05-15,0.96
U1a-22,427401.5055,6654908.419,U1a-22,Grab sample,2017-05-15,3.5
U1a-23,427391.2349,6654918.495,U1a-23,Grab sample,2017-06-28,2.6
U1a-25,427389.4642,6654917.575,U1a-25,Grab sample,2017-06-28,2.2
U1a-27,427387.7798,6654916.494,U1a-27,Grab sample,2017-06-28,2
U1a-29,427386.4561,6654915.004,U1a-29,Grab sample,2017-06-28,1.8
U1a-31,427387.171,6654913.458,U1a-31,Grab sample,2017-06-28,1.9
U1a-33,427388.4973,6654911.978,U1a-33,Grab sample,2017-06-28,1.5
U1a-35,427390.2801,6654911.227,U1a-35,Grab sample,2017-06-28,1.3
U1a-37,427392.1865,6654910.634,U1a-37,Grab sample,2017-06-28,3.3
U1a-38,427393.1074,6654910.233,U1a-38,Grab sample,2017-06-28,8.2
U1a-39,427393.7918,6654909.548,U1a-39,Grab sample,2017-06-28,19
U1a-40,427394.4453,6654908.823,U1a-40,Grab sample,2017-06-28,0.13
U1a-41,427395.3243,6654908.343,U1a-41,Grab sample,2017-06-28,0.14
U1a-43,427397.0826,6654907.393,U1a-43,Grab sample,2017-06-28,0.11
U1a-45,427398.8303,6654906.414,U1a-45,Grab sample,2017-06-28,0.087
U1a-47,427400.6619,6654905.612,U1a-47,Grab sample,2017-06-28,0.084
U1a-49,427402.5388,6654905.48,U1a-49,Grab sample,2017-06-28,0.19
U1a-50,427403.481,6654905.138,U1a-50,Grab sample,2017-06-28,2.5
U1a-51,427404.3918,6654904.738,U1a-51,Grab sample,2017-06-28,0.038
U1a-52,427405.2604,6654904.238,U1a-52,Grab sample,2017-06-28,0.071
U1a-53,427406.1101,6654903.789,U1a-53,Grab sample,2017-06-28,0.043
U1b-00,427391.3686,6654931.881,U1b-00,Grab sample,2017-05-15,7.6
U1b-01,427391.2311,6654932.874,U1b-01,Grab sample,2017-05-15,11
U1b-02,427391.0132,6654933.849,U1b-02,Grab sample,2017-05-15,8.3
U1b-03,427390.5737,6654934.749,U1b-03,Grab sample,2017-05-15,11
U1b-04,427390.1035,6654935.619,U1b-04,Grab sample,2017-05-15,9.3
U1b-05,427389.1933,6654936.05,U1b-05,Grab sample,2017-05-15,6.6
U1b-06,427388.2934,6654936.49,U1b-06,Grab sample,2017-05-15,18
U1b-07,427387.4659,6654937.039,U1b-07,Grab sample,2017-05-15,10
U1b-08,427386.7313,6654937.716,U1b-08,Grab sample,2017-05-15,58
U1b-09,427386.4203,6654938.553,U1b-09,Grab sample,2017-05-15,33
U1b-10,427386.4314,6654939.482,U1b-10,Grab sample,2017-05-15,33
U1b-11,427385.7172,6654940.178,U1b-11,Grab sample,2017-05-15,34
U1b-12,427384.9929,6654940.865,U1b-12,Grab sample,2017-05-15,34
U1b-13,427384.3401,6654941.62,U1b-13,Grab sample,2017-05-15,33
U1b-14,427383.7281,6654942.413,U1b-14,Grab sample,2017-05-15,18
U1b-15,427383.1162,6654943.207,U1b-15,Grab sample,2017-05-15,18
U1b-16,427382.5244,6654944.011,U1b-16,Grab sample,2017-05-15,15
U1b-17,427382.0949,6654944.91,U1b-17,Grab sample,2017-05-15,20
U1b-18,427381.7058,6654945.829,U1b-18,Grab sample,2017-05-15,19
U1b-19,427381.0214,6654946.514,U1b-19,Grab sample,2017-05-15,23
U1b-20,427380.0792,6654946.856,U1b-20,Grab sample,2017-05-15,21
U1b-21,427379.6381,6654947.246,U1b-21,Grab sample,2017-05-15,20
U1b-22,427379.0688,6654947.719,U1b-22,Grab sample,2017-05-15,18
U1b-23,427378.6186,6654948.149,U1b-23,Grab sample,2017-05-15,20
U1b-24,427378.1287,6654948.59,U1b-24,Grab sample,2017-05-15,18
U1b-25,427377.4043,6654949.276,U1b-25,Grab sample,2017-05-15,31
U1b-26,427376.6799,6654949.963,U1b-26,Grab sample,2017-05-15,20
U1b-27,427387.741,6654930.653,U1b-27,Grab sample,2017-05-15,5
U1b-28,427387.3419,6654931.572,U1b-28,Grab sample,2017-05-15,12
U1b-29,427386.9428,6654932.491,U1b-29,Grab sample,2017-05-15,25
U1b-30,427386.6041,6654933.429,U1b-30,Grab sample,2017-05-15,7.6
U1b-31,427386.2447,6654934.337,U1b-31,Grab sample,2017-05-15,9.6
U1b-32,427385.3643,6654934.757,U1b-32,Grab sample,2017-05-15,16
U1b-33,427384.5761,6654935.275,U1b-33,Grab sample,2017-05-15,35
U1b-34,427383.9539,6654936.059,U1b-34,Grab sample,2017-05-15,110
U1b-35,427383.3318,6654936.843,U1b-35,Grab sample,2017-05-15,52
U1b-36,427382.7094,6654937.617,U1b-36,Grab sample,2017-05-15,42
U1b-37,427382.0872,6654938.401,U1b-37,Grab sample,2017-05-15,100
U1b-38,427381.4855,6654939.205,U1b-38,Grab sample,2017-05-15,46
U1b-39,427380.8835,6654939.998,U1b-39,Grab sample,2017-05-15,56
U1b-40,427380.2918,6654940.801,U1b-40,Grab sample,2017-05-15,33
U1b-41,427379.7003,6654941.615,U1b-41,Grab sample,2017-05-15,31
U1b-42,427379.1186,6654942.418,U1b-42,Grab sample,2017-05-15,28
U1b-43,427378.5271,6654943.231,U1b-43,Grab sample,2017-05-15,22
U1b-44,427377.6682,6654943.721,U1b-44,Grab sample,2017-05-15,22
U1b-45,427376.7574,6654944.121,U1b-45,Grab sample,2017-05-15,23
U1b-46,427375.9088,6654944.621,U1b-46,Grab sample,2017-05-15,21
U1b-47,427375.2762,6654945.385,U1b-47,Grab sample,2017-05-15,23
U1b-48,427374.7453,6654946.227,U1b-48,Grab sample,2017-05-15,22
U1b-49,427374.0512,6654946.923,U1b-49,Grab sample,2017-05-15,20
U1b-50,427373.1926,6654947.422,U1b-50,Grab sample,2017-05-15,21
U1b-51,427372.3446,6654947.951,U1b-51,Grab sample,2017-05-15,21
U3-00,427161.0099,6654948.325,U3-00,Grab sample,2017-05-15,45
U3-00_3,427161.2663,6654946.966,U3-00_3,Grab sample,2018-05-15,35
U3-01,427161.6993,6654948.3,U3-01,Grab sample,2017-05-15,49
U3-01_2,427161.2836,6654943.852,U3-01_2,Grab sample,2018-03-19,38
U3-01_3,427161.9556,6654946.94,U3-01_3,Grab sample,2018-05-15,55
U3-02,427162.6985,6654948.267,U3-02,Grab sample,2017-05-15,59
U3-02_2,427161.2118,6654946.788,U3-02_2,Grab sample,2018-03-19,59
U3-02_3,427162.9548,6654946.907,U3-02_3,Grab sample,2018-05-15,56
U3-03,427163.6974,6654948.224,U3-03,Grab sample,2017-05-15,45
U3-03_2,427161.7135,6654943.006,U3-03_2,Grab sample,2018-03-19,37
U3-03_3,427163.9538,6654946.865,U3-03_3,Grab sample,2018-05-15,44
U3-04,427164.6966,6654948.192,U3-04,Grab sample,2017-05-15,50
U3-04_2,427162.2003,6654946.639,U3-04_2,Grab sample,2018-03-19,89
U3-04_3,427164.9529,6654946.832,U3-04_3,Grab sample,2018-05-15,54
U3-05,427165.6956,6654948.149,U3-05,Grab sample,2017-05-15,65
U3-05_2,427162.1435,6654942.159,U3-05_2,Grab sample,2018-03-19,35
U3-05_3,427165.8344,6654947.038,U3-05_3,Grab sample,2018-05-15,57
U3-06,427166.6947,6654948.116,U3-06,Grab sample,2017-05-15,66
U3-06_2,427163.1888,6654946.49,U3-06_2,Grab sample,2018-03-19,89
U3-06_3,427166.9193,6654947.167,U3-06_3,Grab sample,2018-05-15,49
U3-07,427167.6937,6654948.074,U3-07,Grab sample,2017-05-15,77
U3-07_2,427163.0579,6654941.984,U3-07_2,Grab sample,2018-03-19,32
U3-07_3,427167.8419,6654947.373,U3-07_3,Grab sample,2018-05-15,57
U3-08,427168.6802,6654947.921,U3-08,Grab sample,2017-05-15,40
U3-08_2,427164.1714,6654946.615,U3-08_2,Grab sample,2018-03-19,47
U3-08_3,427168.6671,6654947.348,U3-08_3,Grab sample,2018-05-15,33
U3-09,427169.6766,6654947.769,U3-09,Grab sample,2017-05-15,50
U3-09_2,427163.9971,6654941.843,U3-09_2,Grab sample,2018-03-19,32
U3-09_3,427169.6636,6654947.195,U3-09_3,Grab sample,2018-05-15,28
U3-10,427170.642,6654947.567,U3-10,Grab sample,2017-05-15,62
U3-10_2,427165.1524,6654946.806,U3-10_2,Grab sample,2018-03-19,83
U3-10_3,427170.6289,6654946.993,U3-10_3,Grab sample,2018-05-15,240
U3-100_3,427184.011,6654937.738,U3-100_3,Grab sample,2018-05-16,17
U3-101_3,427184.8331,6654937.528,U3-101_3,Grab sample,2018-05-16,19
U3-102_3,427185.77,6654937.396,U3-102_3,Grab sample,2018-05-16,18
U3-103_3,427186.7068,6654937.255,U3-103_3,Grab sample,2018-05-16,18
U3-104_3,427187.6537,6654937.124,U3-104_3,Grab sample,2018-05-16,18
U3-105_3,427188.5907,6654936.992,U3-105_3,Grab sample,2018-05-16,35
U3-106_3,427189.5276,6654936.861,U3-106_3,Grab sample,2018-05-16,22
U3-107_3,427190.5516,6654936.513,U3-107_3,Grab sample,2018-05-16,24
U3-108_3,427191.6076,6654936.157,U3-108_3,Grab sample,2018-05-16,20
U3-109_3,427192.4817,6654935.9,U3-109_3,Grab sample,2018-05-16,20
U3-11,427171.4899,6654947.038,U3-11,Grab sample,2017-05-15,64
U3-11_2,427164.9336,6654941.76,U3-11_2,Grab sample,2018-03-19,34
U3-11_3,427171.4834,6654946.751,U3-11_3,Grab sample,2018-05-15,56
U3-110_3,427193.353,6654935.521,U3-110_3,Grab sample,2018-05-16,18
U3-111_3,427194.2241,6654935.131,U3-111_3,Grab sample,2018-05-16,24
U3-112_3,427195.0854,6654934.751,U3-112_3,Grab sample,2018-05-16,16
U3-113_3,427196.0434,6654934.575,U3-113_3,Grab sample,2018-05-16,15
U3-114_3,427196.9583,6654934.307,U3-114_3,Grab sample,2018-05-16,16
U3-115_3,427198.0026,6654933.881,U3-115_3,Grab sample,2018-05-16,24
U3-116_3,427198.9646,6654933.485,U3-116_3,Grab sample,2018-05-16,24
U3-117_3,427199.7917,6654933.011,U3-117_3,Grab sample,2018-05-16,16
U3-118_2,427169.5091,6654949.202,U3-118_2,Grab sample,2018-03-19,370
U3-118_3,427200.5422,6654932.332,U3-118_3,Grab sample,2018-05-16,18
U3-119_2,427201.2829,6654931.95,U3-119_2,Grab sample,2018-03-19,23
U3-119_3,427201.2332,6654931.462,U3-119_3,Grab sample,2018-05-16,11
U3-12,427172.3378,6654946.508,U3-12,Grab sample,2017-05-15,61
U3-12_2,427166.1335,6654946.998,U3-12_2,Grab sample,2018-03-19,110
U3-12_3,427172.3378,6654946.508,U3-12_3,Grab sample,2018-05-15,52
U3-120_2,427204.5023,6654935.312,U3-120_2,Grab sample,2018-03-19,20
U3-120_3,427201.8078,6654930.752,U3-120_3,Grab sample,2018-05-16,12
U3-121_2,427202.2026,6654930.287,U3-121_2,Grab sample,2018-03-19,26
U3-121_3,427202.5685,6654929.858,U3-121_3,Grab sample,2018-05-16,11
U3-122_2,427205.8461,6654933.831,U3-122_2,Grab sample,2018-03-19,25
U3-122_3,427203.2621,6654929.18,U3-122_3,Grab sample,2018-05-16,12
U3-123_2,427203.6677,6654929.085,U3-123_2,Grab sample,2018-03-19,27
U3-123_3,427203.9985,6654928.584,U3-123_3,Grab sample,2018-05-16,12
U3-124_2,427207.1899,6654932.351,U3-124_2,Grab sample,2018-03-19,22
U3-124_3,427204.7449,6654927.987,U3-124_3,Grab sample,2018-05-16,12
U3-125_2,427205.1482,6654927.895,U3-125_2,Grab sample,2018-03-19,31
U3-125_3,427205.4813,6654927.39,U3-125_3,Grab sample,2018-05-16,12
U3-126_2,427208.5081,6654930.848,U3-126_2,Grab sample,2018-03-19,24
U3-126_3,427206.2175,6654926.783,U3-126_3,Grab sample,2018-05-16,13
U3-127_2,427206.6213,6654926.697,U3-127_2,Grab sample,2018-03-19,26
U3-127_3,427206.8719,6654926.099,U3-127_3,Grab sample,2018-05-16,13
U3-128_2,427209.8209,6654929.34,U3-128_2,Grab sample,2018-03-19,19
U3-128_3,427207.5263,6654925.414,U3-128_3,Grab sample,2018-05-16,11
U3-129_2,427207.9307,6654925.322,U3-129_2,Grab sample,2018-03-19,32
U3-129_3,427208.1807,6654924.729,U3-129_3,Grab sample,2018-05-16,13
U3-13,427173.1857,6654945.979,U3-13,Grab sample,2017-05-15,110
U3-13_2,427165.8555,6654941.988,U3-13_2,Grab sample,2018-03-19,33
U3-13_3,427173.2733,6654946.223,U3-13_3,Grab sample,2018-05-15,52
U3-130_2,427211.0369,6654927.757,U3-130_2,Grab sample,2018-03-19,21
U3-130_3,427208.8349,6654924.034,U3-130_3,Grab sample,2018-05-16,11
U3-131_2,427209.2401,6654923.945,U3-131_2,Grab sample,2018-03-19,20
U3-131_3,427209.3673,6654923.262,U3-131_3,Grab sample,2018-05-16,14
U3-132_2,427212.1837,6654926.119,U3-132_2,Grab sample,2018-03-19,20
U3-132_3,427209.9098,6654922.49,U3-132_3,Grab sample,2018-05-16,14
U3-133_2,427210.3147,6654922.399,U3-133_2,Grab sample,2018-03-19,28
U3-133_3,427210.3607,6654921.65,U3-133_3,Grab sample,2018-05-16,15
U3-134_2,427213.3306,6654924.481,U3-134_2,Grab sample,2018-03-19,19
U3-134_3,427210.8118,6654920.82,U3-134_3,Grab sample,2018-05-16,8.6
U3-135_2,427211.2155,6654920.728,U3-135_2,Grab sample,2018-03-19,29
U3-135_3,427211.2123,6654919.961,U3-135_3,Grab sample,2018-05-16,14
U3-136_2,427214.4637,6654922.836,U3-136_2,Grab sample,2018-03-19,24
U3-136_3,427211.6128,6654919.102,U3-136_3,Grab sample,2018-05-16,21
U3-137_2,427212.0172,6654919.006,U3-137_2,Grab sample,2018-03-19,28
U3-137_3,427211.993,6654918.233,U3-137_3,Grab sample,2018-05-16,17
U3-138_2,427215.3302,6654921.034,U3-138_2,Grab sample,2018-03-19,22
U3-138_3,427212.3833,6654917.364,U3-138_3,Grab sample,2018-05-16,19
U3-139_2,427212.7889,6654917.271,U3-139_2,Grab sample,2018-03-19,23
U3-139_3,427212.7636,6654916.496,U3-139_3,Grab sample,2018-05-16,20
U3-14,427174.0337,6654945.45,U3-14,Grab sample,2017-05-15,110
U3-14_2,427167.1146,6654947.19,U3-14_2,Grab sample,2018-03-19,120
U3-14_3,427174.1212,6654945.694,U3-14_3,Grab sample,2018-05-15,64
U3-140_2,427216.1969,6654919.232,U3-140_2,Grab sample,2018-03-19,30
U3-140_3,427213.1538,6654915.627,U3-140_3,Grab sample,2018-05-16,9.7
U3-141_2,427213.5605,6654915.536,U3-141_2,Grab sample,2018-03-19,21
U3-141_3,427213.5341,6654914.758,U3-141_3,Grab sample,2018-05-16,26
U3-142_2,427216.8467,6654917.351,U3-142_2,Grab sample,2018-03-19,25
U3-142_3,427213.9244,6654913.89,U3-142_3,Grab sample,2018-05-16,16
U3-143_2,427214.3322,6654913.799,U3-143_2,Grab sample,2018-03-19,20
U3-143_3,427214.3146,6654913.021,U3-143_3,Grab sample,2018-05-16,11
U3-144_2,427217.3446,6654915.415,U3-144_2,Grab sample,2018-03-19,25
U3-144_3,427214.6949,6654912.152,U3-144_3,Grab sample,2018-05-16,11
U3-145_2,427215.1057,6654912.065,U3-145_2,Grab sample,2018-03-19,22
U3-145_3,427215.2684,6654911.429,U3-145_3,Grab sample,2018-05-16,10
U3-146_2,427217.8424,6654913.479,U3-146_2,Grab sample,2018-03-19,22
U3-146_3,427215.8522,6654910.716,U3-146_3,Grab sample,2018-05-16,11
U3-147_2,427216.2561,6654910.621,U3-147_2,Grab sample,2018-03-19,21
U3-147_3,427216.5886,6654910.119,U3-147_3,Grab sample,2018-05-16,11
U3-148_2,427218.7219,6654911.831,U3-148_2,Grab sample,2018-03-19,21
U3-148_3,427217.325,6654909.523,U3-148_3,Grab sample,2018-05-16,8.2
U3-149_2,427217.7371,6654909.431,U3-149_2,Grab sample,2018-03-19,21
U3-149_3,427218.2511,6654908.744,U3-149_3,Grab sample,2018-05-16,10
U3-15,427174.8814,6654944.911,U3-15,Grab sample,2017-05-15,160
U3-15_2,427166.7774,6654942.216,U3-15_2,Grab sample,2018-03-19,34
U3-15_3,427175.0593,6654945.522,U3-15_3,Grab sample,2018-05-15,81
U3-150_2,427220.4531,6654910.843,U3-150_2,Grab sample,2018-03-19,20
U3-150_3,427219.4727,6654908.339,U3-150_3,Grab sample,2018-05-16,9.8
U3-16,427175.8136,6654944.57,U3-16,Grab sample,2017-05-15,74
U3-16_2,427168.0956,6654947.382,U3-16_2,Grab sample,2018-03-19,140
U3-16_3,427175.9915,6654945.181,U3-16_3,Grab sample,2018-05-15,86
U3-17,427176.756,6654944.238,U3-17,Grab sample,2017-05-15,690
U3-17_2,427167.6993,6654942.444,U3-17_2,Grab sample,2018-03-19,35
U3-17_3,427176.9339,6654944.849,U3-17_3,Grab sample,2018-05-15,280
U3-18,427177.6984,6654943.907,U3-18,Grab sample,2017-05-15,38
U3-18_2,427169.0718,6654947.403,U3-18_2,Grab sample,2018-03-19,53
U3-18_3,427177.8717,6654944.313,U3-18_3,Grab sample,2018-05-15,24
U3-19,427178.6408,6654943.576,U3-19,Grab sample,2017-05-15,40
U3-19_2,427168.6329,6654942.538,U3-19_2,Grab sample,2018-03-19,34
U3-19_3,427178.8141,6654943.982,U3-19_3,Grab sample,2018-05-15,40
U3-20,427179.5832,6654943.244,U3-20,Grab sample,2017-05-15,40
U3-20_2,427170.0403,6654947.156,U3-20_2,Grab sample,2018-03-19,59
U3-20_3,427179.7565,6654943.65,U3-20_3,Grab sample,2018-05-15,27
U3-21,427180.5256,6654942.913,U3-21,Grab sample,2017-05-15,51
U3-21_2,427169.5807,6654942.476,U3-21_2,Grab sample,2018-03-19,30
U3-21_3,427180.6989,6654943.319,U3-21_3,Grab sample,2018-05-15,34
U3-22,427181.4998,6654942.661,U3-22,Grab sample,2017-05-15,75
U3-22_2,427171.0089,6654946.909,U3-22_2,Grab sample,2018-03-19,62
U3-22_3,427181.6731,6654943.067,U3-22_3,Grab sample,2018-05-15,35
U3-23,427182.4642,6654942.419,U3-23,Grab sample,2017-05-15,38
U3-23_2,427170.5283,6654942.414,U3-23_2,Grab sample,2018-03-19,17
U3-23_3,427182.6375,6654942.825,U3-23_3,Grab sample,2018-05-15,36
U3-24,427183.4389,6654942.187,U3-24,Grab sample,2017-05-15,63
U3-24_2,427171.9774,6654946.662,U3-24_2,Grab sample,2018-03-19,64
U3-24_3,427183.6122,6654942.593,U3-24_3,Grab sample,2018-05-15,37
U3-25,427184.4133,6654941.945,U3-25,Grab sample,2017-05-15,80
U3-25_2,427171.4645,6654942.283,U3-25_2,Grab sample,2018-03-19,30
U3-25_3,427184.5857,6654942.31,U3-25_3,Grab sample,2018-05-15,36
U3-26,427185.3778,6654941.703,U3-26,Grab sample,2017-05-15,230
U3-26_2,427172.9459,6654946.414,U3-26_2,Grab sample,2018-03-19,83
U3-26_3,427185.4653,6654941.947,U3-26_3,Grab sample,2018-05-15,42
U3-27,427186.3524,6654941.471,U3-27,Grab sample,2017-05-15,140
U3-27_2,427172.382,6654942.038,U3-27_2,Grab sample,2018-03-19,33
U3-27_3,427186.3524,6654941.471,U3-27_3,Grab sample,2018-05-15,50
U3-28,427187.3269,6654941.229,U3-28,Grab sample,2017-05-15,220
U3-28_2,427173.8842,6654946.071,U3-28_2,Grab sample,2018-03-19,100
U3-28_3,427187.3269,6654941.229,U3-28_3,Grab sample,2018-05-15,180
U3-29,427188.3022,6654941.027,U3-29,Grab sample,2017-05-15,170
U3-29_2,427173.2994,6654941.792,U3-29_2,Grab sample,2018-03-19,30
U3-29_3,427188.3022,6654941.027,U3-29_3,Grab sample,2018-05-15,790
U3-30,427189.2775,6654940.825,U3-30,Grab sample,2017-05-15,780
U3-30_2,427174.8177,6654945.713,U3-30_2,Grab sample,2018-03-19,140
U3-30_3,427189.1937,6654940.744,U3-30_3,Grab sample,2018-05-15,87
U3-31,427190.2631,6654940.632,U3-31,Grab sample,2017-05-15,53
U3-31_2,427174.2168,6654941.546,U3-31_2,Grab sample,2018-03-19,32
U3-31_3,427190.1746,6654940.347,U3-31_3,Grab sample,2018-05-15,73
U3-32,427191.2384,6654940.43,U3-32,Grab sample,2017-05-15,95
U3-32_2,427175.7512,6654945.356,U3-32_2,Grab sample,2018-03-19,59
U3-32_3,427191.15,6654940.145,U3-32_3,Grab sample,2018-05-15,33
U3-33,427192.2238,6654940.228,U3-33,Grab sample,2017-05-15,35
U3-33_2,427175.1154,6654941.253,U3-33_2,Grab sample,2018-03-19,29
U3-33_3,427192.0514,6654939.863,U3-33_3,Grab sample,2018-05-15,15
U3-34,427193.1991,6654940.026,U3-34,Grab sample,2017-05-15,47
U3-34_2,427176.6846,6654944.998,U3-34_2,Grab sample,2018-03-19,46
U3-34_3,427193.1069,6654939.577,U3-34_3,Grab sample,2018-05-15,14
U3-35,427194.1735,6654939.784,U3-35,Grab sample,2017-05-15,26
U3-35_2,427175.9566,6654940.812,U3-35_2,Grab sample,2018-03-19,31
U3-35_3,427194.0776,6654939.171,U3-35_3,Grab sample,2018-05-15,14
U3-36,427195.1382,6654939.552,U3-36,Grab sample,2017-05-15,29
U3-36_2,427177.6181,6654944.64,U3-36_2,Grab sample,2018-03-19,43
U3-36_3,427195.0423,6654938.939,U3-36_3,Grab sample,2018-05-15,13
U3-37,427196.1126,6654939.31,U3-37,Grab sample,2017-05-15,29
U3-37_2,427176.7977,6654940.371,U3-37_2,Grab sample,2018-03-19,32
U3-37_3,427196.0167,6654938.697,U3-37_3,Grab sample,2018-05-15,13
U3-38,427197.0773,6654939.078,U3-38,Grab sample,2017-05-15,37
U3-38_2,427178.5516,6654944.283,U3-38_2,Grab sample,2018-03-19,15
U3-38_3,427196.9814,6654938.465,U3-38_3,Grab sample,2018-05-15,17
U3-39,427198.0517,6654938.836,U3-39,Grab sample,2017-05-15,51
U3-39_2,427177.639,6654939.931,U3-39_2,Grab sample,2018-03-19,32
U3-39_3,427197.9558,6654938.223,U3-39_3,Grab sample,2018-05-15,18
U3-40,427199.0261,6654938.594,U3-40,Grab sample,2017-05-15,22
U3-40_2,427179.4951,6654943.952,U3-40_2,Grab sample,2018-03-19,38
U3-40_3,427198.9303,6654937.981,U3-40_3,Grab sample,2018-05-16,12
U3-41,427199.9908,6654938.362,U3-41,Grab sample,2017-05-15,24
U3-41_2,427178.4802,6654939.49,U3-41_2,Grab sample,2018-03-19,30
U3-41_3,427199.8949,6654937.749,U3-41_3,Grab sample,2018-05-16,20
U3-42,427200.9652,6654938.12,U3-42,Grab sample,2017-05-15,22
U3-42_2,427180.4395,6654943.625,U3-42_2,Grab sample,2018-03-19,28
U3-42_3,427200.8311,6654937.631,U3-42_3,Grab sample,2018-05-16,16
U3-43,427201.9399,6654937.888,U3-43,Grab sample,2017-05-15,23
U3-43_2,427179.3214,6654939.049,U3-43_2,Grab sample,2018-03-19,31
U3-43_3,427201.8514,6654937.603,U3-43_3,Grab sample,2018-05-16,17
U3-44,427202.8832,6654937.596,U3-44,Grab sample,2017-05-15,18
U3-44_2,427181.3839,6654943.296,U3-44_2,Grab sample,2018-03-19,83
U3-44_3,427202.5496,6654937.358,U3-44_3,Grab sample,2018-05-16,9.2
U3-45,427203.536,6654936.841,U3-45,Grab sample,2017-05-15,18
U3-45_2,427180.1627,6654938.609,U3-45_2,Grab sample,2018-03-19,30
U3-45_3,427203.0758,6654936.442,U3-45_3,Grab sample,2018-05-16,11
U3-46,427204.1891,6654936.097,U3-46,Grab sample,2017-05-15,18
U3-46_2,427182.3283,6654942.969,U3-46_2,Grab sample,2018-03-19,52
U3-46_3,427203.6058,6654935.7,U3-46_3,Grab sample,2018-05-16,14
U3-47,427204.8519,6654935.342,U3-47,Grab sample,2017-05-15,18
U3-47_2,427181.075,6654938.388,U3-47_2,Grab sample,2018-03-19,30
U3-47_3,427204.1848,6654934.865,U3-47_3,Grab sample,2018-05-16,13
U3-48,427205.5047,6654934.587,U3-48,Grab sample,2017-05-15,18
U3-48_2,427183.2728,6654942.642,U3-48_2,Grab sample,2018-03-19,38
U3-48_3,427204.8376,6654934.11,U3-48_3,Grab sample,2018-05-16,11
U3-49,427206.1471,6654933.812,U3-49,Grab sample,2017-05-15,18
U3-49_2,427182.0153,6654938.255,U3-49_2,Grab sample,2018-03-19,31
U3-49_3,427205.48,6654933.336,U3-49_3,Grab sample,2018-05-16,13
U3-50,427206.7797,6654933.048,U3-50,Grab sample,2017-05-15,18
U3-50_2,427184.2227,6654942.331,U3-50_2,Grab sample,2018-03-19,33
U3-50_3,427206.1126,6654932.571,U3-50_3,Grab sample,2018-05-16,13
U3-51,427207.4121,6654932.274,U3-51,Grab sample,2017-05-15,17
U3-51_2,427182.9555,6654938.121,U3-51_2,Grab sample,2018-03-19,30
U3-51_3,427206.745,6654931.797,U3-51_3,Grab sample,2018-05-16,12
U3-52,427208.0445,6654931.5,U3-52,Grab sample,2017-05-15,17
U3-52_2,427185.1829,6654942.053,U3-52_2,Grab sample,2018-03-19,40
U3-52_3,427207.3773,6654931.023,U3-52_3,Grab sample,2018-05-16,13
U3-53,427208.6869,6654930.725,U3-53,Grab sample,2017-05-15,17
U3-53_2,427183.8957,6654937.988,U3-53_2,Grab sample,2018-03-19,28
U3-53_3,427208.0197,6654930.248,U3-53_3,Grab sample,2018-05-16,13
U3-54,427209.3193,6654929.951,U3-54,Grab sample,2017-05-15,18
U3-54_2,427186.1433,6654941.776,U3-54_2,Grab sample,2018-03-19,45
U3-54_3,427208.6521,6654929.474,U3-54_3,Grab sample,2018-05-16,10
U3-55,427209.9517,6654929.177,U3-55,Grab sample,2017-05-15,17
U3-55_2,427184.836,6654937.854,U3-55_2,Grab sample,2018-03-19,29
U3-55_3,427209.2845,6654928.7,U3-55_3,Grab sample,2018-05-16,13
U3-56,427210.584,6654928.402,U3-56,Grab sample,2017-05-15,19
U3-56_2,427187.1035,6654941.498,U3-56_2,Grab sample,2018-03-19,73
U3-56_3,427209.9169,6654927.925,U3-56_3,Grab sample,2018-05-16,12
U3-57,427211.2471,6654927.657,U3-57,Grab sample,2017-05-15,19
U3-57_2,427185.7762,6654937.72,U3-57_2,Grab sample,2018-03-19,15
U3-57_3,427210.5799,6654927.18,U3-57_3,Grab sample,2018-05-16,14
U3-58,427211.9101,6654926.912,U3-58,Grab sample,2017-05-15,18
U3-58_2,427188.0638,6654941.219,U3-58_2,Grab sample,2018-03-19,60
U3-58_3,427211.243,6654926.435,U3-58_3,Grab sample,2018-05-16,14
U3-59,427212.573,6654926.157,U3-59,Grab sample,2017-05-15,18
U3-59_2,427186.7164,6654937.587,U3-59_2,Grab sample,2018-03-19,29
U3-59_3,427211.9058,6654925.68,U3-59_3,Grab sample,2018-05-16,13
U3-60,427213.236,6654925.412,U3-60,Grab sample,2017-05-15,19
U3-60_2,427189.0174,6654940.921,U3-60_2,Grab sample,2018-03-19,76
U3-60_3,427212.526,6654924.854,U3-60_3,Grab sample,2018-05-16,15
U3-61,427213.8991,6654924.667,U3-61,Grab sample,2017-05-15,20
U3-61_2,427187.6567,6654937.453,U3-61_2,Grab sample,2018-03-19,21
U3-61_3,427212.8993,6654923.993,U3-61_3,Grab sample,2018-05-16,11
U3-62,427214.491,6654923.874,U3-62,Grab sample,2017-05-15,18
U3-62_2,427189.9522,6654940.567,U3-62_2,Grab sample,2018-03-19,59
U3-62_3,427213.4894,6654923.118,U3-62_3,Grab sample,2018-05-16,12
U3-63,427214.8699,6654922.945,U3-63,Grab sample,2017-05-15,21
U3-63_2,427188.5969,6654937.319,U3-63_2,Grab sample,2018-03-19,27
U3-63_3,427214.2028,6654922.469,U3-63_3,Grab sample,2018-05-16,14
U3-64,427215.2488,6654922.017,U3-64,Grab sample,2017-05-15,21
U3-64_2,427190.887,6654940.213,U3-64_2,Grab sample,2018-03-19,29
U3-64_3,427214.5817,6654921.54,U3-64_3,Grab sample,2018-05-16,15
U3-65,427215.628,6654921.098,U3-65,Grab sample,2017-05-15,20
U3-65_2,427189.5372,6654937.186,U3-65_2,Grab sample,2018-03-19,24
U3-65_3,427214.9608,6654920.622,U3-65_3,Grab sample,2018-05-16,14
U3-66,427216.0069,6654920.17,U3-66,Grab sample,2017-05-15,22
U3-66_2,427191.8218,6654939.859,U3-66_2,Grab sample,2018-03-19,43
U3-66_3,427215.3397,6654919.693,U3-66_3,Grab sample,2018-05-16,15
U3-67,427216.3758,6654919.242,U3-67,Grab sample,2017-05-15,19
U3-67_2,427190.4773,6654937.052,U3-67_2,Grab sample,2018-03-19,31
U3-67_3,427215.7086,6654918.765,U3-67_3,Grab sample,2018-05-16,13
U3-68,427216.7145,6654918.304,U3-68,Grab sample,2017-05-15,19
U3-68_2,427192.7566,6654939.505,U3-68_2,Grab sample,2018-03-19,24
U3-68_3,427216.0473,6654917.827,U3-68_3,Grab sample,2018-05-16,13
U3-69,427217.0632,6654917.366,U3-69,Grab sample,2017-05-15,18
U3-69_2,427191.3786,6654936.782,U3-69_2,Grab sample,2018-03-19,28
U3-69_3,427216.396,6654916.889,U3-69_3,Grab sample,2018-05-16,8.8
U3-70,427217.4019,6654916.429,U3-70,Grab sample,2017-05-15,18
U3-70_2,427193.6914,6654939.151,U3-70_2,Grab sample,2018-03-19,24
U3-70_3,427216.7347,6654915.952,U3-70_3,Grab sample,2018-05-16,9.8
U3-71_2,427192.2474,6654936.399,U3-71_2,Grab sample,2018-03-19,26
U3-71_3,427217.1401,6654915.251,U3-71_3,Grab sample,2018-05-16,10
U3-72_2,427194.6262,6654938.796,U3-72_2,Grab sample,2018-03-19,29
U3-72_3,427217.3453,6654914.204,U3-72_3,Grab sample,2018-05-16,9.4
U3-73_2,427193.1162,6654936.015,U3-73_2,Grab sample,2018-03-19,18
U3-73_3,427217.7555,6654913.153,U3-73_3,Grab sample,2018-05-16,10
U3-74_2,427195.561,6654938.442,U3-74_2,Grab sample,2018-03-19,20
U3-74_3,427218.519,6654912.121,U3-74_3,Grab sample,2018-05-16,9.9
U3-75_2,427193.9851,6654935.632,U3-75_2,Grab sample,2018-03-19,32
U3-75_3,427219.893,6654911.385,U3-75_3,Grab sample,2018-05-16,10
U3-76_2,427196.4958,6654938.088,U3-76_2,Grab sample,2018-03-19,23
U3-76_3,427162.14,6654942.16,U3-76_3,Grab sample,2018-05-16,18
U3-77_2,427194.854,6654935.249,U3-77_2,Grab sample,2018-03-19,31
U3-77_3,427163.0558,6654941.979,U3-77_3,Grab sample,2018-05-16,18
U3-78_2,427197.4433,6654937.791,U3-78_2,Grab sample,2018-03-19,29
U3-78_3,427163.9928,6654941.848,U3-78_3,Grab sample,2018-05-16,17
U3-79_2,427195.7228,6654934.865,U3-79_2,Grab sample,2018-03-19,31
U3-79_3,427164.9306,6654941.757,U3-79_3,Grab sample,2018-05-16,17
U3-80_2,427198.4401,6654937.715,U3-80_2,Grab sample,2018-03-19,25
U3-80_3,427165.8557,6654941.986,U3-80_3,Grab sample,2018-05-16,19
U3-81_2,427196.5917,6654934.481,U3-81_2,Grab sample,2018-03-19,37
U3-81_3,427166.7762,6654942.01,U3-81_3,Grab sample,2018-05-16,21
U3-82_2,427199.4367,6654937.638,U3-82_2,Grab sample,2018-03-19,26
U3-82_3,427167.6885,6654942.116,U3-82_3,Grab sample,2018-05-16,19
U3-83_2,427197.4762,6654934.144,U3-83_2,Grab sample,2018-03-19,25
U3-83_3,427168.576,6654942.052,U3-83_3,Grab sample,2018-05-16,19
U3-84_2,427200.4336,6654937.563,U3-84_2,Grab sample,2018-03-19,24
U3-84_3,427169.5243,6654941.981,U3-84_3,Grab sample,2018-05-16,19
U3-85_2,427198.3974,6654933.913,U3-85_2,Grab sample,2018-03-19,22
U3-85_3,427170.4728,6654941.919,U3-85_3,Grab sample,2018-05-16,19
U3-86_2,427201.4304,6654937.487,U3-86_2,Grab sample,2018-03-19,23
U3-86_3,427171.4098,6654941.788,U3-86_3,Grab sample,2018-05-16,20
U3-87_2,427199.3185,6654933.681,U3-87_2,Grab sample,2018-03-19,21
U3-87_3,427172.3343,6654941.547,U3-87_3,Grab sample,2018-05-16,18
U3-88_2,427202.4272,6654937.412,U3-88_2,Grab sample,2018-03-19,20
U3-88_3,427173.2487,6654941.306,U3-88_3,Grab sample,2018-05-16,17
U3-89_2,427200.2397,6654933.45,U3-89_2,Grab sample,2018-03-19,22
U3-89_3,427174.163,6654941.055,U3-89_3,Grab sample,2018-05-16,17
U3-90_2,427203.1585,6654936.792,U3-90_2,Grab sample,2018-03-19,19
U3-90_3,427175.0663,6654940.765,U3-90_3,Grab sample,2018-05-16,18
U3-91_3,427175.87,6654940.532,U3-91_3,Grab sample,2018-05-16,18
U3-92_3,427176.7935,6654940.163,U3-92_3,Grab sample,2018-05-16,19
U3-93_3,427177.6381,6654939.929,U3-93_3,Grab sample,2018-05-16,19
U3-94_3,427178.4781,6654939.49,U3-94_3,Grab sample,2018-05-16,16
U3-95_3,427179.3181,6654939.051,U3-95_3,Grab sample,2018-05-16,16
U3-96_3,427180.1581,6654938.612,U3-96_3,Grab sample,2018-05-16,16
U3-97_3,427181.073,6654938.391,U3-97_3,Grab sample,2018-05-16,18
U3-98_3,427181.9771,6654938.178,U3-98_3,Grab sample,2018-05-16,14
U3-99_3,427182.9129,6654937.996,U3-99_3,Grab sample,2018-05-16,17
