Namn,N,E,Prov,Typ,Datum,Tetrachlorethylen
S7,6656871.57,160822.13,S7,Grab sample,2019-10-15,2.3
S9,6656905.5,160674.39,S9,Grab sample,2019-10-15,4.3
GP1802,6656923.71,160810.8,GP1802_1-2,Geoprobe,2018-11-09,480
GP1802,6656923.71,160810.8,GP1802_2-3,Geoprobe,2018-11-09,1200
GP1802,6656923.71,160810.8,GP1802_4-5,Geoprobe,2018-11-09,3600
GP1802,6656923.71,160810.8,GP1802_5-6,Geoprobe,2018-11-09,7000
GP1802,6656923.71,160810.8,GP1802_7-8,Geoprobe,2018-11-09,4300
GP1803,6656911.8,160824,GP1803_2-1,Geoprobe,2018-11-09,3600
GP1803,6656911.8,160824,GP1803_3-2,Geoprobe,2018-11-09,7300
GP1803,6656911.8,160824,GP1803_4-3,Geoprobe,2018-11-09,3700
GP1803,6656911.8,160824,GP1803_5-4,Geoprobe,2018-11-09,3200
GP1803,6656911.8,160824,GP1803_6-5,Geoprobe,2018-11-09,2300
GP1803,6656911.8,160824,GP1803_8-7,Geoprobe,2018-11-09,3200
GP1804,6656903.98,160833.06,GP1804_3-4,Geoprobe,2018-11-09,780
GP1804,6656903.98,160833.06,GP1804_4-5,Geoprobe,2018-11-09,2100
GP1804,6656903.98,160833.06,GP1804_5-6,Geoprobe,2018-11-09,1700
GP1804,6656903.98,160833.06,GP1804_7-8,Geoprobe,2018-11-09,1600
GP1804,6656903.98,160833.06,GP1804_3-2,Geoprobe,2018-11-09,720
GP1804,6656903.98,160833.06,GP1804_2-1,Geoprobe,2018-11-09,870
GP1805,6656923.452,160805.061,GP1805_2-3,Geoprobe,2018-11-09,2800
GP1805,6656923.452,160805.061,GP1805_3-4,Geoprobe,2018-11-09,6300
GP1805,6656923.452,160805.061,GP1805_4-5,Geoprobe,2018-11-09,1500
GP1805,6656923.452,160805.061,GP1805_5-6,Geoprobe,2018-11-09,400
GP1805,6656923.452,160805.061,GP1805_6-7,Geoprobe,2018-11-09,450
GP1805,6656923.452,160805.061,GP1805_8-9,Geoprobe,2018-11-09,250
S1,6657067.28,161138.56,S1,Grab sample,2018-11-09,"<0,020"
S10,6657004.37,160068.97,S10,Grab sample,2018-11-09,35
S2,6656872.39,161069.66,S2,Grab sample,2018-11-09,"<0,020"
S3,6656896.88,160992.98,S3,Grab sample,2018-11-09,8.1
S3a,6656921.23,160966.01,S3a,Grab sample,2018-11-09,18
S4,6656924.68,160946.41,S4,Grab sample,2018-11-09,16
S4 GS,6656924.68,160946.41,S4 GS,Grab sample,2018-11-09,21
S4a,6656941.73,160930.83,S4a,Grab sample,2018-11-09,12
S5,6656940.82,160906.92,S5,Grab sample,2018-11-09,30
S6,6656898.71,160879.98,S6,Grab sample,2018-11-09,14
S6 GS,6656898.71,160879.98,S6 GS,Grab sample,2018-11-09,16
S7,6656871.57,160822.13,S7,Grab sample,2018-11-09,18
S8a,6656903.75,160767.94,S8a,Grab sample,2018-11-09,43
S8a N10,6656920.83,160801.93,S8a N10,Grab sample,2018-11-09,960
S8B,6656907.91,160720.22,S8B,Grab sample,2018-11-09,39
S9,6656905.5,160674.39,S9,Grab sample,2018-11-09,44
S9 GS,6656905.5,160674.39,S9 GS,Grab sample,2018-11-09,44
S7,6656871.57,160822.13,S7,Grab sample,2018-11-01,12
S9,6656905.5,160674.39,S9,Grab sample,2018-11-01,30
U3-100_3,6656897.054,160788.0231,U3-100_3,Grab sample,2018-05-16,17
U3-101_3,6656896.862,160788.85,U3-101_3,Grab sample,2018-05-16,19
U3-102_3,6656896.752,160789.79,U3-102_3,Grab sample,2018-05-16,18
U3-103_3,6656896.632,160790.73,U3-103_3,Grab sample,2018-05-16,18
U3-104_3,6656896.522,160791.68,U3-104_3,Grab sample,2018-05-16,18
U3-105_3,6656896.412,160792.62,U3-105_3,Grab sample,2018-05-16,35
U3-106_3,6656896.302,160793.56,U3-106_3,Grab sample,2018-05-16,22
U3-107_3,6656895.977,160794.592,U3-107_3,Grab sample,2018-05-16,24
U3-108_3,6656895.645,160795.6561,U3-108_3,Grab sample,2018-05-16,20
U3-109_3,6656895.408,160796.5361,U3-109_3,Grab sample,2018-05-16,20
U3-110_3,6656895.048,160797.4161,U3-110_3,Grab sample,2018-05-16,18
U3-111_3,6656894.678,160798.2961,U3-111_3,Grab sample,2018-05-16,24
U3-112_3,6656894.318,160799.1661,U3-112_3,Grab sample,2018-05-16,16
U3-113_3,6656894.163,160800.1282,U3-113_3,Grab sample,2018-05-16,15
U3-114_3,6656893.916,160801.0492,U3-114_3,Grab sample,2018-05-16,16
U3-115_3,6656893.514,160802.1033,U3-115_3,Grab sample,2018-05-16,24
U3-116_3,6656893.14,160803.0743,U3-116_3,Grab sample,2018-05-16,24
U3-117_3,6656892.684,160803.9123,U3-117_3,Grab sample,2018-05-16,16
U3-118_3,6656892.022,160804.6782,U3-118_3,Grab sample,2018-05-16,18
U3-119_3,6656891.168,160805.389,U3-119_3,Grab sample,2018-05-16,11
U3-120_3,6656890.471,160805.9798,U3-120_3,Grab sample,2018-05-16,12
U3-121_3,6656889.594,160806.7608,U3-121_3,Grab sample,2018-05-16,11
U3-122_3,6656888.932,160807.4698,U3-122_3,Grab sample,2018-05-16,12
U3-123_3,6656888.352,160808.2198,U3-123_3,Grab sample,2018-05-16,12
U3-124_3,6656887.772,160808.9798,U3-124_3,Grab sample,2018-05-16,12
U3-125_3,6656887.192,160809.7298,U3-125_3,Grab sample,2018-05-16,12
U3-126_3,6656886.602,160810.4798,U3-126_3,Grab sample,2018-05-16,13
U3-127_3,6656885.932,160811.1498,U3-127_3,Grab sample,2018-05-16,13
U3-128_3,6656885.262,160811.8198,U3-128_3,Grab sample,2018-05-16,11
U3-129_3,6656884.592,160812.4898,U3-129_3,Grab sample,2018-05-16,13
U3-130_3,6656883.912,160813.1598,U3-130_3,Grab sample,2018-05-16,11
U3-131_3,6656883.152,160813.7098,U3-131_3,Grab sample,2018-05-16,14
U3-132_3,6656882.392,160814.2698,U3-132_3,Grab sample,2018-05-16,14
U3-133_3,6656881.562,160814.7398,U3-133_3,Grab sample,2018-05-16,15
U3-134_3,6656880.742,160815.2098,U3-134_3,Grab sample,2018-05-16,8.6
U3-135_3,6656879.892,160815.6298,U3-135_3,Grab sample,2018-05-16,14
U3-136_3,6656879.042,160816.0498,U3-136_3,Grab sample,2018-05-16,21
U3-137_3,6656878.182,160816.4498,U3-137_3,Grab sample,2018-05-16,17
U3-138_3,6656877.322,160816.8598,U3-138_3,Grab sample,2018-05-16,19
U3-139_3,6656876.462,160817.2598,U3-139_3,Grab sample,2018-05-16,20
U3-140_3,6656875.602,160817.6698,U3-140_3,Grab sample,2018-05-16,9.7
U3-141_3,6656874.742,160818.0698,U3-141_3,Grab sample,2018-05-16,26
U3-142_3,6656873.882,160818.4798,U3-142_3,Grab sample,2018-05-16,16
U3-143_3,6656873.022,160818.8898,U3-143_3,Grab sample,2018-05-16,11
U3-144_3,6656872.162,160819.2898,U3-144_3,Grab sample,2018-05-16,11
U3-145_3,6656871.452,160819.8798,U3-145_3,Grab sample,2018-05-16,10
U3-146_3,6656870.752,160820.4798,U3-146_3,Grab sample,2018-05-16,11
U3-147_3,6656870.172,160821.2298,U3-147_3,Grab sample,2018-05-16,11
U3-148_3,6656869.592,160821.9798,U3-148_3,Grab sample,2018-05-16,8.2
U3-149_3,6656868.834,160822.9236,U3-149_3,Grab sample,2018-05-16,10
U3-150_3,6656868.457,160824.1545,U3-150_3,Grab sample,2018-05-16,9.8
U3-40_3,6656897.635,160802.938,U3-40_3,Grab sample,2018-05-16,12
U3-41_3,6656897.425,160803.908,U3-41_3,Grab sample,2018-05-16,20
U3-42_3,6656897.328,160804.8469,U3-42_3,Grab sample,2018-05-16,16
U3-43_3,6656897.323,160805.868,U3-43_3,Grab sample,2018-05-16,17
U3-44_3,6656897.094,160806.5718,U3-44_3,Grab sample,2018-05-16,9.2
U3-45_3,6656896.19,160807.1188,U3-45_3,Grab sample,2018-05-16,11
U3-46_3,6656895.46,160807.6657,U3-46_3,Grab sample,2018-05-16,14
U3-47_3,6656894.638,160808.2636,U3-47_3,Grab sample,2018-05-16,13
U3-48_3,6656893.898,160808.9336,U3-48_3,Grab sample,2018-05-16,11
U3-49_3,6656893.138,160809.5936,U3-49_3,Grab sample,2018-05-16,13
U3-50_3,6656892.388,160810.2436,U3-50_3,Grab sample,2018-05-16,13
U3-51_3,6656891.628,160810.8936,U3-51_3,Grab sample,2018-05-16,12
U3-52_3,6656890.868,160811.5436,U3-52_3,Grab sample,2018-05-16,13
U3-53_3,6656890.108,160812.2036,U3-53_3,Grab sample,2018-05-16,13
U3-54_3,6656889.348,160812.8536,U3-54_3,Grab sample,2018-05-16,10
U3-55_3,6656888.588,160813.5036,U3-55_3,Grab sample,2018-05-16,13
U3-56_3,6656887.828,160814.1536,U3-56_3,Grab sample,2018-05-16,12
U3-57_3,6656887.098,160814.8336,U3-57_3,Grab sample,2018-05-16,14
U3-58_3,6656886.368,160815.5136,U3-58_3,Grab sample,2018-05-16,14
U3-59_3,6656885.628,160816.1936,U3-59_3,Grab sample,2018-05-16,13
U3-60_3,6656884.816,160816.8326,U3-60_3,Grab sample,2018-05-16,15
U3-61_3,6656883.963,160817.2255,U3-61_3,Grab sample,2018-05-16,11
U3-62_3,6656883.101,160817.8355,U3-62_3,Grab sample,2018-05-16,12
U3-63_3,6656882.468,160818.5636,U3-63_3,Grab sample,2018-05-16,14
U3-64_3,6656881.548,160818.9636,U3-64_3,Grab sample,2018-05-16,15
U3-65_3,6656880.638,160819.3636,U3-65_3,Grab sample,2018-05-16,14
U3-66_3,6656879.718,160819.7636,U3-66_3,Grab sample,2018-05-16,15
U3-67_3,6656878.798,160820.1536,U3-67_3,Grab sample,2018-05-16,13
U3-68_3,6656877.868,160820.5136,U3-68_3,Grab sample,2018-05-16,13
U3-69_3,6656876.938,160820.8836,U3-69_3,Grab sample,2018-05-16,8.8
U3-70_3,6656876.008,160821.2436,U3-70_3,Grab sample,2018-05-16,9.8
U3-71_3,6656875.316,160821.6649,U3-71_3,Grab sample,2018-05-16,10
U3-72_3,6656874.274,160821.8939,U3-72_3,Grab sample,2018-05-16,9.4
U3-73_3,6656873.232,160822.328,U3-73_3,Grab sample,2018-05-16,10
U3-74_3,6656872.217,160823.1149,U3-74_3,Grab sample,2018-05-16,9.9
U3-75_3,6656871.513,160824.5057,U3-75_3,Grab sample,2018-05-16,10
U3-76_3,6656900.98,160766.05,U3-76_3,Grab sample,2018-05-16,18
U3-77_3,6656900.82,160766.97,U3-77_3,Grab sample,2018-05-16,18
U3-78_3,6656900.71,160767.91,U3-78_3,Grab sample,2018-05-16,17
U3-79_3,6656900.64,160768.85,U3-79_3,Grab sample,2018-05-16,17
U3-80_3,6656900.89,160769.77,U3-80_3,Grab sample,2018-05-16,19
U3-81_3,6656900.935,160770.69,U3-81_3,Grab sample,2018-05-16,21
U3-82_3,6656901.062,160771.6,U3-82_3,Grab sample,2018-05-16,19
U3-83_3,6656901.018,160772.489,U3-83_3,Grab sample,2018-05-16,19
U3-84_3,6656900.968,160773.439,U3-84_3,Grab sample,2018-05-16,19
U3-85_3,6656900.928,160774.389,U3-85_3,Grab sample,2018-05-16,19
U3-86_3,6656900.818,160775.329,U3-86_3,Grab sample,2018-05-16,20
U3-87_3,6656900.598,160776.259,U3-87_3,Grab sample,2018-05-16,18
U3-88_3,6656900.378,160777.179,U3-88_3,Grab sample,2018-05-16,17
U3-89_3,6656900.148,160778.099,U3-89_3,Grab sample,2018-05-16,17
U3-90_3,6656899.878,160779.009,U3-90_3,Grab sample,2018-05-16,18
U3-91_3,6656899.663,160779.818,U3-91_3,Grab sample,2018-05-16,18
U3-92_3,6656899.315,160780.75,U3-92_3,Grab sample,2018-05-16,19
U3-93_3,6656899.1,160781.6,U3-93_3,Grab sample,2018-05-16,19
U3-94_3,6656898.68,160782.45,U3-94_3,Grab sample,2018-05-16,16
U3-95_3,6656898.26,160783.3,U3-95_3,Grab sample,2018-05-16,16
U3-96_3,6656897.84,160784.15,U3-96_3,Grab sample,2018-05-16,16
U3-97_3,6656897.64,160785.07,U3-97_3,Grab sample,2018-05-16,18
U3-98_3,6656897.448,160785.979,U3-98_3,Grab sample,2018-05-16,14
U3-99_3,6656897.287,160786.919,U3-99_3,Grab sample,2018-05-16,17
U3-00_3,6656905.766,160765.0672,U3-00_3,Grab sample,2018-05-15,35
U3-01_3,6656905.756,160765.7572,U3-01_3,Grab sample,2018-05-15,55
U3-02_3,6656905.746,160766.7572,U3-02_3,Grab sample,2018-05-15,56
U3-03_3,6656905.726,160767.7572,U3-03_3,Grab sample,2018-05-15,44
U3-04_3,6656905.716,160768.7572,U3-04_3,Grab sample,2018-05-15,54
U3-05_3,6656905.942,160769.6341,U3-05_3,Grab sample,2018-05-15,57
U3-06_3,6656906.096,160770.7161,U3-06_3,Grab sample,2018-05-15,49
U3-07_3,6656906.323,160771.6341,U3-07_3,Grab sample,2018-05-15,57
U3-08_3,6656906.316,160772.46,U3-08_3,Grab sample,2018-05-15,33
U3-09_3,6656906.186,160773.46,U3-09_3,Grab sample,2018-05-15,28
U3-10_3,6656906.006,160774.43,U3-10_3,Grab sample,2018-05-15,240
U3-11_3,6656905.783,160775.29,U3-11_3,Grab sample,2018-05-15,56
U3-12_3,6656905.56,160776.15,U3-12_3,Grab sample,2018-05-15,52
U3-13_3,6656905.296,160777.092,U3-13_3,Grab sample,2018-05-15,52
U3-14_3,6656904.786,160777.952,U3-14_3,Grab sample,2018-05-15,64
U3-15_3,6656904.635,160778.8941,U3-15_3,Grab sample,2018-05-15,81
U3-16_3,6656904.315,160779.8341,U3-16_3,Grab sample,2018-05-15,86
U3-17_3,6656904.005,160780.7841,U3-17_3,Grab sample,2018-05-15,280
U3-18_3,6656903.49,160781.7341,U3-18_3,Grab sample,2018-05-15,24
U3-19_3,6656903.18,160782.6841,U3-19_3,Grab sample,2018-05-15,40
U3-20_3,6656902.87,160783.6341,U3-20_3,Grab sample,2018-05-15,27
U3-21_3,6656902.56,160784.5841,U3-21_3,Grab sample,2018-05-15,34
U3-22_3,6656902.33,160785.5641,U3-22_3,Grab sample,2018-05-15,35
U3-23_3,6656902.11,160786.5341,U3-23_3,Grab sample,2018-05-15,36
U3-24_3,6656901.9,160787.5141,U3-24_3,Grab sample,2018-05-15,37
U3-25_3,6656901.639,160788.4941,U3-25_3,Grab sample,2018-05-15,36
U3-26_3,6656901.296,160789.382,U3-26_3,Grab sample,2018-05-15,42
U3-27_3,6656900.84,160790.28,U3-27_3,Grab sample,2018-05-15,50
U3-28_3,6656900.62,160791.26,U3-28_3,Grab sample,2018-05-15,180
U3-29_3,6656900.44,160792.24,U3-29_3,Grab sample,2018-05-15,790
U3-30_3,6656900.178,160793.138,U3-30_3,Grab sample,2018-05-15,87
U3-31_3,6656899.803,160794.128,U3-31_3,Grab sample,2018-05-15,73
U3-32_3,6656899.623,160795.108,U3-32_3,Grab sample,2018-05-15,33
U3-33_3,6656899.361,160796.0159,U3-33_3,Grab sample,2018-05-15,15
U3-34_3,6656899.099,160797.078,U3-34_3,Grab sample,2018-05-15,14
U3-35_3,6656898.715,160798.058,U3-35_3,Grab sample,2018-05-15,14
U3-36_3,6656898.505,160799.028,U3-36_3,Grab sample,2018-05-15,13
U3-37_3,6656898.285,160800.008,U3-37_3,Grab sample,2018-05-15,13
U3-38_3,6656898.075,160800.978,U3-38_3,Grab sample,2018-05-15,17
U3-39_3,6656897.855,160801.958,U3-39_3,Grab sample,2018-05-15,18
U3-01_2,6656902.653,160765.1552,U3-01_2,Grab sample,2018-03-19,38
U3-02_2,6656905.587,160765.0168,U3-02_2,Grab sample,2018-03-19,59
U3-03_2,6656901.816,160765.6043,U3-03_2,Grab sample,2018-03-19,37
U3-04_2,6656905.461,160766.0087,U3-04_2,Grab sample,2018-03-19,89
U3-05_2,6656900.979,160766.0535,U3-05_2,Grab sample,2018-03-19,35
U3-06_2,6656905.334,160767.0007,U3-06_2,Grab sample,2018-03-19,89
U3-07_2,6656900.825,160766.972,U3-07_2,Grab sample,2018-03-19,32
U3-08_2,6656905.481,160767.9805,U3-08_2,Grab sample,2018-03-19,47
U3-09_2,6656900.705,160767.9145,U3-09_2,Grab sample,2018-03-19,32
U3-10_2,6656905.695,160768.9573,U3-10_2,Grab sample,2018-03-19,83
U3-11_2,6656900.643,160768.8529,U3-11_2,Grab sample,2018-03-19,34
U3-118_2,6656908.19,160773.26,U3-118_2,Grab sample,2018-03-19,370
U3-119_2,6656891.657,160805.4276,U3-119_2,Grab sample,2018-03-19,23
U3-12_2,6656905.909,160769.9341,U3-12_2,Grab sample,2018-03-19,110
U3-120_2,6656895.092,160808.571,U3-120_2,Grab sample,2018-03-19,20
U3-121_2,6656890.015,160806.3851,U3-121_2,Grab sample,2018-03-19,26
U3-122_2,6656893.642,160809.9485,U3-122_2,Grab sample,2018-03-19,25
U3-123_2,6656888.846,160807.8776,U3-123_2,Grab sample,2018-03-19,27
U3-124_2,6656892.192,160811.326,U3-124_2,Grab sample,2018-03-19,22
U3-125_2,6656887.689,160809.3852,U3-125_2,Grab sample,2018-03-19,31
U3-126_2,6656890.719,160812.6784,U3-126_2,Grab sample,2018-03-19,24
U3-127_2,6656886.525,160810.8856,U3-127_2,Grab sample,2018-03-19,26
U3-128_2,6656889.241,160814.0255,U3-128_2,Grab sample,2018-03-19,19
U3-129_2,6656885.179,160812.2263,U3-129_2,Grab sample,2018-03-19,32
U3-13_2,6656900.892,160769.7697,U3-13_2,Grab sample,2018-03-19,33
U3-130_2,6656887.685,160815.2775,U3-130_2,Grab sample,2018-03-19,21
U3-131_2,6656883.832,160813.5671,U3-131_2,Grab sample,2018-03-19,20
U3-132_2,6656886.073,160816.4616,U3-132_2,Grab sample,2018-03-19,20
U3-133_2,6656882.31,160814.6768,U3-133_2,Grab sample,2018-03-19,28
U3-134_2,6656884.461,160817.6457,U3-134_2,Grab sample,2018-03-19,19
U3-135_2,6656880.659,160815.6156,U3-135_2,Grab sample,2018-03-19,29
U3-136_2,6656882.841,160818.8162,U3-136_2,Grab sample,2018-03-19,24
U3-137_2,6656878.956,160816.4564,U3-137_2,Grab sample,2018-03-19,28
U3-138_2,6656881.059,160819.7237,U3-138_2,Grab sample,2018-03-19,22
U3-139_2,6656877.238,160817.2675,U3-139_2,Grab sample,2018-03-19,23
U3-14_2,6656906.123,160770.9109,U3-14_2,Grab sample,2018-03-19,120
U3-140_2,6656879.276,160820.6313,U3-140_2,Grab sample,2018-03-19,30
U3-141_2,6656875.52,160818.0786,U3-141_2,Grab sample,2018-03-19,21
U3-142_2,6656877.41,160821.3238,U3-142_2,Grab sample,2018-03-19,25
U3-143_2,6656873.801,160818.8897,U3-143_2,Grab sample,2018-03-19,20
U3-144_2,6656875.485,160821.8657,U3-144_2,Grab sample,2018-03-19,25
U3-145_2,6656872.084,160819.7026,U3-145_2,Grab sample,2018-03-19,22
U3-146_2,6656873.56,160822.4075,U3-146_2,Grab sample,2018-03-19,22
U3-147_2,6656870.666,160820.8859,U3-147_2,Grab sample,2018-03-19,21
U3-148_2,6656871.932,160823.3244,U3-148_2,Grab sample,2018-03-19,21
U3-149_2,6656869.51,160822.394,U3-149_2,Grab sample,2018-03-19,21
U3-15_2,6656901.141,160770.6865,U3-15_2,Grab sample,2018-03-19,34
U3-150_2,6656870.983,160825.0782,U3-150_2,Grab sample,2018-03-19,20
U3-16_2,6656906.337,160771.8876,U3-16_2,Grab sample,2018-03-19,140
U3-17_2,6656901.39,160771.6033,U3-17_2,Grab sample,2018-03-19,35
U3-18_2,6656906.381,160772.8634,U3-18_2,Grab sample,2018-03-19,53
U3-19_2,6656901.505,160772.5349,U3-19_2,Grab sample,2018-03-19,34
U3-20_2,6656906.156,160773.8376,U3-20_2,Grab sample,2018-03-19,59
U3-21_2,6656901.465,160773.4841,U3-21_2,Grab sample,2018-03-19,30
U3-22_2,6656905.93,160774.8119,U3-22_2,Grab sample,2018-03-19,62
U3-23_2,6656901.424,160774.4332,U3-23_2,Grab sample,2018-03-19,17
U3-24_2,6656905.705,160775.7861,U3-24_2,Grab sample,2018-03-19,64
U3-25_2,6656901.314,160775.3725,U3-25_2,Grab sample,2018-03-19,30
U3-26_2,6656905.479,160776.7603,U3-26_2,Grab sample,2018-03-19,83
U3-27_2,6656901.09,160776.2956,U3-27_2,Grab sample,2018-03-19,33
U3-28_2,6656905.158,160777.7064,U3-28_2,Grab sample,2018-03-19,100
U3-29_2,6656900.865,160777.2187,U3-29_2,Grab sample,2018-03-19,30
U3-30_2,6656904.821,160778.6481,U3-30_2,Grab sample,2018-03-19,140
U3-31_2,6656900.64,160778.1417,U3-31_2,Grab sample,2018-03-19,32
U3-32_2,6656904.485,160779.5898,U3-32_2,Grab sample,2018-03-19,59
U3-33_2,6656900.367,160779.047,U3-33_2,Grab sample,2018-03-19,29
U3-34_2,6656904.148,160780.5314,U3-34_2,Grab sample,2018-03-19,46
U3-35_2,6656899.945,160779.8983,U3-35_2,Grab sample,2018-03-19,31
U3-36_2,6656903.811,160781.4731,U3-36_2,Grab sample,2018-03-19,43
U3-37_2,6656899.523,160780.7495,U3-37_2,Grab sample,2018-03-19,32
U3-38_2,6656903.475,160782.4148,U3-38_2,Grab sample,2018-03-19,15
U3-39_2,6656899.102,160781.6008,U3-39_2,Grab sample,2018-03-19,32
U3-40_2,6656903.166,160783.3658,U3-40_2,Grab sample,2018-03-19,38
U3-41_2,6656898.68,160782.4521,U3-41_2,Grab sample,2018-03-19,30
U3-42_2,6656902.86,160784.3177,U3-42_2,Grab sample,2018-03-19,28
U3-43_2,6656898.258,160783.3034,U3-43_2,Grab sample,2018-03-19,31
U3-44_2,6656902.553,160785.2697,U3-44_2,Grab sample,2018-03-19,83
U3-45_2,6656897.837,160784.1547,U3-45_2,Grab sample,2018-03-19,30
U3-46_2,6656902.247,160786.2216,U3-46_2,Grab sample,2018-03-19,52
U3-47_2,6656897.637,160785.0721,U3-47_2,Grab sample,2018-03-19,30
U3-48_2,6656901.941,160787.1736,U3-48_2,Grab sample,2018-03-19,38
U3-49_2,6656897.525,160786.0155,U3-49_2,Grab sample,2018-03-19,31
U3-50_2,6656901.652,160788.1306,U3-50_2,Grab sample,2018-03-19,33
U3-51_2,6656897.413,160786.9588,U3-51_2,Grab sample,2018-03-19,30
U3-52_2,6656901.396,160789.0972,U3-52_2,Grab sample,2018-03-19,40
U3-53_2,6656897.301,160787.9021,U3-53_2,Grab sample,2018-03-19,28
U3-54_2,6656901.14,160790.0639,U3-54_2,Grab sample,2018-03-19,45
U3-55_2,6656897.188,160788.8455,U3-55_2,Grab sample,2018-03-19,29
U3-56_2,6656900.884,160791.0305,U3-56_2,Grab sample,2018-03-19,73
U3-57_2,6656897.076,160789.7888,U3-57_2,Grab sample,2018-03-19,15
U3-58_2,6656900.627,160791.9972,U3-58_2,Grab sample,2018-03-19,60
U3-59_2,6656896.964,160790.7321,U3-59_2,Grab sample,2018-03-19,29
U3-60_2,6656900.351,160792.9577,U3-60_2,Grab sample,2018-03-19,76
U3-61_2,6656896.851,160791.6755,U3-61_2,Grab sample,2018-03-19,21
U3-62_2,6656900.018,160793.9006,U3-62_2,Grab sample,2018-03-19,59
U3-63_2,6656896.739,160792.6188,U3-63_2,Grab sample,2018-03-19,27
U3-64_2,6656899.685,160794.8435,U3-64_2,Grab sample,2018-03-19,29
U3-65_2,6656896.627,160793.5622,U3-65_2,Grab sample,2018-03-19,24
U3-66_2,6656899.352,160795.7864,U3-66_2,Grab sample,2018-03-19,43
U3-67_2,6656896.514,160794.5055,U3-67_2,Grab sample,2018-03-19,31
U3-68_2,6656899.019,160796.7293,U3-68_2,Grab sample,2018-03-19,24
U3-69_2,6656896.265,160795.4129,U3-69_2,Grab sample,2018-03-19,28
U3-70_2,6656898.686,160797.6722,U3-70_2,Grab sample,2018-03-19,24
U3-71_2,6656895.901,160796.2905,U3-71_2,Grab sample,2018-03-19,26
U3-72_2,6656898.353,160798.6151,U3-72_2,Grab sample,2018-03-19,29
U3-73_2,6656895.537,160797.1681,U3-73_2,Grab sample,2018-03-19,18
U3-74_2,6656898.02,160799.558,U3-74_2,Grab sample,2018-03-19,20
U3-75_2,6656895.174,160798.0457,U3-75_2,Grab sample,2018-03-19,32
U3-76_2,6656897.687,160800.5009,U3-76_2,Grab sample,2018-03-19,23
U3-77_2,6656894.81,160798.9234,U3-77_2,Grab sample,2018-03-19,31
U3-78_2,6656897.411,160801.4552,U3-78_2,Grab sample,2018-03-19,29
U3-79_2,6656894.446,160799.801,U3-79_2,Grab sample,2018-03-19,31
U3-80_2,6656897.358,160802.4538,U3-80_2,Grab sample,2018-03-19,25
U3-81_2,6656894.082,160800.6786,U3-81_2,Grab sample,2018-03-19,37
U3-82_2,6656897.304,160803.4523,U3-82_2,Grab sample,2018-03-19,26
U3-83_2,6656893.765,160801.5709,U3-83_2,Grab sample,2018-03-19,25
U3-84_2,6656897.251,160804.4509,U3-84_2,Grab sample,2018-03-19,24
U3-85_2,6656893.555,160802.4974,U3-85_2,Grab sample,2018-03-19,22
U3-86_2,6656897.198,160805.4495,U3-86_2,Grab sample,2018-03-19,23
U3-87_2,6656893.344,160803.4238,U3-87_2,Grab sample,2018-03-19,21
U3-88_2,6656897.145,160806.4481,U3-88_2,Grab sample,2018-03-19,20
U3-89_2,6656893.134,160804.3503,U3-89_2,Grab sample,2018-03-19,22
U3-90_2,6656896.542,160807.1935,U3-90_2,Grab sample,2018-03-19,19
NI17-Ö4,6656901.717,160989.8049,NI17-Ö4 30/8/17,Grab sample,2017-08-30,9.6
NI15-Ö29,6656868.85,161021.5,NI15-Ö29,Grab sample,2017-08-29,11
NI15-Ö30,6656897.07,160993.06,NI15-Ö30 29/8/17,Grab sample,2017-08-29,11
NI15-Ö31,6656924.63,160946.14,NI15-Ö31,Grab sample,2017-08-29,17
NI15-Ö32,6656942.37,160935.27,NI15-Ö32,Grab sample,2017-08-29,19
NI15-Ö33,6656943.166,160907.726,NI15-Ö33,Grab sample,2017-08-29,18
NI15-Ö34,6656930.75,160894.85,NI15-Ö34,Grab sample,2017-08-29,140
NI15-Ö35,6656923.22,160897.84,NI15-Ö35,Grab sample,2017-08-29,18
NI15-Ö37,6656871.72,160821.78,NI15-Ö37,Grab sample,2017-08-29,23
NI15-Ö38,6656895.12,160805.24,NI15-Ö38,Grab sample,2017-08-29,29
NI15-Ö39,6656903.98,160767.87,NI15-Ö39,Grab sample,2017-08-29,22
NI15-Ö40,6656920.487,160783.535,NI15-Ö40,Grab sample,2017-08-29,420
NI15-Ö41,6656921.408,160795.945,NI15-Ö41,Grab sample,2017-08-29,1500
NI15-Ö42A,6656904.5,160780.6,NI15-Ö42A,Grab sample,2017-08-29,580
NI15-Ö43,6656903.398,160674.984,NI15-Ö43,Grab sample,2017-08-29,38
NI16-Ö13,6656916.13,160986.1,NI16-Ö13,Grab sample,2017-08-29,50
NI17-Ö1,6656871.143,161006.4181,NI17-Ö1,Grab sample,2017-08-29,12
NI17-Ö10,6656901.717,160779.4564,NI17-Ö10,Grab sample,2017-08-29,30
NI17-Ö11,6656908.825,160772.9705,NI17-Ö11,Grab sample,2017-08-29,320
NI17-Ö12,6656915.666,160778.1237,NI17-Ö12,Grab sample,2017-08-29,440
NI17-Ö13,6656921.352,160788.3412,NI17-Ö13,Grab sample,2017-08-29,1200
NI17-Ö14,6656907.226,160727.3024,NI17-Ö14,Grab sample,2017-08-29,21
NI17-Ö15,6656889.189,160629.4803,NI17-Ö15,Grab sample,2017-08-29,37
NI17-Ö2,6656876.928,160994.6916,NI17-Ö2,Grab sample,2017-08-29,13
NI17-Ö3,6656882.437,160997.357,NI17-Ö3 29/8/17,Grab sample,2017-08-29,17
NI17-Ö5,6656909.18,160983.319,NI17-Ö5,Grab sample,2017-08-29,19
NI17-Ö6,6656914.067,160977.455,NI17-Ö6,Grab sample,2017-08-29,16
NI17-Ö7,6656880.127,160817.3502,NI17-Ö7,Grab sample,2017-08-29,20
NI17-Ö8,6656890.078,160809.7093,NI17-Ö8,Grab sample,2017-08-29,23
NI17-Ö9,6656898.252,160792.0729,NI17-Ö9,Grab sample,2017-08-29,37
NI15-Ö30,6656897.07,160993.06,NI15-Ö30 28/8/17,Grab sample,2017-08-28,7.9
NI17-Ö3,6656882.437,160997.357,NI17-Ö3 28/8/17,Grab sample,2017-08-28,15
KB1_brunn,6656905.78,161003.43,KB1_brunn,Brunn,2017-06-30,
KB2_brunn,6656950.569,160977.3256,KB2_brunn,Brunn,2017-06-30,
NI15-Ö26,6657066.322,161138.16,NI15-Ö26,Grab sample,2017-06-28,<0.020
NI15-Ö28,6656872.18,161069.306,NI15-Ö28,Grab sample,2017-06-28,<0.020
NI15-Ö28A,6656867.34,161044.47,NI15-Ö28A,Grab sample,2017-06-28,<0.020
NI15-Ö29,6656868.85,161021.5,NI15-Ö29,Grab sample,2017-06-28,0.052
NI15-Ö30,6656897.07,160993.06,NI15-Ö30,Grab sample,2017-06-28,5.5
NI15-Ö31,6656924.63,160946.14,NI15-Ö31,Grab sample,2017-06-28,30
NI15-Ö32,6656942.37,160935.27,NI15-Ö32,Grab sample,2017-06-28,25
NI15-Ö33,6656943.166,160907.726,NI15-Ö33,Grab sample,2017-06-28,33
NI15-Ö34,6656930.75,160894.85,NI15-Ö34,Grab sample,2017-06-28,140
NI15-Ö35,6656923.22,160897.84,NI15-Ö35,Grab sample,2017-06-28,26
NI15-Ö36,6656898.69,160880.45,NI15-Ö36,Grab sample,2017-06-28,28
NI15-Ö37,6656871.72,160821.78,NI15-Ö37,Grab sample,2017-06-28,27
NI15-Ö38,6656895.12,160805.24,NI15-Ö38,Grab sample,2017-06-28,41
NI15-Ö39,6656903.98,160767.87,NI15-Ö39,Grab sample,2017-06-28,49
NI15-Ö40,6656920.487,160783.535,NI15-Ö40,Grab sample,2017-06-28,460
NI15-Ö41,6656921.408,160795.945,NI15-Ö41,Grab sample,2017-06-28,1700
NI15-Ö42A,6656904.5,160780.6,NI15-Ö42A,Grab sample,2017-06-28,520
NI15-Ö43,6656903.398,160674.984,NI15-Ö43,Grab sample,2017-06-28,48
NI15-Ö5,6656874.205,161000.006,NI15-Ö5a,Piezometer,2017-06-28,130
NI16-Ö11,6656955.15,160944.9147,NI16-Ö11,Grab sample,2017-06-28,7.3
NI16-Ö13,6656916.13,160986.1,NI16-Ö13,Grab sample,2017-06-28,52
NI17-Ö1,6656871.143,161006.4181,NI17-Ö1,Grab sample,2017-06-28,0.11
NI17-Ö10,6656901.717,160779.4564,NI17-Ö10,Grab sample,2017-06-28,47
NI17-Ö11,6656908.825,160772.9705,NI17-Ö11,Grab sample,2017-06-28,300
NI17-Ö12,6656915.666,160778.1237,NI17-Ö12,Grab sample,2017-06-28,44
NI17-Ö13,6656921.352,160788.3412,NI17-Ö13,Grab sample,2017-06-28,1100
NI17-Ö14,6656907.226,160727.3024,NI17-Ö14,Grab sample,2017-06-28,49
NI17-Ö15,6656889.189,160629.4803,NI17-Ö15,Grab sample,2017-06-28,44
NI17-Ö16,6657374.568,159886.6191,NI17-Ö16,Grab sample,2017-06-28,5.3
NI17-Ö17,6656879.058,160991.366,NI17-Ö17,Piezometer,2017-06-28,130
NI17-Ö18,6656871.992,160998.261,NI17-Ö18,Piezometer,2017-06-28,0.047
NI17-Ö19,6656868.479,161005.621,NI17-Ö19,Piezometer,2017-06-28,2.9
NI17-Ö2,6656876.928,160994.6916,NI17-Ö2,Grab sample,2017-06-28,1.6
NI17-Ö3,6656882.437,160997.357,NI17-Ö3,Grab sample,2017-06-28,4.5
NI17-Ö4,6656901.717,160989.8049,NI17-Ö4,Grab sample,2017-06-28,31
NI17-Ö5,6656909.18,160983.319,NI17-Ö5,Grab sample,2017-06-28,37
NI17-Ö6,6656914.067,160977.455,NI17-Ö6,Grab sample,2017-06-28,38
NI17-Ö7,6656880.127,160817.3502,NI17-Ö7,Grab sample,2017-06-28,29
NI17-Ö8,6656890.078,160809.7093,NI17-Ö8,Grab sample,2017-06-28,31
NI17-Ö9,6656898.252,160792.0729,NI17-Ö9,Grab sample,2017-06-28,46
U1a-23,6656882.51,160995.7,U1a-23,Grab sample,2017-06-28,2.6
U1a-25,6656881.55,160993.95,U1a-25,Grab sample,2017-06-28,2.2
U1a-27,6656880.43,160992.29,U1a-27,Grab sample,2017-06-28,2
U1a-29,6656878.91,160991,U1a-29,Grab sample,2017-06-28,1.8
U1a-31,6656877.38,160991.75,U1a-31,Grab sample,2017-06-28,1.9
U1a-33,6656875.93,160993.11,U1a-33,Grab sample,2017-06-28,1.5
U1a-35,6656875.22,160994.91,U1a-35,Grab sample,2017-06-28,1.3
U1a-37,6656874.67,160996.83,U1a-37,Grab sample,2017-06-28,3.3
U1a-38,6656874.29,160997.76,U1a-38,Grab sample,2017-06-28,8.2
U1a-39,6656873.62,160998.46,U1a-39,Grab sample,2017-06-28,19
U1a-40,6656872.91,160999.13,U1a-40,Grab sample,2017-06-28,0.13
U1a-41,6656872.45,161000.02,U1a-41,Grab sample,2017-06-28,0.14
U1a-43,6656871.54,161001.8,U1a-43,Grab sample,2017-06-28,0.11
U1a-45,6656870.6,161003.57,U1a-45,Grab sample,2017-06-28,0.087
U1a-47,6656869.84,161005.42,U1a-47,Grab sample,2017-06-28,0.084
U1a-49,6656869.75,161007.3,U1a-49,Grab sample,2017-06-28,0.19
U1a-50,6656869.43,161008.25,U1a-50,Grab sample,2017-06-28,2.5
U1a-51,6656869.05,161009.17,U1a-51,Grab sample,2017-06-28,0.038
U1a-52,6656868.57,161010.05,U1a-52,Grab sample,2017-06-28,0.071
U1a-53,6656868.14,161010.91,U1a-53,Grab sample,2017-06-28,0.043
GP1701,6656883.74,161003.47,GP1701_0.5-1.5,Geoprobe,2017-06-06,3.2
GP1701,6656883.74,161003.47,GP1701_1.5-2.5,Geoprobe,2017-06-06,3600
GP1701,6656883.74,161003.47,GP1701_2.5-3.5,Geoprobe,2017-06-06,7400
GP1701,6656883.74,161003.47,GP1701_3.5-4.5,Geoprobe,2017-06-06,6800
GP1702,6656880.12,161001.5,GP1702_1-2,Geoprobe,2017-06-06,5300
GP1702,6656880.12,161001.5,GP1702_2-3,Geoprobe,2017-06-06,5.2
GP1702,6656880.12,161001.5,GP1702_3-4,Geoprobe,2017-06-06,2600
GP1703,6656875.79,161003.98,GP1703_1-2,Geoprobe,2017-06-06,1500
GP1703,6656875.79,161003.98,GP1703_2-3,Geoprobe,2017-06-06,23
GP1703,6656875.79,161003.98,GP1703_3-4,Geoprobe,2017-06-06,2000
GP1704,6656872.36,161010.78,GP1704_0-1,Geoprobe,2017-06-06,42
GP1704,6656872.36,161010.78,GP1704_1-2,Geoprobe,2017-06-06,340
GP1704,6656872.36,161010.78,GP1704_2-3,Geoprobe,2017-06-06,490
GP1704,6656872.36,161010.78,GP1704_3-4,Geoprobe,2017-06-06,270
GP1705,6656882.47,161001.87,GP1705_0-1,Geoprobe,2017-06-06,1900
GP1705,6656882.47,161001.87,GP1705_1-2,Geoprobe,2017-06-06,2500
GP1705,6656882.47,161001.87,GP1705_2-3,Geoprobe,2017-06-06,2800
GP1705,6656882.47,161001.87,GP1705_3-4,Geoprobe,2017-06-06,2500
GP1706,6656877.24,161000.99,GP1706_0-1,Geoprobe,2017-06-06,4800
GP1706,6656877.24,161000.99,GP1706_1-2,Geoprobe,2017-06-06,740
GP1706,6656877.24,161000.99,GP1706_2-3,Geoprobe,2017-06-06,35
GP1706,6656877.24,161000.99,GP1706_3-4,Geoprobe,2017-06-06,560
GP1707,6656902.06,161003.05,GP1707_1.5-2.5,Geoprobe,2017-06-06,550
GP1707,6656902.06,161003.05,GP1707_2.5-3.5,Geoprobe,2017-06-06,1700
GP1707,6656902.06,161003.05,GP1707_4.5-5.5,Geoprobe,2017-06-06,240
GP1707,6656902.06,161003.05,GP1707_6.5-7.5,Geoprobe,2017-06-06,36
GP1708,6656908.5,160998.12,GP1708_10-11,Geoprobe,2017-06-06,95
GP1708,6656908.5,160998.12,GP1708_2-3,Geoprobe,2017-06-06,370
GP1708,6656908.5,160998.12,GP1708_3-4,Geoprobe,2017-06-06,620
GP1708,6656908.5,160998.12,GP1708_6-7,Geoprobe,2017-06-06,1100
GP1708,6656908.5,160998.12,GP1708_8-9,Geoprobe,2017-06-06,500
GP1709,6656912.754,160993.623,GP1709_2-3,Geoprobe,2017-06-06,390
GP1709,6656912.754,160993.623,GP1709_3-4,Geoprobe,2017-06-06,120
GP1709,6656912.754,160993.623,GP1709_6-7,Geoprobe,2017-06-06,70
GP1709,6656912.754,160993.623,GP1709_8-9,Geoprobe,2017-06-06,140
GP1709,6656912.754,160993.623,GP1709_9.85-10.85,Geoprobe,2017-06-06,150
GP1710,6656914.8,160991.59,GP1710_10-11,Geoprobe,2017-06-06,8.9
GP1710,6656914.8,160991.59,GP1710_1-2,Geoprobe,2017-06-06,24
GP1710,6656914.8,160991.59,GP1710_2-3,Geoprobe,2017-06-06,35
GP1710,6656914.8,160991.59,GP1710_3-4,Geoprobe,2017-06-06,13
GP1710,6656914.8,160991.59,GP1710_6-7,Geoprobe,2017-06-06,12
GP1710,6656914.8,160991.59,GP1710_8-9,Geoprobe,2017-06-06,15
GP1711,6656919.2,160988.38,GP1711_10-11,Geoprobe,2017-06-06,2.3
GP1711,6656919.2,160988.38,GP1711_1-2,Geoprobe,2017-06-06,1
GP1711,6656919.2,160988.38,GP1711_2-3,Geoprobe,2017-06-06,1.9
GP1711,6656919.2,160988.38,GP1711_3-4,Geoprobe,2017-06-06,2.5
GP1711,6656919.2,160988.38,GP1711_6-7,Geoprobe,2017-06-06,3.4
GP1711,6656919.2,160988.38,GP1711_8-9,Geoprobe,2017-06-06,3.5
GP1712,6656904.46,161000.47,GP1712_2-3,Geoprobe,2017-06-06,970
GP1712,6656904.46,161000.47,GP1712_3-4,Geoprobe,2017-06-06,900
GP1712,6656904.46,161000.47,GP1712_5-6,Geoprobe,2017-06-06,24
GP1712,6656904.46,161000.47,GP1712_7.2-8.2,Geoprobe,2017-06-06,120
NI15-Ö16-biflöde,6656956,160925.1,NI15-Ö16-biflöde,Grab sample,2017-05-15,16
NI15-Ö26,6657066.322,161138.16,#1 - örback opstrøm (v NI-1),Grab sample,2017-05-15,"<0,020"
NI15-Ö28,6656872.18,161069.306,#2 - örback (v NI-4),Grab sample,2017-05-15,"<0,020"
NI15-Ö28A,6656867.34,161044.47,NI15-Ö28A,Grab sample,2017-05-15,"<0,020"
NI15-Ö29,6656868.85,161021.5,NI15-Ö29,Grab sample,2017-05-15,"<0,020"
NI15-Ö30,6656897.07,160993.06,#64 - NI15-Ö9,Grab sample,2017-05-15,6.3
NI15-Ö31,6656924.63,160946.14,#40 - NI-12,Grab sample,2017-05-15,19
NI15-Ö32,6656942.37,160935.27,#71 - nedströms NI16-Ö8,Grab sample,2017-05-15,17
NI15-Ö33,6656943.166,160907.726,#6 - Nedstrøms NI15-Ö18,Grab sample,2017-05-15,16
NI15-Ö34,6656930.75,160894.85,NI15-Ö34,Grab sample,2017-05-15,230
NI15-Ö35,6656923.22,160897.84,NI15-Ö35,Grab sample,2017-05-15,17
NI15-Ö36,6656898.69,160880.45,#68 - NI16-Ö21,Grab sample,2017-05-15,19
NI15-Ö37,6656871.72,160821.78,#81 - NI15-Ö37,Grab sample,2017-05-15,18
NI15-Ö38,6656895.12,160805.24,#80 - NI15-Ö38,Grab sample,2017-05-15,23
NI15-Ö39,6656903.98,160767.87,#9 - NI15-Ö48,Grab sample,2017-05-15,45
NI15-Ö40,6656920.487,160783.535,#56 - NI16-Ö4,Grab sample,2017-05-15,650
NI15-Ö41,6656921.408,160795.945,NI15-Ö41,Grab sample,2017-05-15,1800
NI15-Ö42A,6656904.5,160780.6,NI15-Ö42A,Grab sample,2017-05-15,650
NI15-Ö43,6656903.398,160674.984,#10 - Betong tröskel,Grab sample,2017-05-15,33
NI16-Ö11,6656955.15,160944.9147,NI16-Ö11,Grab sample,2017-05-15,19
NI16-Ö13,6656916.13,160986.1,NI16-Ö13,Grab sample,2017-05-15,68
NI17-Ö1,6656871.143,161006.4181,#49 - NI-6,Grab sample,2017-05-15,0.095
NI17-Ö10,6656901.717,160779.4564,NI17-Ö10,Grab sample,2017-05-15,36
NI17-Ö11,6656908.825,160772.9705,NI17-Ö11,Grab sample,2017-05-15,430
NI17-Ö12,6656915.666,160778.1237,NI17-Ö12,Grab sample,2017-05-15,520
NI17-Ö13,6656921.352,160788.3412,NI17-Ö13,Grab sample,2017-05-15,1400
NI17-Ö14,6656907.226,160727.3024,#69 - uppströms betontroskel,Grab sample,2017-05-15,39
NI17-Ö15,6656889.189,160629.4803,NI17-Ö15,Grab sample,2017-05-15,30
NI17-Ö16,6657374.568,159886.6191,#11 - Sø nedstrøms - recipient,Grab sample,2017-05-15,8
NI17-Ö2,6656876.928,160994.6916,NI17-Ö2,Grab sample,2017-05-15,3.8
NI17-Ö3,6656882.437,160997.357,#3 - NI15-Ö1,Grab sample,2017-05-15,1.9
NI17-Ö4,6656901.717,160989.8049,NI17-Ö4,Grab sample,2017-05-15,25
NI17-Ö5,6656909.18,160983.319,NI17-Ö5,Grab sample,2017-05-15,24
NI17-Ö6,6656914.067,160977.455,NI17-Ö6,Grab sample,2017-05-15,18
NI17-Ö7,6656880.127,160817.3502,#8 - NI15-Ö20,Grab sample,2017-05-15,20
NI17-Ö8,6656890.078,160809.7093,NI17-Ö8,Grab sample,2017-05-15,22
NI17-Ö9,6656898.252,160792.0729,NI17-Ö9,Grab sample,2017-05-15,37
U1a-00,6656884.585,160999,U1a-00,Grab sample,2017-05-15,9.7
U1a-01,6656883.636,160999.3,U1a-01,Grab sample,2017-05-15,9.3
U1a-02,6656882.687,160999.6,U1a-02,Grab sample,2017-05-15,7.9
U1a-03,6656881.744,160999.9,U1a-03,Grab sample,2017-05-15,15
U1a-04,6656881.243,160999,U1a-04,Grab sample,2017-05-15,16
U1a-05,6656880.742,160998.2,U1a-05,Grab sample,2017-05-15,22
U1a-06,6656880.241,160997.3,U1a-06,Grab sample,2017-05-15,25
U1a-07,6656880.035,160996.3,U1a-07,Grab sample,2017-05-15,19
U1a-08,6656879.771,160995.4,U1a-08,Grab sample,2017-05-15,3.9
U1a-09,6656878.935,160995,U1a-09,Grab sample,2017-05-15,2
U1a-10,6656878.094,160995.5,U1a-10,Grab sample,2017-05-15,2.6
U1a-11,6656877.6,160996.3,U1a-11,Grab sample,2017-05-15,11
U1a-12,6656877.106,160997.2,U1a-12,Grab sample,2017-05-15,12
U1a-13,6656876.612,160998.1,U1a-13,Grab sample,2017-05-15,5.1
U1a-14,6656876.118,160998.9,U1a-14,Grab sample,2017-05-15,2.6
U1a-15,6656875.624,160999.8,U1a-15,Grab sample,2017-05-15,3.2
U1a-16,6656875.13,161000.7,U1a-16,Grab sample,2017-05-15,78
U1a-17,6656874.636,161001.6,U1a-17,Grab sample,2017-05-15,26
U1a-18,6656874.221,161002.5,U1a-18,Grab sample,2017-05-15,14
U1a-19,6656873.832,161003.4,U1a-19,Grab sample,2017-05-15,9.2
U1a-20,6656873.444,161004.3,U1a-20,Grab sample,2017-05-15,0.75
U1a-21,6656873.055,161005.2,U1a-21,Grab sample,2017-05-15,0.96
U1a-22,6656872.666,161006.2,U1a-22,Grab sample,2017-05-15,3.5
U1b-00,6656895.9,160995.53,U1b-00,Grab sample,2017-05-15,7.6
U1b-01,6656896.89,160995.37,U1b-01,Grab sample,2017-05-15,11
U1b-02,6656897.86,160995.13,U1b-02,Grab sample,2017-05-15,8.3
U1b-03,6656898.75,160994.67,U1b-03,Grab sample,2017-05-15,11
U1b-04,6656899.61,160994.18,U1b-04,Grab sample,2017-05-15,9.3
U1b-05,6656900.02,160993.26,U1b-05,Grab sample,2017-05-15,6.6
U1b-06,6656900.44,160992.35,U1b-06,Grab sample,2017-05-15,18
U1b-07,6656900.97,160991.51,U1b-07,Grab sample,2017-05-15,10
U1b-08,6656901.63,160990.76,U1b-08,Grab sample,2017-05-15,58
U1b-09,6656902.46,160990.43,U1b-09,Grab sample,2017-05-15,33
U1b-10,6656903.39,160990.42,U1b-10,Grab sample,2017-05-15,33
U1b-11,6656904.07,160989.69,U1b-11,Grab sample,2017-05-15,34
U1b-12,6656904.74,160988.95,U1b-12,Grab sample,2017-05-15,34
U1b-13,6656905.48,160988.28,U1b-13,Grab sample,2017-05-15,33
U1b-14,6656906.26,160987.65,U1b-14,Grab sample,2017-05-15,18
U1b-15,6656907.04,160987.02,U1b-15,Grab sample,2017-05-15,18
U1b-16,6656907.83,160986.41,U1b-16,Grab sample,2017-05-15,15
U1b-17,6656908.72,160985.96,U1b-17,Grab sample,2017-05-15,20
U1b-18,6656909.63,160985.55,U1b-18,Grab sample,2017-05-15,19
U1b-19,6656910.3,160984.85,U1b-19,Grab sample,2017-05-15,23
U1b-20,6656910.62,160983.9,U1b-20,Grab sample,2017-05-15,21
U1b-21,6656911,160983.45,U1b-21,Grab sample,2017-05-15,20
U1b-22,6656911.46,160982.87,U1b-22,Grab sample,2017-05-15,18
U1b-23,6656911.88,160982.41,U1b-23,Grab sample,2017-05-15,20
U1b-24,6656912.31,160981.91,U1b-24,Grab sample,2017-05-15,18
U1b-25,6656912.98,160981.17,U1b-25,Grab sample,2017-05-15,31
U1b-26,6656913.65,160980.43,U1b-26,Grab sample,2017-05-15,20
U1b-27,6656894.59,160991.93,U1b-27,Grab sample,2017-05-15,5
U1b-28,6656895.5,160991.51,U1b-28,Grab sample,2017-05-15,12
U1b-29,6656896.41,160991.09,U1b-29,Grab sample,2017-05-15,25
U1b-30,6656897.34,160990.73,U1b-30,Grab sample,2017-05-15,7.6
U1b-31,6656898.24,160990.35,U1b-31,Grab sample,2017-05-15,9.6
U1b-32,6656898.64,160989.46,U1b-32,Grab sample,2017-05-15,16
U1b-33,6656899.14,160988.66,U1b-33,Grab sample,2017-05-15,35
U1b-34,6656899.91,160988.02,U1b-34,Grab sample,2017-05-15,110
U1b-35,6656900.68,160987.38,U1b-35,Grab sample,2017-05-15,52
U1b-36,6656901.44,160986.74,U1b-36,Grab sample,2017-05-15,42
U1b-37,6656902.21,160986.1,U1b-37,Grab sample,2017-05-15,100
U1b-38,6656903,160985.48,U1b-38,Grab sample,2017-05-15,46
U1b-39,6656903.78,160984.86,U1b-39,Grab sample,2017-05-15,56
U1b-40,6656904.57,160984.25,U1b-40,Grab sample,2017-05-15,33
U1b-41,6656905.37,160983.64,U1b-41,Grab sample,2017-05-15,31
U1b-42,6656906.16,160983.04,U1b-42,Grab sample,2017-05-15,28
U1b-43,6656906.96,160982.43,U1b-43,Grab sample,2017-05-15,22
U1b-44,6656907.43,160981.56,U1b-44,Grab sample,2017-05-15,22
U1b-45,6656907.81,160980.64,U1b-45,Grab sample,2017-05-15,23
U1b-46,6656908.29,160979.78,U1b-46,Grab sample,2017-05-15,21
U1b-47,6656909.04,160979.13,U1b-47,Grab sample,2017-05-15,23
U1b-48,6656909.87,160978.58,U1b-48,Grab sample,2017-05-15,22
U1b-49,6656910.55,160977.87,U1b-49,Grab sample,2017-05-15,20
U1b-50,6656911.03,160977,U1b-50,Grab sample,2017-05-15,21
U1b-51,6656911.54,160976.14,U1b-51,Grab sample,2017-05-15,21
U3-00,6656907.12,160764.78,U3-00,Grab sample,2017-05-15,45
U3-01,6656907.11,160765.47,U3-01,Grab sample,2017-05-15,49
U3-02,6656907.1,160766.47,U3-02,Grab sample,2017-05-15,59
U3-03,6656907.08,160767.47,U3-03,Grab sample,2017-05-15,45
U3-04,6656907.07,160768.47,U3-04,Grab sample,2017-05-15,50
U3-05,6656907.05,160769.47,U3-05,Grab sample,2017-05-15,65
U3-06,6656907.04,160770.47,U3-06,Grab sample,2017-05-15,66
U3-07,6656907.02,160771.47,U3-07,Grab sample,2017-05-15,77
U3-08,6656906.89,160772.46,U3-08,Grab sample,2017-05-15,40
U3-09,6656906.76,160773.46,U3-09,Grab sample,2017-05-15,50
U3-10,6656906.58,160774.43,U3-10,Grab sample,2017-05-15,62
U3-11,6656906.07,160775.29,U3-11,Grab sample,2017-05-15,64
U3-12,6656905.56,160776.15,U3-12,Grab sample,2017-05-15,61
U3-13,6656905.05,160777.01,U3-13,Grab sample,2017-05-15,110
U3-14,6656904.54,160777.87,U3-14,Grab sample,2017-05-15,110
U3-15,6656904.02,160778.73,U3-15,Grab sample,2017-05-15,160
U3-16,6656903.7,160779.67,U3-16,Grab sample,2017-05-15,74
U3-17,6656903.39,160780.62,U3-17,Grab sample,2017-05-15,690
U3-18,6656903.08,160781.57,U3-18,Grab sample,2017-05-15,38
U3-19,6656902.77,160782.52,U3-19,Grab sample,2017-05-15,40
U3-20,6656902.46,160783.47,U3-20,Grab sample,2017-05-15,40
U3-21,6656902.15,160784.42,U3-21,Grab sample,2017-05-15,51
U3-22,6656901.92,160785.4,U3-22,Grab sample,2017-05-15,75
U3-23,6656901.7,160786.37,U3-23,Grab sample,2017-05-15,38
U3-24,6656901.49,160787.35,U3-24,Grab sample,2017-05-15,63
U3-25,6656901.27,160788.33,U3-25,Grab sample,2017-05-15,80
U3-26,6656901.05,160789.3,U3-26,Grab sample,2017-05-15,230
U3-27,6656900.84,160790.28,U3-27,Grab sample,2017-05-15,140
U3-28,6656900.62,160791.26,U3-28,Grab sample,2017-05-15,220
U3-29,6656900.44,160792.24,U3-29,Grab sample,2017-05-15,170
U3-30,6656900.26,160793.22,U3-30,Grab sample,2017-05-15,780
U3-31,6656900.09,160794.21,U3-31,Grab sample,2017-05-15,53
U3-32,6656899.91,160795.19,U3-32,Grab sample,2017-05-15,95
U3-33,6656899.73,160796.18,U3-33,Grab sample,2017-05-15,35
U3-34,6656899.55,160797.16,U3-34,Grab sample,2017-05-15,47
U3-35,6656899.33,160798.14,U3-35,Grab sample,2017-05-15,26
U3-36,6656899.12,160799.11,U3-36,Grab sample,2017-05-15,29
U3-37,6656898.9,160800.09,U3-37,Grab sample,2017-05-15,29
U3-38,6656898.69,160801.06,U3-38,Grab sample,2017-05-15,37
U3-39,6656898.47,160802.04,U3-39,Grab sample,2017-05-15,51
U3-40,6656898.25,160803.02,U3-40,Grab sample,2017-05-15,22
U3-41,6656898.04,160803.99,U3-41,Grab sample,2017-05-15,24
U3-42,6656897.82,160804.97,U3-42,Grab sample,2017-05-15,22
U3-43,6656897.61,160805.95,U3-43,Grab sample,2017-05-15,23
U3-44,6656897.34,160806.9,U3-44,Grab sample,2017-05-15,18
U3-45,6656896.6,160807.57,U3-45,Grab sample,2017-05-15,18
U3-46,6656895.87,160808.24,U3-46,Grab sample,2017-05-15,18
U3-47,6656895.13,160808.92,U3-47,Grab sample,2017-05-15,18
U3-48,6656894.39,160809.59,U3-48,Grab sample,2017-05-15,18
U3-49,6656893.63,160810.25,U3-49,Grab sample,2017-05-15,18
U3-50,6656892.88,160810.9,U3-50,Grab sample,2017-05-15,18
U3-51,6656892.12,160811.55,U3-51,Grab sample,2017-05-15,17
U3-52,6656891.36,160812.2,U3-52,Grab sample,2017-05-15,17
U3-53,6656890.6,160812.86,U3-53,Grab sample,2017-05-15,17
U3-54,6656889.84,160813.51,U3-54,Grab sample,2017-05-15,18
U3-55,6656889.08,160814.16,U3-55,Grab sample,2017-05-15,17
U3-56,6656888.32,160814.81,U3-56,Grab sample,2017-05-15,19
U3-57,6656887.59,160815.49,U3-57,Grab sample,2017-05-15,19
U3-58,6656886.86,160816.17,U3-58,Grab sample,2017-05-15,18
U3-59,6656886.12,160816.85,U3-59,Grab sample,2017-05-15,18
U3-60,6656885.39,160817.53,U3-60,Grab sample,2017-05-15,19
U3-61,6656884.66,160818.21,U3-61,Grab sample,2017-05-15,20
U3-62,6656883.88,160818.82,U3-62,Grab sample,2017-05-15,18
U3-63,6656882.96,160819.22,U3-63,Grab sample,2017-05-15,21
U3-64,6656882.04,160819.62,U3-64,Grab sample,2017-05-15,21
U3-65,6656881.13,160820.02,U3-65,Grab sample,2017-05-15,20
U3-66,6656880.21,160820.42,U3-66,Grab sample,2017-05-15,22
U3-67,6656879.29,160820.81,U3-67,Grab sample,2017-05-15,19
U3-68,6656878.36,160821.17,U3-68,Grab sample,2017-05-15,19
U3-69,6656877.43,160821.54,U3-69,Grab sample,2017-05-15,18
U3-70,6656876.5,160821.9,U3-70,Grab sample,2017-05-15,18
NI15-Ö29,6656868.85,161021.5,NI15-Ö29,Grab sample,2017-01-30,0.029
NI15-Ö30,6656897.07,160993.06,NI15-Ö30,Grab sample,2017-01-30,2.6
NI15-Ö31,6656924.63,160946.14,NI15-Ö31,Grab sample,2017-01-30,8.4
NI15-Ö32,6656942.37,160935.27,NI15-Ö32,Grab sample,2017-01-30,7.7
NI16-Ö13,6656916.13,160986.1,NI16-Ö13,Piezometer,2017-01-30,34
NI15-Ö1,6656881.177,160996.519,NI15-Ö1,Piezometer,2016-11-21,10000
NI15-Ö11,6656880.616,160997.242,NI15-Ö11,Piezometer,2016-11-21,9500
NI15-Ö12,6656881.711,160996.141,NI15-Ö12,Piezometer,2016-11-21,9200
NI15-Ö19,6656877.166,160818.965,NI15-Ö19,Piezometer,2016-11-21,2100
NI15-Ö2,6656877.195,160994.12,NI15-Ö2,Piezometer,2016-11-21,12
NI15-Ö20,6656880.535,160817.801,NI15-Ö20,Piezometer,2016-11-21,770
NI15-Ö22,6656883.565,160815.789,NI15-Ö22,Piezometer,2016-11-21,710
NI15-Ö24,6656885.627,160813.45,NI15-Ö24,Piezometer,2016-11-21,2300
NI15-Ö25,6656890.64,160809.295,NI15-Ö25,Piezometer,2016-11-21,0.18
NI15-Ö26,6657066.322,161138.16,NI15-Ö26,Grab sample,2016-11-21,"<0,020"
NI15-Ö28,6656872.18,161069.306,NI15-Ö28,Grab sample,2016-11-21,"<0,020"
NI15-Ö28A,6656867.34,161044.47,NI15-Ö28A,Grab sample,2016-11-21,"<0,020"
NI15-Ö28B,6656868.34,161044.47,NI15-Ö28B,Grab sample,2016-11-21,"<0,020"
NI15-Ö29,6656868.85,161021.5,NI15-Ö29,Grab sample,2016-11-21,"<0,020"
NI15-Ö3,6656875.736,160993.881,NI15-Ö3,Piezometer,2016-11-21,0.14
NI15-Ö30,6656897.07,160993.06,NI15-Ö30,Grab sample,2016-11-21,4.7
NI15-Ö31,6656924.63,160946.14,NI15-Ö31,Grab sample,2016-11-21,13
NI15-Ö32,6656942.37,160935.27,NI15-Ö32,Grab sample,2016-11-21,13
NI15-Ö33,6656943.166,160907.726,NI15-Ö33,Grab sample,2016-11-21,15
NI15-Ö34,6656930.75,160894.85,NI15-Ö34,Grab sample,2016-11-21,450
NI15-Ö35,6656923.22,160897.84,NI15-Ö35,Grab sample,2016-11-21,14
NI15-Ö36,6656898.69,160880.45,NI15-Ö36,Grab sample,2016-11-21,15
NI15-Ö37,6656871.72,160821.78,NI15-Ö37,Grab sample,2016-11-21,16
NI15-Ö38,6656895.12,160805.24,NI15-Ö38,Grab sample,2016-11-21,23
NI15-Ö39,6656903.98,160767.87,NI15-Ö39,Grab sample,2016-11-21,29
NI15-Ö40,6656920.487,160783.535,NI15-Ö40,Grab sample,2016-11-21,490
NI15-Ö41,6656921.408,160795.945,NI15-Ö41,Grab sample,2016-11-21,2300
NI15-Ö42A,6656904.5,160780.6,NI15-Ö42A,Grab sample,2016-11-21,470
NI15-Ö43,6656903.398,160674.984,NI15-Ö43,Grab sample,2016-11-21,31
NI15-Ö44,6656902.07,160989.29,NI15-Ö44,Piezometer,2016-11-21,810
NI15-Ö45,6656905.01,160986.8,NI15-Ö45,Piezometer,2016-11-21,30
NI15-Ö47,6656924.15,160898.41,NI15-Ö47,Piezometer,2016-11-21,360
NI15-Ö48,6656905.54,160770.48,NI15-Ö48,Piezometer,2016-11-21,44
NI15-Ö6,6656870.804,161007.159,NI15-Ö6,Piezometer,2016-11-21,820
NI15-Ö8,6656869.585,161022.65,NI15-Ö8a,Piezometer,2016-11-21,9.6
NI15-Ö9,6656898.167,160992.856,NI15-Ö9,Piezometer,2016-11-21,57
NI16-Ö1,6656930.75,160894.85,NI16-Ö1,Piezometer,2016-11-21,880
NI16-Ö11,6656955.15,160944.9147,NI16-Ö11,Grab sample,2016-11-21,84
NI16-Ö13,6656916.13,160986.1,NI16-Ö13,Grab sample,2016-11-21,95
NI16-Ö14,6656935.07,160883.8,NI16-Ö14,Piezometer,2016-11-21,0.091
NI16-Ö15,6656909.62,160873.18,NI16-Ö15,Piezometer,2016-11-21,1.3
NI16-Ö16,6656895.49,160847.49,NI16-Ö16,Piezometer,2016-11-21,0.026
NI16-Ö17,6656901.94,160827.14,NI16-Ö17,Piezometer,2016-11-21,0.06
NI16-Ö18,6656894.31,160813.33,NI16-Ö18,Piezometer,2016-11-21,0.022
NI16-Ö19,6656905.33,160784.28,NI16-Ö19,Piezometer,2016-11-21,590
NI16-Ö2,6656927.63,160895.94,NI16-Ö2,Piezometer,2016-11-21,53
NI16-Ö20,6656877.15,160849.81,NI16-Ö20,Piezometer,2016-11-21,25
NI16-Ö21,6656888.53,160870.59,NI16-Ö21,Piezometer,2016-11-21,74
NI16-Ö22,6656907.77,160887.11,NI16-Ö22,Piezometer,2016-11-21,1400
NI16-Ö25,6656900.5,160792.54,NI16-Ö25,Grab sample,2016-11-21,1100
NI16-Ö26,6656926.86,160877.25,NI16-Ö26,Piezometer,2016-11-21,11
NI16-Ö27,6656903.73,160862.84,NI16-Ö27,Piezometer,2016-11-21,"<0,020"
NI16-Ö28,6656878.8,160826.94,NI16-Ö28,Piezometer,2016-11-21,0.87
NI16-Ö29,6656910.43,160822.7,NI16-Ö29,Piezometer,2016-11-21,"<0,020"
NI16-Ö3,6656921.16,160795.67,NI16-Ö3,Piezometer,2016-11-21,2600
NI16-Ö30,6656904.29,160803.26,NI16-Ö30,Piezometer,2016-11-21,0.066
NI16-Ö31,6656900.56,160997.29,NI16-Ö31,Piezometer,2016-11-21,560
NI16-Ö32,6656906.89,160978.54,NI16-Ö32,Piezometer,2016-11-21,"<0,020"
NI16-Ö33,6656896.54,160989.63,NI16-Ö33,Piezometer,2016-11-21,150
NI16-Ö34,6656902.39,160983.47,NI16-Ö34,Piezometer,2016-11-21,7.1
NI16-Ö35,6656908.7,160991.49,NI16-Ö35,Piezometer,2016-11-21,310
NI16-Ö36,6656912.47,160987.7,NI16-Ö36,Piezometer,2016-11-21,810
NI16-Ö37,6656901.56,160975.67,NI16-Ö37,Piezometer,2016-11-21,11
NI16-Ö39,6656913.77,160894.95,NI16-Ö39,Piezometer,2016-11-21,91
NI16-Ö4,6656921.09,160783.53,NI16-Ö4,Piezometer,2016-11-21,2.8
NI16-Ö40,6656908.18,160890.39,NI16-Ö40,Piezometer,2016-11-21,640
NI16-Ö41,6656900.41,160884.09,NI16-Ö41,Piezometer,2016-11-21,1400
NI16-Ö42,6656868.32,160839.09,NI16-Ö42,Piezometer,2016-11-21,0.29
NI16-Ö43,6656878.38,160839.06,NI16-Ö43,Piezometer,2016-11-21,600
NI16-Ö44,6656884.83,160829.35,NI16-Ö44,Piezometer,2016-11-21,0.83
NI16-Ö45,6656890.26,160821.15,NI16-Ö45,Piezometer,2016-11-21,0.031
NI16-Ö46,6656893.92,160834.12,NI16-Ö46,Piezometer,2016-11-21,0.13
NI16-Ö47,6656866.48,160814.62,NI16-Ö47,Piezometer,2016-11-21,0.39
NI16-Ö48,6656878.28,160812.86,NI16-Ö48,Piezometer,2016-11-21,490
NI16-Ö49,6656883.16,160809.26,NI16-Ö49,Piezometer,2016-11-21,300
NI16-Ö5,6656908.33,160773.45,NI16-Ö5,Piezometer,2016-11-21,8.7
NI16-Ö50,6656889.62,160801.16,NI16-Ö50,Piezometer,2016-11-21,240
NI16-Ö51,6656907.43,160813.75,NI16-Ö51,Piezometer,2016-11-21,14
NI16-Ö52,6656915.05,160810.38,NI16-Ö52,Piezometer,2016-11-21,2500
NI16-Ö53,6656915.57,160824.04,NI16-Ö53,Piezometer,2016-11-21,240
NI16-Ö6,6656903.3,160780,NI16-Ö6,Piezometer,2016-11-21,11
NI16-Ö7,6656875.39,160819.8,NI16-Ö7,Piezometer,2016-11-21,2000
Minitracer 1,,,Minitracer 1 (kranvatten),x_Tracer,2016-09-13,0.11
NI15-Ö26,6657066.322,161138.16,NI15-Ö26,Grab sample,2016-09-13,"<0,020"
NI15-Ö28,6656872.18,161069.306,NI15-Ö28,Grab sample,2016-09-13,"<0,020"
NI15-Ö28A,6656867.34,161044.47,NI15-Ö28A,Grab sample,2016-09-13,"<0,020"
NI15-Ö29,6656868.85,161021.5,NI15-Ö29,Grab sample,2016-09-13,"<0,020"
NI15-Ö30,6656897.07,160993.06,NI15-Ö30,Grab sample,2016-09-13,4.4
NI15-Ö31,6656924.63,160946.14,NI15-Ö31,Grab sample,2016-09-13,12
NI16-Ö14,6656935.07,160883.8,NI16-Ö14,Piezometer,2016-09-13,0.085
NI16-Ö15,6656909.62,160873.18,NI16-Ö15,Piezometer,2016-09-13,210
NI16-Ö16,6656895.49,160847.49,NI16-Ö16,Piezometer,2016-09-13,0.28
NI16-Ö17,6656901.94,160827.14,NI16-Ö17,Piezometer,2016-09-13,0.15
NI16-Ö18,6656894.31,160813.33,NI16-Ö18,Piezometer,2016-09-13,"<0,020"
NI16-Ö19,6656905.33,160784.28,NI16-Ö19,Piezometer,2016-09-13,400
NI16-Ö27,6656903.73,160862.84,NI16-Ö27,Piezometer,2016-09-13,"<0,020"
NI16-Ö28,6656878.8,160826.94,NI16-Ö28,Piezometer,2016-09-13,2.8
NI16-Ö29,6656910.43,160822.7,NI16-Ö29,Piezometer,2016-09-13,2400
NI16-Ö30,6656904.29,160803.26,NI16-Ö30,Piezometer,2016-09-13,0.17
NI16-Ö31,6656900.56,160997.29,VP2,Piezometer,2016-09-13,400
NI15-Ö1,6656881.177,160996.519,NI15-Ö1,Piezometer,2016-09-12,1700
NI15-Ö32,6656942.37,160935.27,NI15-Ö32,Grab sample,2016-09-12,16
NI15-Ö33,6656943.166,160907.726,NI15-Ö33,Grab sample,2016-09-12,17
NI15-Ö34,6656930.75,160894.85,NI15-Ö34,Grab sample,2016-09-12,250
NI15-Ö35,6656923.22,160897.84,NI15-Ö35,Grab sample,2016-09-12,15
NI15-Ö36,6656898.69,160880.45,NI15-Ö36,Grab sample,2016-09-12,18
NI15-Ö37,6656871.72,160821.78,NI15-Ö37,Grab sample,2016-09-12,20
NI15-Ö38,6656895.12,160805.24,NI15-Ö38,Grab sample,2016-09-12,48
NI15-Ö39,6656903.98,160767.87,NI15-Ö39,Grab sample,2016-09-12,40
NI15-Ö40,6656920.487,160783.535,N15-Ö40,Grab sample,2016-09-12,740
NI15-Ö41,6656921.408,160795.945,NI15-Ö41,Grab sample,2016-09-12,250
NI15-Ö42A,6656904.5,160780.6,NI15-Ö42A,Grab sample,2016-09-12,40
NI15-Ö43,6656903.398,160674.984,NI15-Ö43,Grab sample,2016-09-12,40
NI15-Ö44,6656902.07,160989.29,NI15-Ö44,Piezometer,2016-09-12,730
NI16-Ö26,6656926.86,160877.25,NI16-Ö26,Piezometer,2016-09-12,4.2
NI15-Ö1,6656881.177,160996.519,NI15-Ö1,Piezometer,2016-06-17,8100
NI15-Ö1,6656881.177,160996.519,NI15-Ö1,Piezometer,2016-06-17,8200
NI15-Ö10,6656882.251,160999.744,NI15-Ö10,Piezometer,2016-06-17,2900
NI15-Ö11,6656880.616,160997.242,NI15-Ö11,Piezometer,2016-06-17,7200
NI15-Ö12,6656881.711,160996.141,NI15-Ö12,Piezometer,2016-06-17,4100
NI15-Ö14,6656950.96,160913.314,NI15-Ö14,Piezometer,2016-06-17,470
NI15-Ö15,6656951.921,160918.647,NI15-Ö15,Piezometer,2016-06-17,0.67
NI15-Ö16,6656956,160924.1,NI15-Ö16,Piezometer,2016-06-17,8.1
NI15-Ö16,6656956,160924.1,NI15-Ö16 (15. juni),Piezometer,2016-06-17,17
NI15-Ö16-biflöde,6656956,160925.1,NI15-Ö16-tilløb,Grab sample,2016-06-17,8.2
NI15-Ö17,6656961.799,160920.153,NI15-Ö17,Piezometer,2016-06-17,68
NI15-Ö17,6656961.799,160920.153,NI15-Ö17 (15. juni),Piezometer,2016-06-17,180
NI15-Ö18,6656958.729,160913.484,NI15-Ö18,Piezometer,2016-06-17,170
NI15-Ö19,6656877.166,160818.965,NI15-Ö19,Piezometer,2016-06-17,1200
NI15-Ö2,6656877.195,160994.12,NI15-Ö2,Piezometer,2016-06-17,21
NI15-Ö20,6656880.535,160817.801,NI15-Ö20,Piezometer,2016-06-17,350
NI15-Ö22,6656883.565,160815.789,NI15-Ö22,Piezometer,2016-06-17,410
NI15-Ö24,6656885.627,160813.45,NI15-Ö24,Piezometer,2016-06-17,540
NI15-Ö25,6656890.64,160809.295,NI15-Ö25,Piezometer,2016-06-17,3
NI15-Ö26,6657066.322,161138.16,NI15-Ö26,Grab sample,2016-06-17,"<0,020"
NI15-Ö27,6657001.735,161098.632,NI15-Ö27,Grab sample,2016-06-17,"<0,020"
NI15-Ö28,6656872.18,161069.306,NI15-Ö28,Grab sample,2016-06-17,0.024
NI15-Ö29,6656868.85,161021.5,NI15-Ö29,Grab sample,2016-06-17,0.048
NI15-Ö3,6656875.736,160993.881,NI15-Ö3,Piezometer,2016-06-17,2.5
NI15-Ö30,6656897.07,160993.06,NI15-Ö30,Grab sample,2016-06-17,12
NI15-Ö31,6656924.63,160946.14,NI15-Ö31,Grab sample,2016-06-17,31
NI15-Ö32,6656942.37,160935.27,NI15-Ö32,Grab sample,2016-06-17,29
NI15-Ö33,6656943.166,160907.726,NI15-Ö33,Grab sample,2016-06-17,39
NI15-Ö34,6656930.75,160894.85,NI15-Ö34,Grab sample,2016-06-17,230
NI15-Ö35,6656923.22,160897.84,NI15-Ö35,Grab sample,2016-06-17,31
NI15-Ö36,6656898.69,160880.45,NI15-Ö36,Grab sample,2016-06-17,37
NI15-Ö37,6656871.72,160821.78,NI15-Ö37,Grab sample,2016-06-17,37
NI15-Ö38,6656895.12,160805.24,NI15-Ö38,Grab sample,2016-06-17,59
NI15-Ö39,6656903.98,160767.87,NI15-Ö39,Grab sample,2016-06-17,79
NI15-Ö4,6656876.345,160996.921,NI15-Ö4,Piezometer,2016-06-17,4000
NI15-Ö40,6656920.487,160783.535,NI15-Ö40,Grab sample,2016-06-17,200
NI15-Ö41,6656921.408,160795.945,NI15-Ö41,Grab sample,2016-06-17,1500
NI15-Ö42A,6656904.5,160780.6,NI15-Ö42A,Grab sample,2016-06-17,630
NI15-Ö43,6656903.398,160674.984,NI15-Ö43,Grab sample,2016-06-17,69
NI15-Ö44,6656902.07,160989.29,NI15-Ö44,Piezometer,2016-06-17,660
NI15-Ö45,6656905.01,160986.8,NI15-Ö45,Piezometer,2016-06-17,46
NI15-Ö46,6656962.48,160918.9,NI15-Ö46,Piezometer,2016-06-17,58
NI15-Ö47,6656924.15,160898.41,NI15-Ö47,Piezometer,2016-06-17,300
NI15-Ö48,6656905.54,160770.48,NI15-Ö48,Piezometer,2016-06-17,120
NI15-Ö6,6656870.804,161007.159,NI15-Ö6,Piezometer,2016-06-17,370
NI15-Ö8,6656869.585,161022.65,NI15-Ö8,Piezometer,2016-06-17,43
NI16-Ö1,6656930.75,160894.85,NI16-Ö1,Piezometer,2016-06-17,1200
NI16-Ö10,6656949.46,160952.43,NI16-Ö10,Piezometer,2016-06-17,1.8
NI16-Ö11,6656955.15,160944.9147,NI16-Ö11,Grab sample,2016-06-17,91
NI16-Ö13,6656916.13,160986.1,NI16-Ö13,Grab sample,2016-06-17,83
NI16-Ö14,6656935.07,160883.8,NI16-Ö14,Piezometer,2016-06-17,0.099
NI16-Ö15,6656909.62,160873.18,NI16-Ö15,Piezometer,2016-06-17,190
NI16-Ö16,6656895.49,160847.49,NI16-Ö16,Piezometer,2016-06-17,"<0,020"
NI16-Ö17,6656901.94,160827.14,NI16-Ö17,Piezometer,2016-06-17,0.78
NI16-Ö18,6656894.31,160813.33,NI16-Ö18,Piezometer,2016-06-17,0.025
NI16-Ö19,6656905.33,160784.28,NI16-Ö19,Piezometer,2016-06-17,380
NI16-Ö2,6656927.63,160895.94,NI16-Ö2,Piezometer,2016-06-17,130
NI16-Ö20,6656877.15,160849.81,NI16-Ö20,Piezometer,2016-06-17,8.5
NI16-Ö21,6656888.53,160870.59,NI16-Ö21,Piezometer,2016-06-17,760
NI16-Ö22,6656907.77,160887.11,NI16-Ö22,Piezometer,2016-06-17,4100
NI16-Ö23,6657065.94,161149.32,NI16-Ö23,Piezometer,2016-06-17,"<0,020"
NI16-Ö24,6656920.64,160809.3,NI16-Ö24,Grab sample,2016-06-17,470
NI16-Ö25,6656900.5,160792.54,NI16-Ö25,Grab sample,2016-06-17,2500
NI16-Ö26,6656926.86,160877.25,NI16-Ö26,Piezometer,2016-06-17,11
NI16-Ö27,6656903.73,160862.84,NI16-Ö27,Piezometer,2016-06-17,0.028
NI16-Ö28,6656878.8,160826.94,NI16-Ö28,Piezometer,2016-06-17,1900
NI16-Ö29,6656910.43,160822.7,NI16-Ö29,Piezometer,2016-06-17,420
NI16-Ö3,6656921.16,160795.67,NI16-Ö3,Piezometer,2016-06-17,1600
NI16-Ö4,6656921.09,160783.53,NI16-Ö4,Piezometer,2016-06-17,2.8
NI16-Ö5,6656908.33,160773.45,NI16-Ö5,Piezometer,2016-06-17,8.1
NI16-Ö6,6656903.3,160780,NI16-Ö6,Piezometer,2016-06-17,10
NI16-Ö7,6656875.39,160819.8,NI16-Ö7,Piezometer,2016-06-17,1200
NI16-Ö8,6656952.19,160946.74,NI16-Ö8,Piezometer,2016-06-17,44
NI16-Ö9,6656951.93,160951.21,NI16-Ö9,Piezometer,2016-06-17,1.1
Gl_brunn,6656936.327,160972.409,Gl_brunn,Brunn,2016-02-26,3.2
NI15-Ö26,6657066.322,161138.16,NI15-Ö26,Grab sample,2016-02-26,"<0,020"
NI15-Ö28,6656872.18,161069.306,NI15-Ö28,Grab sample,2016-02-26,"<0,020"
NI15-Ö28A,6656867.34,161044.47,NI15-Ö28A,Grab sample,2016-02-26,"<0,020"
NI15-Ö29,6656868.85,161021.5,NI15-Ö29,Grab sample,2016-02-26,"<0,020"
NI15-Ö30,6656897.07,160993.06,NI15-Ö30,Grab sample,2016-02-26,6.7
NI15-Ö31,6656924.63,160946.14,NI15-Ö31,Grab sample,2016-02-26,15
NI15-Ö32,6656942.37,160935.27,NI15-Ö32,Grab sample,2016-02-26,15
NI15-Ö33,6656943.166,160907.726,NI15-Ö33,Grab sample,2016-02-26,18
NI15-Ö34,6656930.75,160894.85,NI15-Ö34,Grab sample,2016-02-26,380
NI15-Ö35,6656923.22,160897.84,NI15-Ö35,Grab sample,2016-02-26,17
NI15-Ö36,6656898.69,160880.45,NI15-Ö36,Grab sample,2016-02-26,23
NI15-Ö37,6656871.72,160821.78,NI15-Ö37,Grab sample,2016-02-26,23
NI15-Ö38,6656895.12,160805.24,NI15-Ö38,Grab sample,2016-02-26,25
NI15-Ö39,6656903.98,160767.87,NI15-Ö39,Grab sample,2016-02-26,230
NI15-Ö40,6656920.487,160783.535,NI15-Ö40,Grab sample,2016-02-26,540
NI15-Ö41,6656921.408,160795.945,NI15-Ö41,Grab sample,2016-02-26,2200
NI15-Ö42A,6656904.5,160780.6,NI15-Ö42A,Grab sample,2016-02-26,700
NI15-Ö43,6656903.398,160674.984,NI15-Ö43,Grab sample,2016-02-26,61
NI15-Ö47,6656924.15,160898.41,NI15-Ö47,Piezometer,2016-02-26,360
NI16-Ö1,6656930.75,160894.85,NI16-Ö1,Piezometer,2016-02-26,2200
NI16-Ö10,6656949.46,160952.43,NI16-Ö10,Piezometer,2016-02-26,3.5
NI16-Ö11,6656955.15,160944.9147,NI16-Ö11,Grab sample,2016-02-26,77
NI16-Ö13,6656916.13,160986.1,NI16-Ö13,Grab sample,2016-02-26,45
NI16-Ö2,6656927.63,160895.94,NI16-Ö2,Piezometer,2016-02-26,270
NI16-Ö3,6656921.16,160795.67,NI16-Ö3,Piezometer,2016-02-26,16
NI16-Ö4,6656921.09,160783.53,NI16-Ö4,Piezometer,2016-02-26,88
NI16-Ö5,6656908.33,160773.45,NI16-Ö5,Piezometer,2016-02-26,2000
NI16-Ö6,6656903.3,160780,NI16-Ö6,Piezometer,2016-02-26,13
NI16-Ö7,6656875.39,160819.8,NI16-Ö7,Piezometer,2016-02-26,2500
NI16-Ö8,6656952.19,160946.74,NI16-Ö8,Piezometer,2016-02-26,140
NI16-Ö9,6656951.93,160951.21,NI16-Ö9,Piezometer,2016-02-26,1.6
NI15-Ö1,6656881.177,160996.519,NI15-Ö1,Piezometer,2015-12-01,95
NI15-Ö10,6656882.251,160999.744,NI15-Ö10,Piezometer,2015-12-01,470
NI15-Ö11,6656880.616,160997.242,NI15-Ö11,Piezometer,2015-12-01,6.1
NI15-Ö12,6656881.711,160996.141,NI15-Ö12,Piezometer,2015-12-01,980
NI15-Ö15,6656951.921,160918.647,NI15-Ö15,Piezometer,2015-12-01,0.29
NI15-Ö16,6656956,160924.1,NI15-Ö16,Piezometer,2015-12-01,0.15
NI15-Ö17,6656961.799,160920.153,NI15-Ö17,Piezometer,2015-12-01,9.3
NI15-Ö2,6656877.195,160994.12,NI15-Ö2,Piezometer,2015-12-01,0.22
NI15-Ö26,6657066.322,161138.16,NI15-Ö26,Grab sample,2015-12-01,"<0,020"
NI15-Ö27,6657001.735,161098.632,NI15-Ö27,Grab sample,2015-12-01,"<0,020"
NI15-Ö28,6656872.18,161069.306,NI15-Ö28,Grab sample,2015-12-01,"<0,020"
NI15-Ö29,6656868.85,161021.5,NI15-Ö29,Grab sample,2015-12-01,0.13
NI15-Ö30,6656897.07,160993.06,NI15-Ö30,Grab sample,2015-12-01,1.2
NI15-Ö31,6656924.63,160946.14,NI15-Ö31,Grab sample,2015-12-01,2.6
NI15-Ö32,6656942.37,160935.27,NI15-Ö32,Grab sample,2015-12-01,3
NI15-Ö33,6656943.166,160907.726,NI15-Ö33,Grab sample,2015-12-01,4.2
NI15-Ö34,6656930.75,160894.85,NI15-Ö34,Grab sample,2015-12-01,460
NI15-Ö35,6656923.22,160897.84,NI15-Ö35,Grab sample,2015-12-01,3.2
NI15-Ö36,6656898.69,160880.45,NI15-Ö36,Grab sample,2015-12-01,4.4
NI15-Ö37,6656871.72,160821.78,NI15-Ö37,Grab sample,2015-12-01,4
NI15-Ö38,6656895.12,160805.24,NI15-Ö38,Grab sample,2015-12-01,5
NI15-Ö39,6656903.98,160767.87,NI15-Ö39,Grab sample,2015-12-01,12
NI15-Ö40,6656920.487,160783.535,NI15-Ö40,Grab sample,2015-12-01,320
NI15-Ö41,6656921.408,160795.945,NI15-Ö41,Grab sample,2015-12-01,1000
NI15-Ö42,6656912.57,160855.82,NI15-Ö42,Grab sample,2015-12-01,0.14
NI15-Ö43,6656903.398,160674.984,NI15-Ö43,Grab sample,2015-12-01,8
NI15-Ö44,6656902.07,160989.29,NI15-Ö44,Piezometer,2015-12-01,260
NI15-Ö45,6656905.01,160986.8,NI15-Ö45,Piezometer,2015-12-01,47
NI15-Ö46,6656962.48,160918.9,NI15-Ö46,Piezometer,2015-12-01,37
NI15-Ö47,6656924.15,160898.41,NI15-Ö47,Piezometer,2015-12-01,67
NI15-Ö48,6656905.54,160770.48,NI15-Ö48,Piezometer,2015-12-01,56
NI15-Ö9,6656898.167,160992.856,NI15-Ö9,Piezometer,2015-12-01,24
